raceId,driverId,total_stops,avg_stop_time,min_stop_time,total_pit_time
841,1,2,23.213,23.199,46.426
841,2,2,24.046,22.994,48.092
841,3,1,23.716,23.716,23.716
841,4,3,24.055,23.251,72.165
841,5,1,24.865,24.865,24.865
841,10,1,23.792,23.792,23.792
841,13,3,24.146,23.842,72.437
841,15,2,24.874,24.848,49.747
841,16,2,24.925,23.871,49.849
841,17,3,24.059,22.52,72.176
841,18,3,20.95,16.867,62.851
841,20,2,23.32,22.603,46.639
841,22,4,26.175,16.892,104.7
841,30,2,24.504,23.988,49.009
841,67,2,24.221,23.1,48.442
841,153,3,25.903,24.463,77.709
841,155,2,24.128,24.064,48.256
841,808,2,25.109,24.535,50.218
841,814,2,24.598,24.332,49.195
841,815,1,23.438,23.438,23.438
841,816,2,25.852,25.259,51.705
842,1,4,23.253,22.466,93.011
842,2,3,23.241,22.602,69.723
842,3,3,23.357,22.526,70.07
842,4,4,24.51,23.152,98.04
842,5,2,26.21,23.336,52.42
842,10,2,24.523,24.429,49.046
842,13,3,24.886,22.541,74.658
842,15,1,25.516,25.516,25.516
842,16,3,25.43,22.046,76.29
842,17,4,22.198,21.991,88.793
842,18,3,22.451,22.4,67.354
842,20,3,22.408,21.893,67.225
842,22,2,28.74,24.502,57.48
842,24,3,31.064,26.554,93.192
842,30,3,22.355,22.227,67.064
842,67,3,26.854,23.28,80.562
842,153,2,23.236,22.888,46.472
842,155,2,23.361,23.28,46.722
842,808,3,24.852,22.68,74.556
842,814,3,23.056,22.419,69.169
842,815,1,23.597,23.597,23.597
842,816,2,25.334,24.416,50.668
843,1,3,20.659,20.533,61.978
843,2,2,22.019,21.821,44.037
843,3,3,21.165,20.72,63.496
843,4,2,21.888,21.251,43.775
843,5,2,22.188,21.89,44.375
843,10,3,26.139,21.908,78.418
843,13,2,21.396,21.168,42.792
843,15,2,22.644,22.26,45.289
843,16,3,23.585,20.989,70.755
843,17,3,21.888,21.091,65.665
843,18,3,21.925,20.758,65.774
843,20,2,21.764,21.533,43.528
843,22,2,21.595,21.481,43.19
843,24,3,20.709,14.16,62.126
843,30,3,21.295,20.522,63.886
843,39,1,26.049,26.049,26.049
843,67,3,22.887,21.928,68.66
843,153,1,22.419,22.419,22.419
843,155,2,21.896,21.855,43.791
843,808,2,21.993,21.981,43.986
843,813,3,24.281,22.062,72.842
843,814,2,21.604,21.218,43.207
843,815,4,21.904,13.9,87.615
843,816,2,22.852,22.802,45.703
844,1,4,24.909,20.833,99.637
844,2,4,21.744,20.872,86.975
844,3,4,21.189,20.308,84.757
844,4,4,21.53,21.308,86.121
844,5,3,22.534,21.633,67.601
844,13,4,23.375,21.322,93.5
844,15,3,22.716,22.219,68.147
844,16,3,21.246,21.006,63.739
844,17,4,21.1,20.421,84.401
844,18,3,21.808,21.368,65.424
844,20,4,20.402,20.112,81.609
844,22,3,22.424,21.687,67.272
844,24,4,37.493,24.634,149.973
844,30,4,23.016,20.379,92.065
844,39,3,25.596,24.474,76.789
844,67,3,21.976,21.769,65.929
844,153,4,22.114,21.826,88.456
844,155,3,22.577,21.82,67.731
844,808,4,21.561,21.323,86.245
844,813,4,20.547,13.925,82.188
844,814,4,20.999,20.775,83.995
844,815,4,24.061,21.715,96.245
844,816,2,23.808,22.779,47.616
845,1,4,20.364,19.761,81.457
845,2,3,21.357,20.796,64.071
845,3,3,20.192,19.534,60.576
845,4,4,20.481,20.238,81.923
845,5,3,21.631,20.807,64.894
845,10,3,21.849,21.17,65.546
845,13,3,21.618,20.8,64.854
845,15,3,22.363,21.723,67.088
845,16,3,21.423,20.267,64.27
845,17,4,20.306,19.984,81.223
845,18,3,20.295,20.015,60.885
845,20,4,20.214,19.887,80.858
845,22,4,23.112,20.637,92.449
845,24,1,23.157,23.157,23.157
845,30,3,20.341,20.084,61.022
845,39,3,24.53,24.298,73.589
845,67,3,22.127,20.818,66.382
845,153,4,21.444,20.741,85.775
845,155,3,22.166,20.5,66.499
845,808,3,22.609,21.739,67.827
845,813,4,22.79,21.574,91.161
845,814,3,20.256,20.07,60.769
845,815,3,22.188,21.143,66.564
845,816,3,22.622,21.708,67.866
846,1,3,25.923,19.347,77.769
846,2,2,26.066,25.851,52.132
846,3,3,25.205,25.116,75.615
846,4,2,28.367,25.352,56.734
846,5,2,26.178,25.878,52.355
846,10,1,26.827,26.827,26.827
846,13,1,26.615,26.615,26.615
846,15,2,25.83,25.595,51.66
846,16,2,26.458,25.037,52.916
846,17,2,32.002,26.269,64.004
846,18,3,25.457,24.67,76.371
846,20,1,28.536,28.536,28.536
846,22,2,25.798,25.675,51.596
846,24,1,28.298,28.298,28.298
846,30,1,35.084,35.084,35.084
846,39,2,34.121,28.325,68.242
846,67,2,25.559,25.045,51.118
846,153,2,26.728,25.907,53.457
846,155,1,28.642,28.642,28.642
846,808,1,28.856,28.856,28.856
846,813,2,26.078,25.687,52.155
846,814,3,30.519,19.36,91.556
846,816,2,27.02,26.464,54.041
847,2,2,23.239,23.113,46.477
847,3,4,22.882,22.702,91.528
847,4,3,25.457,23.893,76.37
847,5,1,44.037,44.037,44.037
847,10,2,24.752,24.425,49.504
847,13,4,24.633,22.56,98.534
847,15,3,33.385,23.332,100.156
847,16,4,23.497,14.565,93.989
847,17,3,24.906,22.402,74.718
847,18,6,23.511,14.501,141.067
847,20,3,23.119,22.526,69.356
847,22,4,24.028,23.059,96.114
847,24,3,31.792,27.202,95.377
847,30,4,23.592,22.832,94.369
847,37,2,27.164,24.039,54.327
847,39,2,29.328,29.115,58.655
847,67,4,24.782,23.949,99.129
847,153,3,24.749,23.338,74.246
847,155,2,24.152,23.687,48.305
847,808,2,23.98,23.816,47.961
847,813,5,25.502,23.571,127.508
847,814,4,22.194,14.538,88.776
847,816,5,24.909,14.538,124.547
848,1,3,20.529,20.212,61.587
848,2,3,21.957,21.472,65.871
848,3,3,21.832,20.896,65.497
848,4,3,20.721,20.136,62.164
848,5,3,22.333,21.126,66.999
848,10,2,21.965,21.9,43.93
848,13,3,22.22,20.404,66.659
848,15,2,22.729,22.131,45.458
848,16,3,20.666,20.286,61.998
848,17,3,20.384,20.319,61.151
848,18,3,20.6,20.325,61.801
848,20,3,20.593,20.331,61.778
848,22,3,21.237,21.163,63.711
848,24,3,23.153,22.235,69.46
848,30,3,24.345,21.168,73.034
848,39,3,26.255,24.675,78.764
848,67,3,20.925,20.46,62.776
848,153,2,21.247,21.103,42.494
848,155,2,22.019,20.545,44.037
848,808,3,21.459,21.105,64.377
848,813,3,21.532,21.301,64.596
848,814,3,20.818,20.567,62.454
848,815,1,21.939,21.939,21.939
848,816,2,22.096,21.943,44.193
849,1,3,24.168,23.34,72.505
849,2,2,24.575,24.434,49.15
849,3,2,24.56,24.399,49.121
849,4,3,24.671,23.474,74.014
849,10,2,25.188,24.959,50.375
849,13,3,23.775,23.238,71.326
849,16,3,25.685,24.077,77.054
849,17,3,24.416,23.785,73.248
849,18,3,24.216,23.292,72.649
849,20,3,26.504,23.137,79.513
849,22,2,24.908,23.955,49.815
849,24,2,26.074,25.505,52.148
849,30,3,28.881,24.651,86.644
849,67,2,25.45,24.62,50.899
849,153,2,24.407,24.095,48.814
849,155,2,29.999,28.448,59.999
849,808,2,24.526,24.172,49.052
849,813,3,24.793,23.869,74.379
849,814,3,34.458,26.612,103.374
849,815,2,25.502,25.386,51.005
849,816,2,27.085,25.428,54.17
849,817,2,26.407,25.872,52.814
850,1,3,20.627,20.403,61.881
850,3,3,20.457,20.047,61.37
850,4,3,20.147,19.975,60.44
850,5,2,21.632,21.175,43.263
850,10,2,21.752,21.252,43.504
850,13,3,20.811,20.185,62.432
850,16,2,20.859,20.839,41.718
850,17,3,20.688,20.324,62.063
850,18,1,20.952,20.952,20.952
850,20,3,20.259,20.11,60.778
850,24,1,22.048,22.048,22.048
850,30,3,20.332,19.93,60.997
850,67,2,24.127,20.954,48.255
850,153,2,21.376,21.062,42.751
850,155,2,21.074,20.882,42.149
850,808,2,21.01,20.572,42.021
850,812,3,25.556,22.331,76.668
850,813,2,21.329,21.057,42.658
850,814,2,23.106,22.535,46.211
850,815,2,24.446,21.645,48.892
850,816,2,22.175,20.762,44.35
850,817,2,23.186,22.319,46.372
851,1,6,19.867,13.173,119.2
851,2,2,23.402,21.371,46.805
851,3,4,21.128,19.939,84.513
851,4,4,21.539,19.936,86.156
851,5,5,21.998,20.99,109.988
851,10,3,21.255,20.613,63.764
851,13,4,21.76,21.138,87.041
851,15,1,23.118,23.118,23.118
851,16,4,21.447,20.589,85.79
851,17,5,20.673,20.0,103.364
851,18,3,20.966,20.046,62.897
851,20,3,20.322,19.664,60.965
851,22,5,24.514,20.58,122.572
851,24,5,23.888,22.458,119.441
851,30,2,21.01,20.071,42.019
851,67,3,21.39,20.36,64.169
851,153,3,22.544,21.345,67.631
851,155,3,22.612,21.258,67.835
851,808,4,23.172,21.353,92.688
851,813,5,20.77,13.186,103.85
851,814,3,21.333,20.801,63.998
851,815,4,19.226,13.201,76.903
851,816,4,29.643,20.916,118.572
851,817,3,22.686,21.651,68.058
852,1,1,21.895,21.895,21.895
852,3,2,22.13,21.171,44.261
852,4,2,21.118,20.994,42.237
852,5,3,24.285,22.009,72.854
852,10,4,23.733,13.914,94.931
852,13,3,21.869,21.485,65.608
852,15,2,21.822,21.484,43.643
852,16,2,21.878,20.983,43.756
852,17,2,20.981,20.947,41.962
852,18,3,23.147,21.64,69.442
852,20,3,21.032,20.786,63.095
852,22,3,30.35,21.478,91.049
852,24,2,26.362,21.766,52.725
852,30,3,20.566,20.153,61.698
852,155,2,22.715,21.269,45.43
852,808,2,21.687,21.395,43.374
852,811,3,21.84,13.968,65.519
852,813,2,21.862,21.421,43.724
852,814,2,21.342,21.334,42.684
852,815,3,21.355,14.089,64.064
852,816,2,22.526,22.114,45.053
852,817,1,23.78,23.78,23.78
853,1,2,21.98,21.876,43.959
853,4,2,22.264,21.989,44.528
853,5,2,22.954,22.611,45.909
853,10,2,23.966,22.784,47.931
853,13,2,21.984,21.821,43.969
853,15,2,26.906,23.42,53.811
853,18,2,21.877,21.66,43.755
853,20,2,21.751,21.378,43.502
853,22,2,26.286,23.414,52.571
853,30,2,22.362,22.014,44.723
853,67,2,24.16,24.086,48.32
853,153,2,22.133,21.988,44.267
853,155,2,25.245,22.939,50.489
853,811,3,22.651,22.273,67.952
853,813,2,22.838,22.614,45.677
853,814,2,22.47,21.87,44.939
853,817,1,30.777,30.777,30.777
854,1,5,29.704,24.342,148.522
854,3,3,29.742,29.417,89.227
854,4,3,30.327,29.972,90.98
854,5,3,31.677,31.207,95.03
854,13,4,31.026,30.29,124.102
854,15,3,31.844,31.048,95.533
854,16,2,32.068,30.718,64.136
854,17,3,30.693,30.413,92.079
854,18,3,30.132,29.921,90.395
854,20,3,30.543,30.023,91.628
854,22,2,30.5,30.456,61.0
854,24,4,35.264,31.687,141.058
854,30,2,29.542,29.473,59.083
854,67,3,32.32,31.394,96.96
854,153,3,29.028,24.299,87.083
854,155,4,29.412,24.715,117.65
854,808,3,30.639,30.485,91.917
854,811,4,33.518,30.832,134.073
854,813,3,30.517,30.187,91.552
854,814,2,30.234,29.764,60.468
854,815,2,32.077,30.81,64.154
854,816,2,31.678,31.592,63.355
854,817,3,37.337,33.058,112.01
855,1,3,21.735,21.091,65.204
855,3,3,20.683,20.575,62.049
855,4,3,21.066,20.731,63.197
855,5,3,21.821,21.412,65.463
855,10,3,23.389,21.726,70.166
855,13,3,21.209,21.1,63.627
855,15,3,22.008,21.636,66.025
855,16,3,21.562,21.337,64.687
855,17,3,21.548,21.369,64.644
855,18,3,20.935,20.713,62.805
855,20,3,21.892,21.596,65.675
855,22,3,22.252,21.89,66.756
855,24,3,25.197,22.631,75.591
855,30,3,21.372,20.667,64.116
855,67,1,21.849,21.849,21.849
855,153,2,22.188,21.792,44.376
855,155,2,23.281,22.299,46.562
855,808,2,21.068,20.832,42.136
855,811,2,24.196,22.466,48.393
855,813,3,21.142,21.012,63.426
855,814,3,21.827,21.553,65.481
855,815,2,23.058,21.655,46.116
855,816,3,23.18,22.258,69.54
855,817,3,23.268,22.91,69.805
856,1,2,20.715,20.584,41.43
856,3,2,20.432,20.091,40.863
856,4,2,20.809,20.639,41.617
856,5,2,22.31,21.951,44.62
856,10,2,22.507,22.481,45.014
856,13,2,22.361,21.08,44.722
856,15,2,22.646,22.441,45.292
856,16,2,23.368,21.916,46.736
856,17,2,20.814,20.8,41.628
856,18,2,20.762,20.758,41.524
856,20,2,20.078,19.985,40.155
856,22,2,22.034,21.722,44.069
856,24,3,24.005,22.092,72.015
856,30,1,20.238,20.238,20.238
856,67,2,22.045,21.992,44.09
856,153,2,22.313,22.301,44.626
856,155,3,22.891,21.472,68.673
856,808,1,21.478,21.478,21.478
856,811,2,21.528,21.163,43.056
856,813,3,19.196,13.984,57.588
856,814,2,21.568,21.06,43.135
856,815,3,21.527,21.225,64.581
856,816,2,24.658,22.412,49.317
856,817,2,22.656,22.115,45.311
857,1,3,23.965,22.172,71.895
857,3,2,22.064,21.149,44.127
857,4,2,21.814,21.755,43.628
857,5,2,22.114,22.001,44.227
857,10,1,27.378,27.378,27.378
857,13,3,21.462,14.919,64.386
857,15,3,29.259,22.894,87.778
857,16,2,21.7,21.424,43.401
857,17,2,21.316,21.24,42.632
857,18,2,21.465,21.092,42.93
857,20,2,21.432,21.415,42.864
857,22,2,27.994,22.339,55.989
857,30,2,21.188,20.893,42.375
857,39,2,23.825,23.605,47.651
857,67,1,22.579,22.579,22.579
857,153,2,22.97,22.856,45.94
857,808,2,24.828,22.519,49.656
857,811,2,21.934,21.723,43.867
857,814,3,22.22,20.984,66.659
857,815,2,23.732,22.676,47.465
857,816,2,22.58,22.472,45.159
857,817,3,32.026,25.074,96.077
858,1,2,19.394,19.35,38.789
858,3,2,19.846,19.785,39.692
858,4,2,20.762,20.211,41.525
858,5,2,20.899,20.652,41.798
858,10,2,21.176,20.561,42.353
858,13,2,20.253,20.035,40.506
858,15,2,20.808,20.791,41.615
858,16,2,20.485,20.356,40.97
858,17,3,21.569,19.525,64.707
858,18,2,20.604,20.301,41.209
858,22,2,22.376,20.534,44.753
858,24,1,21.247,21.247,21.247
858,30,2,20.149,19.66,40.298
858,153,2,32.468,21.363,64.937
858,155,2,21.47,19.833,42.941
858,808,2,20.353,19.968,40.706
858,811,3,18.057,12.959,54.171
858,813,2,16.549,12.897,33.098
858,814,1,20.216,20.216,20.216
858,815,2,22.316,19.979,44.633
858,817,2,22.443,21.693,44.885
859,1,3,20.725,20.396,62.176
859,3,2,20.716,20.658,41.431
859,4,3,20.73,20.664,62.189
859,5,3,22.115,21.478,66.345
859,10,1,22.452,22.452,22.452
859,13,2,21.374,21.053,42.749
859,15,2,22.086,21.555,44.171
859,16,3,21.045,20.9,63.135
859,17,3,20.842,20.755,62.526
859,18,3,21.542,21.038,64.626
859,20,3,21.224,20.652,63.673
859,22,3,21.922,21.537,65.765
859,24,2,22.831,22.666,45.662
859,30,3,22.545,20.782,67.636
859,67,2,22.439,22.417,44.878
859,153,2,22.314,21.855,44.628
859,155,2,23.174,21.231,46.348
859,808,3,22.017,21.169,66.052
859,811,4,20.336,14.029,81.346
859,813,1,21.561,21.561,21.561
859,814,2,21.256,20.745,42.512
859,815,2,21.779,21.337,43.558
859,816,2,22.7,21.859,45.401
859,817,2,23.188,22.904,46.377
860,1,2,23.163,22.862,46.326
860,3,2,23.11,23.017,46.22
860,4,2,21.972,21.91,43.945
860,5,3,25.955,24.397,77.865
860,8,2,24.096,23.31,48.191
860,10,2,25.684,25.046,51.368
860,13,3,22.315,22.103,66.944
860,17,2,23.108,22.915,46.217
860,18,2,23.056,22.837,46.112
860,20,2,24.194,24.131,48.387
860,155,2,24.754,24.162,49.508
860,808,1,24.579,24.579,24.579
860,811,3,26.421,23.777,79.264
860,813,2,23.296,23.166,46.593
860,814,2,24.756,24.579,49.512
860,815,1,23.882,23.882,23.882
860,817,3,26.641,23.257,79.924
860,818,2,23.386,23.203,46.772
860,819,3,30.458,17.088,91.375
861,1,3,26.19,24.271,78.57
861,3,4,24.27,23.05,97.08
861,4,3,23.35,22.534,70.051
861,5,4,28.923,23.782,115.691
861,8,3,25.857,24.927,77.57
861,10,3,25.382,25.096,76.146
861,13,4,24.63,23.13,98.518
861,17,3,24.7,23.195,74.101
861,18,5,26.746,23.477,133.73
861,20,4,24.649,22.998,98.597
861,30,3,23.696,22.163,71.088
861,37,3,27.685,15.684,83.054
861,39,2,32.288,27.7,64.576
861,155,3,26.013,23.662,78.039
861,807,3,23.588,23.358,70.763
861,808,3,28.137,24.718,84.412
861,811,4,26.52,23.824,106.079
861,813,4,23.635,21.621,94.539
861,814,3,23.006,22.175,69.019
861,815,3,24.911,24.52,74.734
861,817,4,24.067,22.61,96.267
861,818,2,23.78,23.343,47.559
861,819,3,32.694,29.317,98.083
862,1,3,20.59,20.177,61.771
862,3,2,20.879,20.645,41.758
862,4,3,20.152,20.024,60.456
862,5,3,27.689,22.606,83.067
862,8,2,21.464,21.433,42.927
862,10,2,21.421,21.327,42.842
862,13,2,20.15,20.051,40.301
862,17,3,20.441,20.377,61.322
862,18,3,22.552,20.474,67.655
862,20,2,21.298,21.146,42.595
862,30,1,21.746,21.746,21.746
862,37,2,23.561,23.488,47.122
862,39,2,24.044,23.151,48.088
862,154,2,23.51,21.184,47.019
862,155,3,21.453,21.012,64.358
862,807,2,26.717,21.027,53.434
862,808,2,21.929,21.851,43.858
862,811,2,21.254,21.184,42.507
862,813,2,21.399,21.229,42.798
862,814,2,20.696,20.387,41.393
862,815,2,22.787,22.565,45.574
862,817,2,22.101,21.884,44.202
862,818,3,22.996,22.531,68.989
862,819,3,19.955,13.981,59.866
863,1,3,27.553,23.696,82.659
863,3,3,22.34,21.888,67.019
863,4,3,22.917,22.094,68.75
863,5,4,23.796,23.173,95.182
863,8,3,22.457,22.362,67.371
863,10,3,25.335,22.933,76.004
863,13,3,22.486,21.938,67.458
863,17,3,22.197,21.705,66.59
863,18,4,22.961,22.27,91.845
863,20,3,22.178,21.8,66.534
863,30,3,22.092,21.979,66.276
863,37,3,24.06,23.42,72.181
863,39,4,25.458,24.317,101.834
863,154,3,22.968,22.763,68.905
863,155,3,24.341,22.758,73.022
863,807,3,22.473,22.413,67.419
863,808,3,23.333,23.167,69.999
863,811,3,22.837,22.31,68.511
863,813,2,22.599,22.33,45.198
863,814,2,22.276,22.069,44.552
863,815,3,23.253,22.924,69.76
863,817,3,23.54,22.295,70.619
863,818,3,22.786,22.241,68.357
863,819,1,24.02,24.02,24.02
864,1,2,20.972,19.98,41.943
864,3,3,20.253,20.059,60.758
864,4,3,19.863,19.456,59.589
864,5,3,21.71,21.275,65.131
864,8,3,20.384,19.777,61.151
864,10,3,20.884,20.669,62.653
864,13,4,18.933,13.259,75.733
864,17,3,21.704,20.119,65.112
864,18,3,20.427,19.888,61.282
864,20,4,19.712,13.335,78.847
864,30,1,20.113,20.113,20.113
864,37,4,21.856,21.471,87.424
864,39,2,22.016,21.518,44.033
864,154,3,20.824,20.223,62.473
864,155,3,21.317,20.381,63.952
864,807,3,20.531,20.515,61.594
864,808,3,23.248,21.817,69.745
864,813,3,21.222,20.218,63.667
864,814,3,20.511,19.867,61.534
864,815,3,23.817,21.055,71.45
864,817,3,20.425,20.059,61.274
864,818,3,21.164,20.388,63.493
864,819,2,21.137,20.936,42.274
865,1,1,25.748,25.748,25.748
865,3,1,24.874,24.874,24.874
865,4,1,25.22,25.22,25.22
865,5,2,28.679,26.066,57.359
865,8,1,26.38,26.38,26.38
865,10,2,31.035,25.567,62.07
865,13,1,24.993,24.993,24.993
865,17,1,25.566,25.566,25.566
865,18,1,25.219,25.219,25.219
865,20,1,25.079,25.079,25.079
865,30,1,25.117,25.117,25.117
865,39,2,27.14,26.973,54.279
865,155,1,28.39,28.39,28.39
865,807,1,26.447,26.447,26.447
865,808,1,39.391,39.391,39.391
865,811,1,26.41,26.41,26.41
865,814,1,25.642,25.642,25.642
865,815,2,22.672,19.677,45.343
865,817,1,25.335,25.335,25.335
865,818,2,26.11,26.063,52.22
865,819,1,27.186,27.186,27.186
866,1,2,21.952,21.375,43.905
866,3,2,21.2,21.179,42.401
866,4,1,21.133,21.133,21.133
866,5,2,21.718,21.704,43.437
866,8,1,21.534,21.534,21.534
866,10,1,25.52,25.52,25.52
866,13,2,21.121,21.115,42.243
866,17,2,21.226,21.199,42.453
866,18,3,21.652,21.363,64.956
866,20,2,22.034,21.639,44.067
866,30,2,22.166,21.807,44.331
866,154,1,21.83,21.83,21.83
866,155,1,21.453,21.453,21.453
866,807,2,24.121,23.66,48.243
866,808,2,21.646,21.403,43.291
866,811,1,22.781,22.781,22.781
866,813,1,22.704,22.704,22.704
866,814,2,21.612,21.489,43.223
866,815,1,21.407,21.407,21.407
866,817,2,21.624,21.558,43.247
866,818,3,20.027,14.641,60.082
866,819,1,23.291,23.291,23.291
867,1,2,25.218,19.355,50.436
867,3,2,20.37,20.115,40.74
867,4,2,20.254,19.789,40.507
867,5,2,22.742,21.04,45.485
867,8,2,21.491,21.103,42.982
867,13,4,25.035,20.126,100.141
867,17,2,20.234,20.222,40.468
867,18,2,19.943,19.64,39.886
867,20,2,20.19,20.023,40.38
867,30,2,20.259,20.041,40.518
867,37,2,23.126,23.125,46.252
867,39,3,21.36,14.78,64.08
867,154,2,21.831,20.479,43.662
867,155,2,24.395,23.071,48.79
867,807,2,20.765,20.332,41.53
867,808,4,23.539,20.726,94.157
867,811,2,21.55,14.659,43.099
867,813,2,21.434,21.342,42.867
867,814,1,20.295,20.295,20.295
867,815,2,20.968,20.904,41.936
867,817,2,21.903,21.209,43.806
867,818,1,21.303,21.303,21.303
867,819,2,27.237,22.838,54.474
868,1,2,24.751,24.498,49.501
868,3,2,29.359,25.189,58.718
868,4,2,25.185,24.998,50.37
868,5,2,26.315,26.196,52.63
868,8,2,25.726,25.581,51.452
868,10,2,25.703,25.241,51.406
868,13,2,25.218,25.11,50.435
868,17,2,25.516,25.179,51.033
868,18,2,24.95,24.762,49.9
868,20,2,25.574,25.319,51.148
868,30,2,25.745,25.552,51.49
868,37,1,27.715,27.715,27.715
868,39,2,28.926,27.944,57.852
868,154,2,29.794,25.388,59.589
868,155,2,33.026,26.845,66.053
868,807,2,25.752,25.444,51.504
868,811,2,26.278,25.983,52.556
868,813,2,29.349,25.63,58.698
868,814,1,32.79,32.79,32.79
868,815,1,25.192,25.192,25.192
868,817,2,25.62,25.613,51.239
868,818,2,26.344,26.2,52.689
868,819,2,26.239,26.164,52.477
869,1,3,19.162,17.598,57.487
869,3,3,18.343,17.894,55.03
869,4,2,17.756,17.57,35.512
869,5,4,21.602,18.801,86.407
869,8,2,17.868,17.735,35.737
869,10,2,20.176,18.952,40.351
869,13,3,20.622,19.137,61.866
869,17,2,17.772,17.29,35.543
869,18,2,17.349,16.831,34.698
869,20,2,17.686,17.512,35.371
869,30,3,18.196,17.928,54.588
869,37,2,20.257,19.85,40.514
869,39,2,19.458,19.382,38.917
869,154,3,25.299,20.388,75.897
869,155,2,19.04,18.904,38.081
869,807,3,18.364,18.286,55.093
869,808,3,18.826,18.323,56.479
869,811,3,28.359,18.313,85.077
869,813,3,18.98,18.085,56.941
869,814,2,17.934,17.899,35.867
869,815,2,18.171,18.143,36.342
869,817,2,18.182,17.99,36.364
869,818,3,19.092,18.425,57.275
869,819,2,18.606,17.821,37.212
870,1,2,19.748,19.059,39.495
870,3,2,20.492,20.352,40.984
870,4,2,19.517,19.365,39.034
870,5,3,21.067,20.567,63.202
870,8,2,19.929,19.772,39.859
870,10,2,20.86,20.383,41.72
870,13,2,19.949,19.917,39.898
870,17,3,19.391,19.175,58.172
870,18,3,19.615,19.083,58.846
870,20,3,19.225,18.964,57.675
870,30,3,18.346,13.199,55.038
870,37,2,22.104,21.877,44.209
870,39,2,21.645,21.259,43.29
870,154,2,21.191,20.231,42.382
870,155,2,20.15,20.065,40.299
870,807,2,20.672,20.607,41.343
870,808,3,20.726,20.515,62.177
870,811,2,20.408,20.213,40.817
870,813,3,17.755,13.206,53.265
870,814,2,20.406,20.352,40.812
870,815,2,20.268,20.216,40.536
870,817,3,20.056,19.63,60.167
870,818,4,19.866,19.6,79.465
870,819,2,21.146,20.915,42.293
871,3,2,20.798,20.534,41.596
871,5,2,37.068,21.931,74.137
871,8,2,20.336,20.289,40.672
871,10,2,21.562,20.66,43.123
871,13,2,20.678,20.306,41.355
871,17,2,20.647,20.385,41.293
871,18,1,19.668,19.668,19.668
871,20,1,20.811,20.811,20.811
871,30,2,21.25,20.835,42.499
871,37,3,25.399,22.064,76.198
871,39,2,23.238,22.523,46.476
871,155,3,23.674,21.669,71.023
871,807,2,21.424,20.696,42.848
871,808,2,23.576,21.18,47.152
871,811,2,21.86,21.69,43.72
871,813,1,21.842,21.842,21.842
871,814,2,21.258,21.115,42.517
871,817,2,20.673,20.287,41.347
871,818,2,20.868,20.66,41.737
871,819,1,21.611,21.611,21.611
872,1,1,20.736,20.736,20.736
872,3,2,22.1,21.854,44.2
872,4,1,21.515,21.515,21.515
872,5,2,22.324,21.91,44.647
872,8,1,21.73,21.73,21.73
872,10,2,25.664,22.581,51.328
872,13,1,22.161,22.161,22.161
872,17,1,21.556,21.556,21.556
872,18,1,23.375,23.375,23.375
872,20,2,18.656,15.008,37.311
872,30,2,22.278,22.247,44.557
872,37,1,23.488,23.488,23.488
872,39,1,31.745,31.745,31.745
872,155,1,22.874,22.874,22.874
872,807,1,22.746,22.746,22.746
872,808,2,22.496,22.182,44.993
872,811,1,22.985,22.985,22.985
872,813,2,22.392,21.814,44.784
872,814,1,22.19,22.19,22.19
872,815,1,22.472,22.472,22.472
872,816,1,21.962,21.962,21.962
872,817,1,21.72,21.72,21.72
872,819,2,23.042,22.046,46.085
873,1,1,29.124,29.124,29.124
873,3,2,29.617,29.546,59.233
873,4,2,29.374,29.19,58.747
873,5,3,30.257,30.099,90.771
873,8,2,29.52,29.37,59.039
873,10,2,31.496,30.977,62.992
873,13,3,30.272,29.403,90.816
873,17,3,29.328,29.304,87.985
873,18,2,29.84,29.662,59.681
873,20,2,30.127,29.117,60.254
873,30,2,30.608,30.338,61.217
873,37,3,36.589,32.625,109.768
873,39,1,32.436,32.436,32.436
873,154,2,31.916,31.753,63.833
873,155,3,32.56,30.693,97.681
873,807,3,31.859,30.363,95.577
873,808,4,34.512,30.341,138.048
873,811,3,30.61,30.317,91.829
873,813,3,30.585,30.234,91.755
873,814,2,30.528,30.029,61.055
873,815,2,30.13,30.043,60.26
873,817,2,30.391,29.789,60.781
873,818,2,30.198,29.898,60.397
873,819,2,30.74,30.647,61.481
874,1,2,20.471,19.794,40.942
874,5,2,22.747,22.678,45.494
874,8,2,21.062,20.901,42.123
874,10,2,21.091,20.662,42.182
874,13,2,20.857,20.778,41.714
874,17,2,26.577,20.691,53.153
874,18,2,20.666,20.233,41.332
874,20,2,20.427,20.346,40.854
874,30,2,20.511,20.379,41.022
874,37,2,24.387,22.487,48.774
874,39,1,23.227,23.227,23.227
874,154,3,27.755,21.143,83.265
874,155,2,20.772,20.762,41.545
874,807,2,21.348,21.007,42.695
874,808,3,18.995,14.25,56.985
874,811,4,21.191,14.608,84.764
874,813,2,21.24,21.118,42.479
874,814,2,21.204,21.063,42.407
874,815,1,21.273,21.273,21.273
874,817,2,21.73,21.516,43.46
874,818,2,21.98,21.431,43.959
874,819,2,31.924,21.343,63.848
875,1,3,19.954,19.447,59.862
875,4,2,20.01,19.93,40.02
875,5,2,21.693,21.489,43.385
875,8,2,20.612,20.211,41.223
875,10,2,21.414,20.494,42.828
875,13,2,20.731,20.607,41.462
875,17,2,19.714,19.616,39.427
875,20,2,19.816,19.801,39.631
875,30,2,20.182,20.087,40.363
875,39,1,22.749,22.749,22.749
875,154,2,21.308,20.935,42.616
875,155,2,23.495,13.986,46.989
875,807,2,21.554,20.982,43.107
875,808,2,21.929,21.581,43.859
875,811,2,22.35,21.886,44.699
875,813,1,21.137,21.137,21.137
875,814,2,20.511,20.218,41.023
875,815,2,22.588,20.767,45.175
875,817,2,20.478,20.151,40.955
875,818,2,21.026,20.865,42.053
875,819,2,21.66,21.302,43.321
876,1,1,20.852,20.852,20.852
876,3,1,21.49,21.49,21.49
876,4,1,20.8,20.8,20.8
876,5,1,22.967,22.967,22.967
876,8,1,21.404,21.404,21.404
876,10,1,27.303,27.303,27.303
876,13,1,21.1,21.1,21.1
876,17,1,20.808,20.808,20.808
876,18,1,21.509,21.509,21.509
876,20,1,20.707,20.707,20.707
876,30,2,23.179,21.322,46.358
876,37,1,23.83,23.83,23.83
876,39,1,24.544,24.544,24.544
876,154,1,20.976,20.976,20.976
876,155,1,22.726,22.726,22.726
876,807,1,21.654,21.654,21.654
876,808,1,22.445,22.445,22.445
876,811,1,22.047,22.047,22.047
876,813,2,25.028,22.003,50.056
876,814,1,23.948,23.948,23.948
876,815,2,22.922,21.336,45.844
876,817,1,22.637,22.637,22.637
876,818,2,23.378,21.658,46.755
876,819,1,22.692,22.692,22.692
877,3,1,29.277,29.277,29.277
877,4,1,19.368,19.368,19.368
877,5,1,23.032,23.032,23.032
877,8,1,20.278,20.278,20.278
877,10,1,19.884,19.884,19.884
877,13,1,19.585,19.585,19.585
877,17,1,19.066,19.066,19.066
877,18,1,19.455,19.455,19.455
877,20,2,22.44,19.918,44.88
877,30,2,20.486,19.701,40.971
877,37,1,22.272,22.272,22.272
877,154,2,23.537,21.017,47.074
877,155,1,19.529,19.529,19.529
877,808,1,20.769,20.769,20.769
877,811,1,22.587,22.587,22.587
877,813,1,20.723,20.723,20.723
877,814,3,22.255,19.829,66.764
877,815,3,26.592,19.486,79.775
877,817,2,20.676,20.122,41.353
877,818,2,20.102,19.885,40.204
877,819,1,21.941,21.941,21.941
878,1,1,20.814,20.814,20.814
878,3,1,21.346,21.346,21.346
878,4,1,24.439,24.439,24.439
878,5,1,22.713,22.713,22.713
878,8,1,24.84,24.84,24.84
878,10,1,23.092,23.092,23.092
878,13,1,21.52,21.52,21.52
878,18,1,21.445,21.445,21.445
878,20,1,20.904,20.904,20.904
878,30,2,21.78,21.297,43.56
878,37,1,24.798,24.798,24.798
878,39,1,24.497,24.497,24.497
878,154,1,21.19,21.19,21.19
878,155,1,24.079,24.079,24.079
878,807,1,22.099,22.099,22.099
878,808,1,22.762,22.762,22.762
878,811,1,22.143,22.143,22.143
878,813,1,22.342,22.342,22.342
878,814,2,22.471,22.444,44.942
878,815,1,22.079,22.079,22.079
878,817,1,22.651,22.651,22.651
878,819,1,22.379,22.379,22.379
879,1,2,23.008,21.606,46.016
879,3,4,25.214,21.806,100.854
879,4,3,22.445,21.862,67.334
879,5,5,25.858,21.849,129.292
879,8,3,25.527,21.541,76.581
879,10,4,23.263,21.442,93.053
879,13,3,22.234,21.68,66.703
879,17,3,21.788,21.006,65.365
879,18,2,21.503,21.456,43.006
879,20,4,23.3,20.997,93.201
879,30,4,23.134,21.827,92.536
879,37,4,25.561,24.51,102.245
879,39,4,26.239,23.625,104.957
879,155,3,28.114,24.254,84.343
879,807,3,19.242,14.128,57.725
879,808,3,24.395,22.702,73.185
879,814,3,24.03,21.364,72.089
879,817,5,22.072,21.182,110.36
879,818,4,22.925,21.302,91.701
879,819,3,23.418,22.746,70.255
880,1,3,21.983,21.778,65.948
880,3,1,22.274,22.274,22.274
880,4,3,21.701,21.606,65.102
880,8,2,22.445,22.181,44.89
880,13,3,21.591,21.509,64.774
880,16,2,22.721,22.693,45.442
880,17,3,22.491,21.515,67.472
880,18,3,22.464,21.538,67.391
880,20,3,22.036,21.596,66.107
880,154,3,22.302,22.133,66.906
880,813,1,23.099,23.099,23.099
880,814,2,23.03,23.01,46.061
880,815,3,22.462,21.705,67.386
880,817,2,23.806,23.435,47.612
880,818,3,23.641,23.074,70.922
880,819,2,23.452,23.394,46.903
880,820,3,30.117,22.948,90.35
880,821,2,22.316,22.315,44.631
880,822,3,23.601,23.215,70.803
880,823,3,23.952,23.834,71.855
880,824,3,23.142,22.669,69.427
881,1,4,22.304,21.271,89.218
881,3,4,21.606,21.079,86.423
881,8,3,23.495,21.903,70.485
881,13,4,21.642,20.97,86.569
881,16,1,37.833,37.833,37.833
881,17,4,20.849,20.736,83.396
881,18,2,21.738,21.028,43.476
881,20,4,21.178,20.757,84.713
881,154,3,22.101,21.812,66.302
881,807,4,22.63,21.699,90.522
881,813,3,26.667,22.703,80.001
881,814,1,43.713,43.713,43.713
881,815,4,21.295,20.894,85.181
881,817,3,22.271,22.008,66.812
881,818,3,30.852,21.638,92.556
881,819,4,29.165,23.373,116.66
881,820,4,24.355,22.115,97.419
881,821,4,22.977,22.394,91.908
881,822,3,25.314,22.937,75.942
881,823,4,23.455,22.706,93.82
881,824,4,23.663,22.017,94.653
882,1,3,20.188,19.6,60.563
882,3,3,21.64,19.894,64.92
882,4,3,20.417,19.719,61.252
882,8,3,20.659,20.464,61.976
882,13,3,20.076,19.449,60.229
882,17,2,24.121,21.287,48.243
882,18,2,19.88,19.862,39.76
882,20,3,19.866,19.323,59.598
882,154,3,20.159,20.083,60.478
882,807,3,21.041,19.957,63.122
882,813,3,21.098,20.794,63.293
882,814,3,20.25,19.831,60.749
882,815,2,20.111,19.969,40.222
882,817,3,21.87,20.303,65.611
882,818,3,20.643,20.235,61.928
882,819,3,21.581,21.265,64.742
882,820,3,23.768,21.063,71.305
882,822,3,21.774,21.49,65.321
882,823,3,20.905,20.743,62.715
882,824,3,22.185,20.625,66.556
883,1,3,21.705,21.444,65.116
883,3,4,21.504,21.183,86.018
883,4,4,21.701,21.123,86.803
883,8,2,22.219,21.723,44.438
883,13,4,23.178,21.569,92.713
883,16,3,23.68,22.199,71.04
883,17,3,21.35,21.031,64.05
883,18,4,21.978,21.23,87.913
883,20,3,21.619,21.29,64.856
883,154,3,22.59,21.556,67.769
883,807,3,22.29,21.656,66.87
883,813,3,22.486,22.066,67.459
883,814,2,22.242,22.009,44.484
883,815,3,21.317,21.161,63.951
883,817,3,22.393,22.028,67.18
883,818,1,41.485,41.485,41.485
883,819,3,22.917,22.576,68.751
883,820,4,23.86,22.552,95.442
883,821,4,23.696,21.997,94.783
883,822,3,24.991,22.729,74.974
883,823,5,23.86,22.252,119.301
883,824,4,23.6,22.817,94.4
884,1,4,20.327,19.457,81.307
884,3,3,19.599,19.352,58.798
884,4,4,19.213,18.471,76.851
884,8,3,19.968,19.743,59.905
884,13,4,19.298,19.001,77.19
884,16,3,20.943,19.591,62.828
884,17,4,19.23,18.931,76.92
884,18,3,19.099,18.81,57.296
884,20,4,18.89,18.606,75.559
884,807,6,22.501,19.402,135.005
884,813,5,19.427,13.266,97.133
884,814,4,19.928,19.481,79.71
884,815,4,19.922,19.25,79.687
884,817,4,19.812,19.498,79.25
884,818,4,23.886,19.772,95.545
884,819,3,20.935,20.734,62.806
884,820,3,22.739,21.34,68.216
884,821,4,20.384,19.324,81.538
884,822,3,20.537,19.908,61.612
884,823,2,21.858,21.686,43.715
884,824,4,22.596,19.83,90.384
885,1,1,24.801,24.801,24.801
885,3,1,25.2,25.2,25.2
885,4,1,24.489,24.489,24.489
885,8,2,24.772,24.42,49.545
885,13,1,25.331,25.331,25.331
885,16,1,25.274,25.274,25.274
885,17,1,24.316,24.316,24.316
885,18,1,24.585,24.585,24.585
885,20,1,24.375,24.375,24.375
885,154,2,32.272,24.565,64.545
885,807,1,24.974,24.974,24.974
885,813,2,33.326,26.146,66.653
885,814,1,25.643,25.643,25.643
885,815,1,24.672,24.672,24.672
885,817,1,25.225,25.225,25.225
885,818,1,24.827,24.827,24.827
885,820,3,23.696,19.553,71.088
885,821,2,25.645,25.364,51.29
885,822,1,29.063,29.063,29.063
885,823,3,28.879,25.676,86.638
885,824,2,25.156,25.098,50.313
886,1,2,20.768,20.656,41.535
886,3,3,21.139,20.832,63.416
886,4,2,20.574,20.512,41.148
886,8,1,25.182,25.182,25.182
886,13,2,20.422,20.372,40.845
886,16,3,19.426,14.489,58.278
886,17,2,21.712,20.716,43.425
886,18,1,20.212,20.212,20.212
886,20,2,20.867,20.835,41.733
886,154,2,21.217,20.859,42.433
886,807,2,21.318,21.014,42.637
886,813,3,20.213,14.446,60.64
886,814,1,21.066,21.066,21.066
886,815,2,20.616,20.427,41.232
886,817,2,21.269,21.223,42.538
886,818,2,21.319,20.739,42.639
886,819,2,22.108,22.033,44.217
886,820,1,21.374,21.374,21.374
886,821,2,21.77,21.524,43.541
886,822,2,23.33,22.242,46.66
886,823,4,24.482,22.039,97.928
886,824,1,21.378,21.378,21.378
887,1,2,26.83,24.635,53.661
887,3,3,25.106,24.893,75.319
887,4,3,24.793,24.572,74.379
887,8,2,24.71,24.428,49.42
887,13,4,27.29,24.4,109.162
887,16,2,24.982,24.807,49.965
887,17,3,26.901,24.473,80.702
887,18,2,24.551,24.357,49.102
887,20,2,24.126,24.092,48.251
887,154,3,25.129,24.725,75.387
887,807,3,26.934,24.863,80.803
887,813,2,25.26,25.244,50.519
887,814,3,27.835,25.004,83.504
887,815,2,24.812,24.596,49.624
887,817,2,27.838,26.229,55.675
887,818,2,27.868,26.317,55.735
887,819,2,26.281,26.191,52.562
887,820,2,25.866,25.701,51.732
887,821,4,27.098,25.087,108.394
887,822,2,31.041,30.231,62.082
887,823,3,26.24,25.814,78.72
887,824,2,25.828,25.729,51.656
888,1,3,19.375,19.316,58.124
888,3,3,20.527,19.684,61.581
888,4,3,19.738,19.476,59.214
888,8,3,19.765,19.378,59.296
888,16,3,20.638,19.91,61.913
888,17,2,19.956,19.921,39.912
888,18,2,20.252,19.692,40.504
888,20,3,19.379,18.979,58.136
888,154,3,19.957,19.591,59.871
888,807,3,20.716,20.364,62.147
888,813,2,28.264,20.331,56.527
888,814,2,21.015,20.547,42.03
888,815,2,20.432,20.432,40.865
888,817,3,19.998,19.846,59.994
888,818,1,23.147,23.147,23.147
888,819,3,22.358,21.388,67.073
888,820,4,20.67,19.953,82.679
888,821,3,20.282,19.816,60.845
888,822,2,39.746,33.796,79.491
888,823,3,21.14,20.545,63.419
888,824,2,20.606,20.371,41.211
890,1,3,21.81,21.454,65.43
890,3,3,22.166,21.854,66.497
890,4,3,21.867,21.599,65.601
890,8,2,21.902,21.643,43.804
890,13,3,22.126,21.612,66.377
890,17,3,22.044,21.762,66.133
890,18,2,22.301,22.107,44.603
890,20,3,21.624,21.343,64.872
890,154,4,20.806,16.453,83.225
890,807,3,20.474,16.512,61.421
890,813,3,22.926,21.88,68.779
890,814,3,22.835,22.723,68.504
890,815,2,22.522,22.323,45.045
890,817,2,23.014,21.996,46.029
890,818,3,22.928,22.282,68.783
890,819,2,22.458,22.45,44.915
890,820,3,22.627,22.301,67.881
890,821,1,22.425,22.425,22.425
890,822,2,22.318,22.023,44.635
890,823,3,22.805,22.384,68.415
890,824,3,22.47,22.159,67.41
891,1,2,23.039,22.682,46.079
891,3,2,23.308,22.893,46.616
891,4,2,22.538,22.444,45.075
891,8,1,23.744,23.744,23.744
891,13,2,22.753,22.634,45.506
891,16,2,23.491,23.327,46.982
891,17,2,23.24,23.004,46.481
891,18,2,22.891,22.465,45.782
891,20,2,22.784,22.685,45.569
891,154,1,23.445,23.445,23.445
891,807,2,23.776,23.334,47.553
891,813,3,31.06,27.059,93.181
891,814,2,23.508,23.475,47.015
891,815,2,19.988,17.378,39.975
891,817,2,23.008,22.871,46.015
891,818,2,24.304,24.07,48.609
891,820,3,21.785,17.427,65.356
891,821,3,20.969,17.433,62.906
891,822,2,23.476,23.411,46.951
891,823,2,24.483,23.998,48.966
891,824,2,24.022,23.961,48.044
892,1,2,24.388,24.315,48.775
892,3,1,24.079,24.079,24.079
892,4,1,24.208,24.208,24.208
892,8,2,27.87,24.764,55.739
892,13,1,24.692,24.692,24.692
892,16,1,26.873,26.873,26.873
892,17,1,24.205,24.205,24.205
892,18,1,24.45,24.45,24.45
892,20,1,24.305,24.305,24.305
892,154,1,27.04,27.04,27.04
892,807,1,25.633,25.633,25.633
892,813,1,25.397,25.397,25.397
892,815,1,25.933,25.933,25.933
892,817,1,24.319,24.319,24.319
892,819,2,25.966,25.569,51.932
892,820,1,26.146,26.146,26.146
892,821,1,24.668,24.668,24.668
892,822,1,24.665,24.665,24.665
892,823,2,29.751,26.302,59.502
892,824,1,25.541,25.541,25.541
893,1,2,29.559,29.032,59.117
893,3,2,29.414,29.212,58.828
893,4,2,29.306,29.176,58.612
893,8,2,31.241,29.469,62.482
893,13,3,29.25,29.04,87.749
893,16,3,30.358,29.678,91.074
893,17,2,28.97,28.909,57.94
893,18,2,29.684,29.284,59.369
893,20,2,28.86,28.787,57.721
893,154,2,29.998,29.702,59.995
893,807,2,30.082,29.91,60.163
893,813,3,30.195,29.966,90.585
893,814,2,29.722,29.667,59.444
893,815,2,29.053,28.709,58.105
893,817,1,32.097,32.097,32.097
893,818,3,30.15,29.736,90.449
893,819,3,31.798,31.546,95.395
893,820,3,30.452,29.687,91.357
893,821,2,30.535,29.364,61.07
893,822,3,32.139,30.79,96.418
893,823,3,32.667,30.141,98.002
893,824,4,30.265,29.421,121.06
894,1,2,22.26,22.251,44.521
894,3,2,32.922,23.412,65.844
894,4,2,22.508,22.208,45.015
894,8,2,23.08,22.924,46.16
894,13,2,22.438,22.401,44.875
894,16,3,23.988,18.979,71.963
894,17,3,22.932,22.587,68.795
894,18,2,26.447,25.946,52.894
894,20,2,22.798,22.662,45.597
894,154,2,22.643,22.519,45.286
894,807,2,23.883,23.654,47.766
894,813,2,23.556,23.47,47.112
894,814,2,23.834,23.814,47.668
894,815,2,30.897,22.901,61.794
894,817,2,23.543,23.194,47.086
894,818,3,24.113,23.845,72.338
894,819,2,24.343,24.32,48.686
894,820,2,25.03,23.761,50.06
894,821,2,23.252,23.096,46.504
894,822,2,24.076,23.912,48.152
894,823,3,22.016,17.513,66.048
894,824,2,23.456,23.097,46.911
895,1,1,25.297,25.297,25.297
895,3,4,21.485,17.806,85.94
895,4,2,22.742,22.645,45.484
895,8,2,23.301,23.29,46.603
895,13,3,21.213,17.822,63.639
895,16,2,23.644,23.484,47.287
895,17,3,23.162,22.774,69.485
895,18,3,24.277,23.105,72.83
895,20,2,22.894,22.873,45.789
895,154,2,23.184,23.086,46.368
895,807,2,23.607,23.383,47.214
895,813,2,23.863,23.524,47.726
895,814,2,23.667,23.476,47.334
895,815,3,26.572,25.585,79.715
895,817,3,22.196,17.801,66.587
895,818,3,24.926,24.087,74.779
895,819,3,22.232,17.935,66.696
895,820,2,24.01,23.648,48.021
895,821,2,23.536,23.184,47.071
895,822,2,23.452,23.421,46.904
896,1,2,23.56,23.546,47.12
896,3,2,23.79,23.685,47.58
896,4,3,25.82,23.595,77.461
896,8,2,25.565,24.141,51.13
896,13,2,23.456,23.332,46.911
896,16,1,23.891,23.891,23.891
896,17,2,23.473,23.459,46.946
896,18,3,24.015,23.517,72.045
896,20,2,23.784,23.568,47.568
896,154,1,23.648,23.648,23.648
896,807,3,25.996,24.096,77.987
896,813,2,25.921,25.53,51.842
896,814,2,23.843,23.662,47.686
896,815,2,24.226,23.541,48.451
896,817,2,25.04,24.471,50.079
896,818,2,24.18,24.128,48.36
896,819,2,28.026,26.97,56.052
896,820,2,24.601,24.445,49.202
896,821,3,22.833,18.423,68.498
896,822,2,26.764,25.909,53.528
896,824,2,29.66,25.383,59.32
897,1,2,21.49,21.372,42.981
897,3,2,21.643,21.633,43.286
897,4,2,21.492,21.453,42.983
897,13,2,21.9,21.485,43.8
897,16,1,22.048,22.048,22.048
897,17,2,21.543,21.175,43.086
897,18,2,24.346,21.516,48.692
897,20,2,21.786,21.298,43.573
897,154,2,21.956,21.627,43.913
897,807,3,20.458,16.147,61.373
897,813,2,23.148,22.886,46.296
897,814,1,22.27,22.27,22.27
897,815,2,21.437,21.37,42.873
897,817,2,22.57,22.194,45.14
897,818,2,22.769,21.93,45.538
897,819,2,23.252,22.498,46.503
897,820,2,23.146,22.802,46.292
897,821,2,22.377,22.07,44.755
897,822,2,25.02,23.361,50.041
897,823,2,22.56,22.286,45.12
897,824,2,23.82,23.576,47.64
898,1,1,23.904,23.904,23.904
898,3,1,23.806,23.806,23.806
898,4,1,23.817,23.817,23.817
898,5,2,30.828,25.323,61.656
898,13,2,24.026,23.936,48.052
898,17,1,23.537,23.537,23.537
898,18,1,24.589,24.589,24.589
898,20,1,24.086,24.086,24.086
898,154,1,23.876,23.876,23.876
898,807,1,24.03,24.03,24.03
898,813,1,32.794,32.794,32.794
898,814,2,24.679,24.444,49.358
898,815,1,23.808,23.808,23.808
898,817,1,24.226,24.226,24.226
898,818,1,24.381,24.381,24.381
898,819,2,23.13,18.692,46.26
898,820,2,21.515,18.737,43.03
898,821,2,24.943,24.859,49.886
898,822,1,25.014,25.014,25.014
898,823,1,25.268,25.268,25.268
898,824,1,26.205,26.205,26.205
899,1,3,21.488,17.385,64.463
899,3,2,23.04,22.753,46.081
899,4,2,22.743,22.732,45.487
899,5,2,22.832,22.646,45.665
899,13,3,20.788,17.367,62.364
899,16,3,23.381,22.981,70.143
899,17,2,25.865,25.012,51.73
899,18,2,23.267,22.746,46.534
899,20,2,27.705,22.51,55.409
899,807,2,23.562,23.237,47.124
899,813,2,25.167,23.6,50.334
899,814,2,23.283,23.237,46.567
899,815,2,22.494,22.397,44.988
899,817,2,23.03,22.721,46.061
899,818,3,23.696,23.451,71.089
899,819,1,24.099,24.099,24.099
899,820,3,23.91,23.222,71.731
899,821,2,23.498,23.138,46.995
899,822,2,23.931,23.695,47.861
899,823,3,22.726,17.339,68.178
899,824,2,24.03,23.403,48.06
900,3,2,24.002,23.673,48.004
900,4,2,22.432,21.978,44.865
900,8,2,23.684,21.825,47.368
900,16,1,24.305,24.305,24.305
900,18,2,22.405,22.399,44.81
900,154,2,19.76,17.255,39.519
900,807,2,22.774,22.615,45.548
900,813,1,22.847,22.847,22.847
900,815,3,23.521,22.497,70.564
900,817,2,22.71,22.427,45.421
900,818,2,23.051,22.978,46.102
900,820,2,23.851,23.493,47.702
900,821,2,28.227,23.797,56.454
900,822,2,29.019,23.117,58.038
900,824,2,23.239,22.656,46.477
900,825,2,22.712,22.273,45.423
900,826,2,27.217,23.92,54.434
900,828,1,23.238,23.238,23.238
901,1,3,24.795,24.484,74.384
901,3,3,24.888,24.654,74.664
901,4,3,24.443,24.222,73.329
901,8,3,25.021,24.246,75.062
901,13,3,24.58,24.526,73.74
901,16,2,25.746,25.493,51.491
901,18,3,24.798,24.524,74.393
901,20,3,24.782,24.432,74.346
901,154,3,25.459,25.046,76.377
901,155,2,26.814,26.505,53.629
901,807,2,25.112,24.887,50.223
901,817,4,29.665,24.709,118.661
901,818,2,36.114,26.598,72.227
901,820,3,27.559,25.639,82.677
901,821,2,27.873,26.325,55.745
901,822,3,24.827,24.498,74.482
901,824,1,52.836,52.836,52.836
901,825,3,30.731,24.415,92.192
901,826,3,25.957,25.109,77.871
901,828,3,27.528,26.03,82.585
902,1,2,24.916,24.687,49.833
902,3,2,24.879,24.851,49.758
902,4,3,24.946,24.493,74.839
902,8,3,24.959,24.453,74.877
902,13,3,25.0,24.528,74.999
902,16,2,33.02,25.293,66.04
902,18,2,24.86,24.476,49.721
902,20,2,25.575,24.964,51.15
902,154,3,25.306,25.032,75.917
902,155,2,26.876,26.628,53.752
902,807,2,24.598,24.44,49.197
902,813,4,29.74,25.395,118.958
902,815,2,24.717,24.697,49.434
902,817,2,24.761,24.706,49.522
902,818,2,29.896,25.897,59.792
902,820,3,26.357,25.858,79.072
902,821,2,25.588,25.543,51.176
902,822,3,25.363,25.04,76.088
902,824,5,25.145,18.989,125.723
902,825,3,24.914,24.559,74.742
902,826,3,25.583,25.34,76.749
902,828,2,25.593,25.367,51.186
903,1,2,23.484,22.968,46.967
903,3,2,23.183,23.089,46.366
903,4,2,22.862,22.776,45.723
903,8,2,23.142,22.994,46.285
903,13,1,23.83,23.83,23.83
903,18,2,22.478,22.408,44.956
903,20,2,22.408,22.246,44.816
903,154,1,23.213,23.213,23.213
903,155,3,25.002,24.722,75.007
903,807,2,23.101,22.764,46.202
903,813,2,23.516,23.022,47.032
903,815,2,23.275,22.914,46.55
903,817,2,22.842,22.498,45.684
903,818,2,24.268,24.119,48.536
903,820,3,23.848,23.781,71.545
903,821,3,22.991,22.734,68.974
903,822,2,24.21,23.639,48.419
903,824,2,24.552,24.32,49.104
903,825,2,23.124,22.579,46.249
903,826,2,23.574,23.521,47.149
903,828,3,23.792,23.677,71.376
904,1,2,23.27,22.951,46.541
904,3,2,22.282,22.254,44.563
904,4,3,21.883,21.664,65.648
904,8,2,22.392,22.056,44.783
904,13,3,22.525,22.304,67.575
904,16,2,25.696,23.378,51.391
904,18,2,23.109,21.81,46.218
904,20,3,21.727,21.599,65.181
904,154,2,22.102,22.078,44.204
904,155,1,22.789,22.789,22.789
904,807,2,22.54,22.355,45.079
904,813,2,24.938,22.024,49.875
904,815,2,22.324,22.282,44.649
904,817,2,21.9,21.83,43.799
904,818,1,22.976,22.976,22.976
904,820,3,23.718,23.232,71.155
904,821,3,23.623,23.025,70.868
904,822,2,22.763,22.701,45.525
904,824,2,22.748,22.568,45.496
904,825,2,21.831,21.768,43.662
904,826,3,22.843,22.703,68.528
904,828,2,24.881,23.091,49.762
905,1,1,27.509,27.509,27.509
905,3,1,24.672,24.672,24.672
905,4,1,26.499,26.499,26.499
905,8,3,27.621,25.282,82.862
905,13,1,24.264,24.264,24.264
905,16,1,33.207,33.207,33.207
905,18,1,25.992,25.992,25.992
905,154,2,25.67,25.029,51.341
905,155,2,25.268,25.116,50.537
905,807,1,25.714,25.714,25.714
905,817,1,26.584,26.584,26.584
905,818,2,22.414,19.385,44.829
905,820,3,32.188,26.137,96.563
905,821,1,25.906,25.906,25.906
905,822,1,25.595,25.595,25.595
905,824,1,32.658,32.658,32.658
905,825,1,28.943,28.943,28.943
905,828,2,26.838,25.585,53.676
906,1,2,23.986,23.554,47.971
906,3,2,24.492,23.882,48.984
906,4,2,23.861,23.79,47.722
906,8,2,24.073,23.925,48.146
906,13,2,25.98,24.012,51.961
906,16,2,23.886,23.703,47.771
906,18,2,24.272,23.493,48.543
906,20,2,23.622,23.34,47.244
906,154,2,23.9,23.856,47.799
906,807,1,23.902,23.902,23.902
906,815,1,23.907,23.907,23.907
906,817,2,23.44,23.274,46.88
906,818,2,24.204,23.975,48.408
906,821,3,24.514,24.37,73.541
906,822,2,23.97,23.448,47.939
906,825,2,23.693,23.479,47.386
906,826,2,25.466,25.235,50.933
907,1,2,22.39,22.226,44.781
907,3,2,21.569,21.474,43.138
907,4,2,21.255,21.234,42.51
907,8,2,21.766,21.618,43.532
907,13,2,21.996,21.896,43.992
907,16,2,22.705,22.449,45.409
907,18,2,21.374,21.242,42.747
907,20,2,25.612,21.381,51.225
907,154,2,23.048,21.884,46.096
907,155,1,22.48,22.48,22.48
907,807,2,22.083,21.92,44.166
907,813,2,22.978,22.612,45.955
907,815,2,22.865,21.96,45.73
907,817,2,21.432,21.398,42.865
907,818,2,22.303,22.232,44.606
907,820,1,22.977,22.977,22.977
907,821,3,35.606,22.53,106.819
907,822,2,21.67,21.133,43.341
907,824,1,24.452,24.452,24.452
907,825,2,21.776,21.67,43.552
907,826,1,21.906,21.906,21.906
907,828,2,24.178,23.177,48.355
908,1,2,29.485,29.291,58.97
908,3,1,28.329,28.329,28.329
908,4,1,34.41,34.41,34.41
908,16,1,29.956,29.956,29.956
908,18,1,28.645,28.645,28.645
908,20,2,28.672,28.558,57.345
908,154,1,29.71,29.71,29.71
908,155,2,29.524,29.507,59.047
908,807,1,29.579,29.579,29.579
908,813,1,28.831,28.831,28.831
908,815,1,29.599,29.599,29.599
908,817,1,28.483,28.483,28.483
908,818,1,30.218,30.218,30.218
908,820,2,26.446,23.154,52.891
908,822,1,29.104,29.104,29.104
908,824,1,30.353,30.353,30.353
908,825,1,28.745,28.745,28.745
908,826,2,28.638,28.575,57.275
909,1,3,19.832,19.71,59.496
909,3,2,20.156,20.055,40.312
909,4,3,19.171,19.032,57.514
909,8,3,19.781,19.737,59.344
909,16,3,20.031,19.638,60.093
909,18,3,20.247,18.916,60.741
909,20,3,19.182,18.879,57.547
909,154,1,18.928,18.928,18.928
909,155,3,20.19,20.092,60.571
909,807,2,19.539,19.514,39.078
909,813,2,19.112,19.099,38.225
909,815,3,20.526,19.843,61.577
909,817,3,19.092,18.868,57.276
909,818,3,22.472,20.274,67.416
909,820,3,21.812,20.632,65.435
909,821,3,21.362,19.779,64.086
909,822,2,20.16,20.115,40.321
909,824,2,20.303,20.031,40.606
909,825,3,21.474,19.135,64.421
909,826,2,20.282,20.251,40.564
909,828,3,22.603,19.89,67.808
910,1,2,23.582,23.364,47.164
910,3,3,22.897,22.001,68.692
910,4,2,21.944,21.634,43.887
910,8,2,22.684,22.154,45.368
910,13,3,22.413,22.111,67.24
910,16,2,27.228,22.5,54.456
910,18,3,23.918,22.211,71.755
910,20,2,21.889,21.608,43.778
910,154,1,23.979,23.979,23.979
910,155,1,34.086,34.086,34.086
910,807,1,24.04,24.04,24.04
910,813,3,25.601,21.818,76.802
910,815,1,25.535,25.535,25.535
910,817,3,22.74,22.205,68.219
910,818,2,23.466,23.123,46.932
910,820,2,23.928,23.232,47.857
910,821,1,24.05,24.05,24.05
910,822,3,23.535,22.518,70.604
910,824,3,24.207,22.892,72.622
910,825,2,22.679,21.812,45.358
910,826,2,22.812,22.202,45.625
911,1,3,24.468,23.066,73.403
911,3,3,25.442,22.936,76.325
911,4,2,25.947,22.974,51.894
911,8,2,22.838,22.819,45.677
911,13,3,23.751,23.224,71.252
911,16,3,23.755,23.732,71.266
911,18,2,22.694,22.588,45.388
911,20,3,22.907,22.731,68.721
911,154,3,25.554,22.838,76.663
911,807,2,23.832,23.823,47.664
911,815,2,23.54,22.977,47.081
911,817,2,22.794,22.675,45.588
911,818,2,23.386,23.202,46.773
911,820,2,24.304,23.734,48.607
911,821,2,23.078,22.898,46.157
911,822,2,22.972,22.769,45.945
911,824,2,24.64,23.918,49.28
911,825,2,22.764,22.414,45.529
911,826,2,24.259,24.082,48.518
911,828,2,24.148,24.083,48.296
912,1,1,24.453,24.453,24.453
912,3,1,24.583,24.583,24.583
912,4,1,24.913,24.913,24.913
912,8,1,24.547,24.547,24.547
912,13,1,24.323,24.323,24.323
912,16,1,26.864,26.864,26.864
912,18,1,24.669,24.669,24.669
912,20,1,25.176,25.176,25.176
912,154,1,25.098,25.098,25.098
912,155,1,25.277,25.277,25.277
912,807,1,25.547,25.547,25.547
912,813,1,24.223,24.223,24.223
912,815,1,24.938,24.938,24.938
912,817,1,24.388,24.388,24.388
912,818,1,25.046,25.046,25.046
912,821,3,26.306,25.693,78.918
912,822,1,24.991,24.991,24.991
912,824,1,26.641,26.641,26.641
912,825,1,24.214,24.214,24.214
912,826,1,24.651,24.651,24.651
912,828,1,28.685,28.685,28.685
913,1,3,29.915,29.284,89.746
913,4,3,28.904,28.81,86.713
913,8,3,29.687,29.164,89.06
913,13,2,29.292,29.006,58.584
913,16,3,30.102,29.748,90.307
913,18,2,28.634,28.627,57.268
913,20,2,29.44,28.733,58.88
913,154,3,29.374,29.04,88.123
913,807,3,29.921,29.362,89.764
913,813,4,29.504,29.036,118.014
913,815,4,31.027,29.339,124.109
913,817,2,29.437,29.113,58.874
913,818,3,31.742,29.806,95.226
913,820,3,32.868,29.877,98.603
913,821,1,33.679,33.679,33.679
913,822,2,29.61,28.88,59.22
913,824,3,30.017,29.752,90.05
913,825,3,28.744,28.684,86.231
913,826,3,30.456,30.089,91.369
913,828,2,30.254,30.144,60.508
914,1,2,23.784,23.677,47.568
914,3,2,24.279,23.696,48.558
914,8,4,26.65,24.173,106.598
914,13,2,24.652,24.374,49.304
914,16,3,24.619,24.314,73.857
914,18,3,25.945,24.532,77.836
914,20,2,23.604,23.443,47.207
914,154,4,23.799,23.656,95.197
914,155,4,26.194,24.907,104.774
914,807,3,24.454,23.873,73.361
914,813,3,25.208,24.184,75.625
914,815,3,24.969,24.622,74.906
914,817,2,24.896,24.184,49.791
914,818,2,24.902,24.353,49.804
914,820,2,25.578,25.278,51.157
914,821,2,25.908,24.873,51.816
914,822,2,24.758,24.465,49.517
914,824,2,25.013,24.91,50.026
914,825,4,26.457,23.701,105.827
914,826,3,25.114,24.222,75.343
914,828,3,27.606,25.655,82.819
915,1,1,30.503,30.503,30.503
915,3,1,33.82,33.82,33.82
915,4,1,35.112,35.112,35.112
915,8,1,30.097,30.097,30.097
915,13,2,30.095,29.912,60.19
915,16,1,30.733,30.733,30.733
915,18,1,29.994,29.994,29.994
915,20,1,30.355,30.355,30.355
915,154,1,30.037,30.037,30.037
915,807,1,30.096,30.096,30.096
915,813,1,30.18,30.18,30.18
915,815,1,29.876,29.876,29.876
915,817,1,30.006,30.006,30.006
915,818,1,30.272,30.272,30.272
915,820,1,31.374,31.374,31.374
915,821,1,30.303,30.303,30.303
915,822,1,30.363,30.363,30.363
915,825,1,29.736,29.736,29.736
915,826,2,30.952,30.321,61.905
915,828,2,30.89,30.76,61.78
916,1,2,24.306,24.244,48.612
916,3,2,24.473,24.433,48.946
916,4,2,24.367,24.133,48.734
916,8,3,24.076,23.872,72.229
916,13,2,24.972,24.488,49.944
916,18,2,25.176,23.546,50.352
916,20,4,23.97,23.799,95.882
916,154,2,24.245,23.802,48.49
916,807,1,33.427,33.427,33.427
916,813,2,27.101,24.468,54.202
916,817,2,24.198,24.04,48.396
916,818,2,27.356,24.553,54.711
916,821,3,26.977,24.726,80.931
916,822,2,24.217,24.151,48.434
916,825,2,25.689,24.497,51.378
916,826,3,25.242,24.189,75.725
917,1,3,23.483,22.874,70.449
917,3,3,23.439,23.24,70.316
917,4,3,23.163,23.077,69.489
917,8,2,25.681,23.427,51.361
917,13,3,26.741,23.22,80.222
917,16,3,26.207,24.302,78.62
917,18,3,23.007,22.62,69.021
917,20,3,23.25,22.746,69.749
917,154,3,23.937,23.023,71.811
917,807,3,23.429,23.323,70.288
917,813,3,23.236,22.865,69.708
917,815,3,25.51,22.997,76.531
917,817,2,23.006,22.871,46.012
917,818,3,24.064,23.782,72.192
917,821,3,23.782,23.418,71.346
917,822,3,28.347,23.294,85.041
917,825,3,23.794,23.061,71.382
917,826,3,24.704,24.385,74.112
918,1,2,21.886,21.885,43.772
918,3,2,22.912,21.741,45.824
918,4,2,21.844,21.619,43.687
918,8,2,21.876,21.546,43.752
918,13,2,22.047,22.04,44.094
918,16,3,22.332,22.227,66.995
918,18,2,22.334,22.042,44.669
918,20,2,22.352,21.611,44.705
918,154,3,19.798,16.12,59.393
918,155,2,23.423,22.426,46.847
918,807,2,24.544,21.642,49.087
918,813,1,21.998,21.998,21.998
918,815,2,22.178,22.031,44.356
918,817,2,21.664,21.582,43.329
918,818,3,22.676,22.348,68.028
918,821,2,23.199,23.128,46.398
918,822,2,21.838,21.661,43.676
918,825,2,21.855,21.623,43.71
918,826,1,24.169,24.169,24.169
918,829,2,23.844,23.545,47.689
926,1,1,22.295,22.295,22.295
926,3,1,22.105,22.105,22.105
926,8,2,24.935,22.405,49.87
926,13,1,22.062,22.062,22.062
926,18,1,23.353,23.353,23.353
926,20,1,22.694,22.694,22.694
926,807,2,21.874,21.612,43.749
926,815,1,26.009,26.009,26.009
926,817,1,22.535,22.535,22.535
926,828,3,22.763,22.353,68.288
926,830,1,23.532,23.532,23.532
926,831,1,22.933,22.933,22.933
926,832,1,55.789,55.789,55.789
927,1,3,24.956,24.179,74.868
927,3,3,27.533,24.336,82.599
927,4,1,25.222,25.222,25.222
927,8,3,25.561,24.653,76.682
927,13,3,25.863,24.788,77.59
927,18,3,28.151,25.581,84.454
927,20,2,24.544,23.996,49.088
927,154,3,25.004,24.377,75.012
927,807,3,28.741,25.047,86.224
927,813,3,32.986,24.276,98.959
927,815,2,30.522,25.268,61.044
927,817,3,25.904,25.393,77.711
927,822,3,26.529,24.432,79.588
927,826,3,27.131,24.781,81.393
927,830,3,26.646,24.768,79.939
927,831,4,27.548,25.204,110.194
927,832,2,25.146,25.126,50.291
927,833,3,27.915,27.004,83.746
928,1,2,22.44,22.235,44.88
928,3,2,22.656,22.483,45.312
928,4,2,23.292,23.238,46.583
928,8,2,22.636,22.453,45.271
928,13,2,23.231,23.145,46.462
928,18,2,23.604,23.273,47.209
928,20,2,22.466,22.444,44.932
928,154,2,23.513,23.421,47.026
928,813,3,21.094,17.912,63.281
928,815,3,23.104,22.829,69.311
928,817,2,22.766,22.635,45.532
928,822,2,23.333,23.084,46.666
928,828,2,24.218,23.846,48.435
928,829,2,24.093,24.054,48.186
928,830,2,23.757,23.258,47.514
928,831,2,23.57,23.409,47.141
928,832,2,23.61,23.424,47.219
928,833,2,25.013,24.088,50.026
929,1,2,25.16,24.528,50.319
929,3,2,25.364,25.311,50.729
929,4,2,25.124,24.878,50.248
929,8,2,24.66,24.547,49.32
929,13,2,24.956,24.894,49.911
929,20,3,27.626,24.449,82.879
929,154,2,24.997,24.735,49.994
929,807,3,25.437,24.679,76.31
929,813,2,27.368,24.31,54.736
929,815,2,25.431,25.288,50.861
929,817,2,25.333,24.943,50.666
929,822,2,24.958,24.623,49.916
929,826,2,25.056,24.692,50.113
929,828,3,33.75,26.042,101.249
929,829,2,26.291,26.103,52.582
929,830,2,33.282,27.225,66.563
929,831,3,25.856,25.459,77.567
929,832,2,29.62,26.593,59.24
929,833,2,26.704,25.834,53.407
930,1,3,23.093,21.965,69.278
930,3,2,22.161,21.87,44.322
930,4,1,23.728,23.728,23.728
930,8,2,22.206,21.789,44.412
930,13,3,22.342,22.139,67.025
930,18,3,23.327,22.589,69.982
930,20,2,21.799,21.762,43.598
930,154,2,28.282,23.309,56.565
930,807,3,22.579,22.534,67.738
930,813,3,26.67,22.575,80.01
930,815,2,22.447,22.426,44.894
930,817,2,23.662,22.44,47.324
930,822,2,21.941,21.8,43.882
930,826,2,22.47,22.273,44.94
930,828,2,24.072,22.872,48.144
930,829,3,23.509,22.796,70.526
930,830,2,23.502,22.607,47.003
930,831,2,22.932,22.677,45.863
930,832,2,22.519,22.178,45.037
930,833,3,23.967,23.07,71.901
931,1,2,24.838,24.181,49.676
931,3,1,24.789,24.789,24.789
931,4,1,30.345,30.345,30.345
931,8,1,24.177,24.177,24.177
931,13,3,30.766,24.395,92.299
931,18,2,24.862,24.661,49.723
931,20,1,24.851,24.851,24.851
931,154,1,25.077,25.077,25.077
931,807,2,29.766,24.758,59.531
931,815,2,24.926,24.733,49.852
931,817,2,24.373,24.244,48.745
931,822,2,24.526,24.412,49.053
931,826,1,25.119,25.119,25.119
931,828,3,25.417,25.234,76.25
931,829,1,28.606,28.606,28.606
931,830,2,39.278,25.736,78.557
931,831,2,26.076,25.732,52.152
931,832,1,25.306,25.306,25.306
931,833,1,27.554,27.554,27.554
932,1,1,23.708,23.708,23.708
932,3,1,23.321,23.321,23.321
932,4,1,23.553,23.553,23.553
932,8,2,24.104,23.63,48.208
932,13,1,23.912,23.912,23.912
932,18,2,21.716,18.057,43.431
932,20,2,25.593,23.945,51.186
932,154,1,24.292,24.292,24.292
932,807,1,23.507,23.507,23.507
932,813,1,23.66,23.66,23.66
932,815,1,23.453,23.453,23.453
932,817,1,23.997,23.997,23.997
932,822,1,25.541,25.541,25.541
932,826,1,23.681,23.681,23.681
932,828,1,24.149,24.149,24.149
932,829,1,30.807,30.807,30.807
932,830,1,36.105,36.105,36.105
932,831,1,24.795,24.795,24.795
932,832,1,24.277,24.277,24.277
932,833,1,26.986,26.986,26.986
933,1,1,21.869,21.869,21.869
933,3,1,21.768,21.768,21.768
933,13,1,22.447,22.447,22.447
933,18,2,26.416,24.104,52.831
933,20,1,31.882,31.882,31.882
933,154,1,22.016,22.016,22.016
933,807,1,21.685,21.685,21.685
933,813,1,21.847,21.847,21.847
933,815,1,26.689,26.689,26.689
933,817,1,27.71,27.71,27.71
933,822,1,22.777,22.777,22.777
933,826,2,25.372,22.111,50.743
933,828,3,22.964,16.211,68.892
933,830,1,21.984,21.984,21.984
933,831,1,22.803,22.803,22.803
933,832,1,27.638,27.638,27.638
933,833,1,23.926,23.926,23.926
934,1,2,28.698,28.417,57.396
934,3,2,29.393,28.393,58.786
934,4,2,30.648,28.703,61.296
934,8,3,29.85,28.974,89.549
934,13,2,30.658,29.369,61.317
934,20,2,29.311,28.946,58.622
934,807,2,31.224,28.558,62.449
934,815,2,30.429,28.86,60.858
934,817,2,35.852,28.464,71.704
934,822,2,30.359,28.781,60.718
934,826,2,31.163,28.347,62.326
934,828,4,30.122,29.598,120.49
934,829,2,46.412,43.964,92.825
934,832,1,29.393,29.393,29.393
934,833,2,32.679,30.686,65.358
936,1,6,21.281,16.579,127.687
936,3,5,20.554,16.623,102.771
936,4,5,20.141,16.796,100.704
936,8,5,27.621,16.734,138.104
936,13,5,20.999,16.818,104.994
936,18,4,19.278,16.488,77.111
936,20,4,19.422,16.639,77.688
936,154,5,21.932,17.064,109.662
936,807,2,22.398,22.222,44.795
936,813,6,19.607,16.444,117.642
936,815,5,23.238,16.958,116.19
936,817,5,22.379,18.27,111.897
936,822,5,21.771,16.427,108.856
936,826,5,19.922,16.453,99.611
936,828,5,20.8,17.472,104.0
936,829,5,20.79,17.116,103.949
936,830,5,20.382,16.415,101.91
936,831,5,20.843,17.235,104.214
936,832,4,20.368,16.66,81.472
936,833,5,21.792,18.085,108.958
937,1,2,22.679,22.403,45.358
937,3,2,22.881,22.765,45.762
937,4,3,24.089,22.973,72.267
937,8,2,22.86,22.578,45.721
937,13,2,23.468,23.282,46.937
937,18,3,23.998,23.761,71.995
937,20,1,22.681,22.681,22.681
937,154,2,23.605,23.493,47.21
937,815,2,23.24,22.918,46.48
937,817,1,22.637,22.637,22.637
937,822,3,21.384,17.343,64.151
937,826,2,22.679,22.563,45.359
937,828,2,23.934,23.684,47.867
937,829,2,24.138,23.826,48.276
937,830,3,23.516,22.942,70.547
937,831,2,23.364,23.288,46.727
937,832,2,23.54,23.348,47.08
937,833,2,23.462,23.282,46.925
938,1,1,24.368,24.368,24.368
938,3,1,24.657,24.657,24.657
938,4,2,21.852,19.374,43.704
938,8,1,24.442,24.442,24.442
938,13,1,25.207,25.207,25.207
938,18,1,24.31,24.31,24.31
938,20,1,24.34,24.34,24.34
938,807,1,24.286,24.286,24.286
938,815,1,24.281,24.281,24.281
938,817,1,24.259,24.259,24.259
938,822,1,25.536,25.536,25.536
938,826,1,23.884,23.884,23.884
938,828,1,24.842,24.842,24.842
938,829,1,29.382,29.382,29.382
938,830,3,23.025,18.818,69.074
938,831,2,25.522,25.282,51.043
938,832,2,27.547,24.736,55.094
938,833,1,26.435,26.435,26.435
939,1,1,28.917,28.917,28.917
939,3,2,30.224,29.887,60.449
939,4,1,34.237,34.237,34.237
939,8,2,30.36,30.031,60.72
939,13,3,28.567,24.415,85.702
939,18,2,33.964,30.106,67.928
939,20,2,29.222,29.172,58.445
939,154,2,30.233,29.826,60.466
939,807,1,30.868,30.868,30.868
939,813,3,29.66,29.223,88.981
939,815,2,29.704,29.676,59.408
939,817,2,30.363,29.419,60.726
939,822,2,29.25,29.239,58.499
939,826,2,31.042,29.159,62.083
939,828,3,29.615,29.398,88.844
939,829,2,34.122,30.398,68.245
939,830,2,31.026,30.844,62.051
939,831,2,29.798,29.679,59.596
939,832,3,31.532,29.742,94.597
939,834,2,31.608,31.18,63.216
940,1,2,22.958,22.75,45.915
940,3,2,23.16,23.078,46.319
940,4,2,23.704,23.64,47.407
940,8,2,23.149,22.584,46.298
940,13,3,28.524,24.67,85.571
940,18,2,23.572,23.343,47.144
940,20,2,23.102,23.074,46.204
940,154,2,24.173,23.793,48.347
940,807,3,27.667,23.491,83.001
940,813,2,24.045,23.249,48.091
940,815,3,24.537,24.267,73.611
940,817,2,24.656,23.225,49.312
940,822,2,23.565,23.542,47.13
940,826,3,23.293,23.183,69.88
940,828,2,23.429,23.418,46.859
940,829,3,28.427,23.647,85.282
940,830,2,25.885,23.977,51.77
940,831,2,24.44,24.116,48.879
940,832,2,31.523,23.701,63.046
940,834,2,25.117,25.088,50.234
941,1,1,30.216,30.216,30.216
941,4,1,29.539,29.539,29.539
941,8,1,29.386,29.386,29.386
941,13,1,30.741,30.741,30.741
941,18,1,29.719,29.719,29.719
941,20,1,29.367,29.367,29.367
941,154,1,54.445,54.445,54.445
941,813,1,29.952,29.952,29.952
941,815,1,30.545,30.545,30.545
941,817,1,29.732,29.732,29.732
941,822,1,30.316,30.316,30.316
941,826,1,30.418,30.418,30.418
941,829,2,31.41,30.421,62.821
941,830,2,33.788,30.241,67.575
941,831,1,30.362,30.362,30.362
941,832,1,30.288,30.288,30.288
941,833,1,35.072,35.072,35.072
942,1,2,24.221,24.088,48.442
942,3,2,24.941,24.64,49.882
942,4,3,27.341,24.631,82.023
942,8,2,29.641,24.733,59.281
942,13,1,24.646,24.646,24.646
942,18,3,25.612,24.689,76.837
942,20,3,24.918,24.158,74.753
942,154,2,27.676,27.621,55.351
942,807,2,27.352,27.344,54.704
942,813,3,26.117,25.054,78.351
942,815,2,25.594,24.73,51.188
942,817,3,25.582,24.449,76.746
942,822,2,33.436,26.384,66.872
942,826,2,24.922,24.638,49.843
942,828,2,30.33,29.728,60.66
942,830,2,25.216,24.904,50.431
942,831,5,28.661,24.975,143.303
942,832,3,32.227,25.259,96.681
942,834,3,30.027,25.812,90.08
943,1,2,22.316,22.304,44.632
943,3,2,22.347,22.303,44.694
943,13,2,22.968,22.849,45.935
943,18,2,23.187,23.018,46.374
943,20,2,25.113,22.156,50.226
943,154,2,22.918,22.735,45.836
943,807,2,23.706,23.277,47.413
943,813,2,25.292,23.937,50.584
943,815,1,23.547,23.547,23.547
943,817,2,22.455,22.422,44.91
943,822,2,23.059,22.957,46.117
943,826,2,22.538,22.518,45.077
943,828,3,23.236,22.956,69.709
943,829,2,24.656,24.224,49.311
943,830,2,22.787,22.589,45.574
943,831,3,23.419,23.026,70.256
943,832,3,23.324,23.068,69.972
943,834,2,27.904,25.367,55.809
944,1,3,23.471,22.936,70.412
944,3,3,23.802,23.046,71.406
944,4,3,23.336,22.981,70.009
944,8,2,24.3,23.293,48.601
944,13,3,23.738,23.401,71.215
944,18,3,23.636,23.242,70.909
944,20,3,23.712,23.474,71.136
944,154,3,24.073,23.787,72.22
944,807,2,24.104,24.009,48.208
944,813,2,27.098,24.115,54.197
944,815,3,23.732,23.609,71.195
944,817,3,24.23,23.937,72.691
944,822,2,24.324,23.736,48.649
944,826,2,23.892,23.63,47.785
944,828,3,26.316,24.699,78.949
944,829,2,26.321,25.547,52.642
944,830,3,24.132,24.078,72.397
944,831,2,25.01,24.491,50.02
944,834,2,26.099,25.492,52.198
945,1,2,21.369,21.346,42.738
945,3,2,21.608,21.58,43.217
945,4,4,26.435,16.128,105.741
945,8,2,23.888,22.162,47.775
945,13,2,22.78,22.71,45.561
945,18,2,23.016,22.31,46.032
945,20,2,21.712,21.628,43.423
945,154,2,22.218,22.203,44.437
945,807,2,22.11,22.045,44.219
945,815,2,22.019,21.922,44.038
945,817,2,22.034,21.949,44.067
945,822,3,27.566,24.485,82.699
945,826,2,21.751,21.634,43.502
945,828,2,22.519,22.2,45.038
945,829,2,22.883,22.854,45.767
945,830,3,22.374,22.309,67.121
945,831,3,24.433,22.086,73.299
945,832,2,23.685,22.063,47.37
945,833,1,24.314,24.314,24.314
948,1,1,21.94,21.94,21.94
948,3,1,21.531,21.531,21.531
948,4,1,21.796,21.796,21.796
948,8,1,22.508,22.508,22.508
948,13,1,21.55,21.55,21.55
948,18,2,22.226,21.837,44.453
948,20,2,22.944,21.339,45.887
948,807,1,22.167,22.167,22.167
948,815,1,24.719,24.719,24.719
948,817,2,22.113,21.981,44.226
948,822,1,21.376,21.376,21.376
948,825,2,24.955,22.079,49.91
948,828,2,19.646,16.936,39.293
948,830,2,25.684,22.303,51.369
948,831,1,22.701,22.701,22.701
948,832,2,22.403,22.392,44.806
948,835,1,23.286,23.286,23.286
948,836,2,25.05,23.895,50.101
948,837,1,23.224,23.224,23.224
949,1,3,24.689,24.512,74.066
949,3,3,25.974,24.934,77.921
949,8,3,25.066,24.72,75.199
949,13,2,24.164,24.093,48.329
949,154,3,27.318,25.739,81.953
949,807,4,27.048,24.734,108.19
949,815,3,26.637,24.517,79.911
949,817,3,25.35,24.541,76.051
949,821,1,32.793,32.793,32.793
949,822,3,23.474,19.369,70.423
949,825,3,25.2,24.341,75.6
949,826,3,24.435,24.224,73.304
949,828,2,25.069,24.775,50.138
949,830,3,25.511,25.129,76.533
949,831,3,25.799,25.491,77.397
949,832,2,31.69,28.401,63.379
949,836,3,25.734,25.419,77.202
949,837,3,26.673,25.517,80.019
949,838,3,24.867,24.604,74.602
950,1,5,24.425,22.301,122.126
950,3,2,23.195,22.831,46.39
950,4,2,22.9,22.874,45.801
950,8,3,25.754,22.832,77.262
950,13,2,22.736,22.124,45.473
950,18,3,23.204,22.51,69.611
950,20,3,24.914,22.276,74.741
950,154,4,32.451,23.284,129.804
950,807,4,25.978,22.79,103.91
950,815,3,22.684,22.351,68.051
950,817,3,23.093,22.426,69.279
950,821,3,23.304,22.963,69.911
950,822,3,22.686,22.63,68.059
950,825,3,23.031,22.677,69.092
950,826,3,23.125,22.607,69.375
950,828,2,23.759,23.563,47.518
950,830,3,25.636,23.13,76.908
950,831,3,28.649,23.735,85.946
950,832,3,24.285,22.832,72.855
950,835,3,23.393,22.799,70.178
950,836,3,25.116,24.104,75.347
950,837,3,24.062,23.183,72.187
951,1,1,30.001,30.001,30.001
951,3,1,29.709,29.709,29.709
951,4,1,29.751,29.751,29.751
951,8,1,30.498,30.498,30.498
951,13,2,29.808,29.551,59.616
951,18,1,30.58,30.58,30.58
951,154,1,31.42,31.42,31.42
951,815,2,31.6,30.4,63.2
951,817,2,39.484,31.205,78.968
951,821,2,32.603,25.037,65.206
951,822,1,29.841,29.841,29.841
951,825,1,30.585,30.585,30.585
951,826,2,40.094,38.906,80.188
951,828,2,30.481,30.433,60.962
951,830,1,30.553,30.553,30.553
951,831,1,30.259,30.259,30.259
951,832,1,30.805,30.805,30.805
951,835,1,30.805,30.805,30.805
951,836,2,44.292,31.433,88.584
952,4,2,22.391,21.795,44.782
952,8,2,22.138,22.107,44.276
952,13,3,21.928,21.384,65.783
952,18,2,22.435,22.28,44.87
952,20,3,21.954,21.603,65.863
952,154,3,26.954,22.844,80.863
952,807,1,22.176,22.176,22.176
952,815,2,22.298,21.918,44.597
952,817,4,22.164,21.683,88.658
952,821,2,22.818,22.43,45.636
952,822,2,22.15,21.856,44.299
952,825,3,22.71,22.122,68.13
952,826,3,22.76,22.234,68.28
952,828,3,22.953,22.84,68.859
952,830,2,22.358,22.348,44.717
952,831,2,23.033,22.976,46.066
952,832,2,22.906,22.874,45.811
952,835,2,22.84,22.397,45.68
952,836,2,24.47,24.387,48.941
952,837,2,27.47,26.186,54.939
953,1,1,26.315,26.315,26.315
953,3,2,27.189,26.698,54.378
953,4,2,26.174,25.512,52.348
953,13,2,25.058,24.934,50.116
953,18,2,25.608,25.45,51.216
953,20,2,25.338,25.114,50.675
953,154,2,29.3,25.111,58.601
953,807,2,26.14,25.215,52.279
953,815,2,25.661,25.608,51.322
953,817,2,30.19,25.054,60.381
953,821,2,26.726,26.044,53.451
953,822,3,25.838,24.673,77.515
953,825,4,30.378,25.583,121.514
953,826,2,23.808,19.918,47.616
953,828,3,28.984,26.435,86.953
953,830,2,25.532,25.459,51.063
953,831,3,33.703,27.166,101.108
953,832,2,27.925,27.738,55.85
953,836,1,26.517,26.517,26.517
953,837,3,27.596,26.292,82.789
954,1,1,22.243,22.243,22.243
954,3,2,22.597,22.466,45.194
954,4,1,27.952,27.952,27.952
954,8,2,23.042,22.82,46.083
954,13,1,22.925,22.925,22.925
954,20,2,22.479,22.361,44.958
954,154,3,26.283,23.055,78.849
954,807,2,22.994,22.876,45.987
954,815,2,23.656,22.556,47.313
954,817,2,23.445,22.872,46.89
954,821,2,23.67,23.412,47.34
954,822,1,22.184,22.184,22.184
954,825,1,23.162,23.162,23.162
954,826,2,22.813,22.627,45.627
954,828,2,23.128,22.957,46.256
954,830,2,23.248,22.909,46.495
954,831,2,23.798,23.608,47.595
954,832,2,23.981,23.517,47.962
954,836,2,24.65,24.516,49.3
954,837,2,27.4,25.069,54.801
955,1,1,20.108,20.108,20.108
955,3,1,20.058,20.058,20.058
955,4,2,20.468,20.282,40.936
955,8,1,20.593,20.593,20.593
955,13,2,19.652,19.445,39.303
955,18,2,20.412,20.185,40.825
955,20,1,20.422,20.422,20.422
955,154,2,22.36,21.132,44.72
955,807,1,20.347,20.347,20.347
955,815,1,20.614,20.614,20.614
955,817,2,19.998,19.84,39.995
955,821,2,25.38,21.533,50.76
955,822,1,19.732,19.732,19.732
955,825,1,20.772,20.772,20.772
955,826,1,24.802,24.802,24.802
955,828,2,20.821,20.559,41.642
955,830,2,21.283,20.069,42.566
955,831,2,20.692,20.67,41.383
955,832,2,21.529,21.03,43.058
955,835,2,20.763,20.561,41.526
955,836,1,26.187,26.187,26.187
955,837,1,33.405,33.405,33.405
956,1,4,20.182,16.983,80.726
956,3,4,19.776,17.959,79.104
956,4,4,19.94,16.764,79.761
956,8,3,20.526,18.455,61.577
956,13,4,19.683,17.388,78.731
956,18,4,20.541,18.307,82.165
956,154,3,20.359,18.86,61.076
956,807,5,21.454,16.227,107.27
956,815,4,19.452,16.544,77.809
956,817,4,20.306,18.347,81.222
956,821,4,19.689,16.475,78.757
956,822,4,20.34,17.8,81.362
956,825,4,21.621,17.721,86.484
956,828,4,20.692,16.419,82.766
956,830,3,19.188,17.165,57.565
956,831,3,20.458,17.739,61.375
956,832,3,24.901,18.636,74.703
956,835,4,19.926,16.851,79.706
956,836,4,20.689,18.064,82.757
956,837,4,20.652,16.218,82.606
957,1,2,29.536,28.728,59.071
957,3,2,29.555,29.395,59.11
957,4,3,30.036,28.799,90.109
957,8,2,30.02,29.578,60.04
957,13,3,29.331,29.243,87.992
957,18,2,29.84,29.588,59.681
957,20,2,30.272,29.163,60.544
957,154,2,31.257,30.882,62.514
957,807,2,30.307,29.867,60.614
957,815,2,29.195,28.915,58.39
957,817,2,30.005,29.813,60.011
957,821,2,35.696,29.884,71.392
957,822,2,29.545,29.282,59.09
957,825,3,29.485,28.45,88.455
957,826,2,30.321,30.315,60.642
957,828,1,35.393,35.393,35.393
957,830,2,30.712,29.429,61.424
957,831,2,30.562,30.143,61.124
957,832,2,30.34,29.895,60.681
957,835,3,42.322,29.784,126.967
957,836,1,31.812,31.812,31.812
957,837,2,30.066,29.998,60.133
958,1,2,21.607,21.441,43.214
958,3,2,21.792,21.233,43.584
958,4,2,21.998,21.897,43.996
958,8,2,21.904,21.857,43.808
958,13,2,22.08,21.793,44.159
958,18,3,20.478,16.486,61.433
958,20,2,21.588,21.535,43.175
958,154,2,22.365,22.303,44.73
958,807,2,22.682,22.014,45.364
958,815,2,26.315,22.689,52.63
958,817,2,22.124,22.006,44.247
958,821,2,22.674,22.52,45.348
958,822,2,21.554,21.405,43.109
958,825,2,22.02,21.99,44.041
958,826,2,25.028,22.105,50.056
958,828,3,23.46,23.198,70.379
958,830,2,22.038,21.687,44.076
958,831,2,22.871,22.778,45.743
958,832,2,22.688,22.417,45.377
958,835,2,21.778,21.665,43.557
958,836,2,23.126,22.765,46.251
958,837,1,24.254,24.254,24.254
959,1,3,18.543,18.475,55.629
959,3,3,22.331,18.936,66.993
959,4,3,19.275,19.127,57.825
959,8,3,20.353,19.142,61.06
959,13,2,27.492,18.59,54.985
959,18,3,19.273,19.124,57.819
959,20,3,19.234,19.0,57.702
959,154,2,20.082,19.863,40.164
959,807,3,19.553,19.144,58.659
959,815,3,19.278,19.223,57.835
959,817,3,18.894,18.738,56.681
959,821,2,19.712,19.326,39.425
959,822,2,18.99,18.796,37.979
959,825,2,19.096,19.034,38.193
959,826,3,20.911,19.264,62.734
959,828,2,19.733,19.318,39.466
959,830,3,19.04,18.967,57.121
959,831,3,23.188,19.755,69.564
959,832,3,20.682,19.547,62.045
959,835,3,21.904,19.298,65.711
959,836,3,19.699,19.626,59.097
959,837,3,24.474,20.919,73.422
960,1,2,23.388,22.432,46.775
960,3,1,22.596,22.596,22.596
960,4,1,22.451,22.451,22.451
960,8,2,23.059,23.056,46.117
960,13,2,22.5,22.484,44.999
960,20,2,22.582,22.403,45.165
960,154,2,23.406,23.107,46.812
960,807,2,23.79,23.564,47.579
960,815,2,23.218,22.652,46.435
960,817,1,22.531,22.531,22.531
960,821,2,23.524,23.486,47.047
960,822,2,22.254,22.19,44.508
960,826,2,23.361,23.359,46.722
960,830,3,25.731,22.727,77.193
960,831,2,28.314,26.39,56.628
960,835,3,22.87,22.578,68.609
960,839,2,26.463,24.208,52.926
961,1,1,23.633,23.633,23.633
961,3,1,25.55,25.55,25.55
961,4,3,24.873,23.694,74.619
961,8,2,24.197,24.116,48.395
961,13,2,23.881,23.822,47.762
961,18,2,25.422,24.418,50.845
961,20,2,25.252,25.033,50.505
961,154,1,25.34,25.34,25.34
961,807,2,24.298,24.043,48.596
961,815,2,24.285,24.033,48.57
961,817,2,23.689,23.633,47.378
961,821,2,25.332,25.15,50.665
961,822,2,24.03,23.899,48.06
961,825,2,24.131,23.757,48.262
961,826,2,24.773,24.363,49.546
961,828,1,25.145,25.145,25.145
961,830,2,24.218,23.827,48.437
961,831,2,32.19,27.786,64.38
961,832,2,24.821,24.341,49.642
961,835,1,33.275,33.275,33.275
961,836,1,25.962,25.962,25.962
961,839,1,25.539,25.539,25.539
962,1,4,27.585,24.453,110.339
962,3,3,28.622,26.35,85.866
962,4,3,28.144,24.649,84.431
962,8,4,28.001,24.874,112.004
962,13,4,28.523,25.929,114.092
962,18,3,33.613,28.998,100.838
962,20,3,27.552,24.342,82.657
962,815,2,30.782,28.742,61.563
962,817,4,28.1,25.925,112.398
962,821,3,28.995,26.519,86.986
962,822,3,30.011,28.545,90.034
962,825,3,28.11,25.816,84.329
962,826,3,28.03,24.584,84.09
962,828,4,28.747,26.135,114.989
962,830,4,28.089,25.74,112.357
962,831,3,28.297,25.057,84.891
962,832,4,28.629,25.973,114.516
962,835,3,27.621,25.211,82.862
962,836,3,28.437,24.308,85.311
962,839,3,32.442,24.343,97.325
963,1,1,23.689,23.689,23.689
963,3,3,23.962,23.476,71.887
963,4,3,24.392,23.92,73.176
963,8,3,24.602,24.412,73.805
963,13,3,23.91,23.528,71.731
963,18,2,24.691,24.645,49.383
963,807,3,25.271,24.012,75.813
963,815,2,25.486,23.947,50.971
963,817,2,24.303,24.197,48.605
963,821,3,26.867,24.814,80.602
963,822,1,23.828,23.828,23.828
963,825,1,30.679,30.679,30.679
963,826,3,27.156,24.338,81.469
963,828,2,24.989,24.706,49.978
963,830,3,25.355,23.856,76.065
963,831,1,24.697,24.697,24.697
963,832,2,24.436,24.4,48.873
963,835,1,23.928,23.928,23.928
963,836,3,25.726,25.201,77.177
963,839,2,29.353,25.368,58.706
964,1,2,22.86,22.732,45.721
964,3,2,22.911,22.673,45.823
964,4,2,22.909,22.786,45.818
964,8,2,23.003,22.762,46.006
964,13,1,22.463,22.463,22.463
964,18,2,23.858,23.342,47.717
964,20,2,23.056,22.887,46.113
964,154,2,24.585,23.741,49.17
964,807,2,22.892,22.832,45.784
964,815,2,23.163,22.721,46.326
964,817,2,24.428,22.996,48.857
964,821,2,23.951,23.792,47.902
964,822,1,25.007,25.007,25.007
964,825,1,23.072,23.072,23.072
964,826,2,22.966,22.943,45.933
964,828,1,24.011,24.011,24.011
964,830,2,22.822,22.788,45.643
964,831,1,25.131,25.131,25.131
964,832,2,22.962,22.938,45.924
964,835,1,23.452,23.452,23.452
964,836,2,25.045,24.63,50.091
964,839,2,24.614,24.256,49.229
965,1,2,23.588,23.575,47.176
965,3,2,23.838,23.526,47.675
965,4,2,24.492,23.683,48.983
965,8,3,24.406,23.845,73.218
965,13,3,23.82,23.464,71.46
965,18,2,24.624,23.613,49.248
965,20,3,24.134,23.812,72.401
965,154,2,25.29,24.523,50.579
965,815,2,23.908,23.35,47.817
965,817,2,23.745,23.534,47.49
965,821,1,24.47,24.47,24.47
965,822,2,26.16,25.222,52.32
965,825,3,24.104,23.898,72.311
965,826,1,37.837,37.837,37.837
965,828,1,25.229,25.229,25.229
965,830,2,29.8,23.489,59.601
965,831,1,24.244,24.244,24.244
965,832,2,24.53,24.281,49.059
965,835,2,24.418,24.071,48.837
965,836,2,25.62,25.182,51.241
965,839,3,25.804,24.665,77.413
966,1,1,21.709,21.709,21.709
966,3,1,21.997,21.997,21.997
966,4,2,23.816,22.461,47.632
966,8,2,22.686,22.398,45.372
966,13,1,21.863,21.863,21.863
966,18,1,22.438,22.438,22.438
966,20,1,22.035,22.035,22.035
966,154,2,23.318,22.957,46.635
966,807,1,22.134,22.134,22.134
966,815,1,22.213,22.213,22.213
966,817,2,22.265,22.087,44.53
966,821,2,24.154,23.11,48.308
966,822,1,22.396,22.396,22.396
966,825,2,22.328,22.271,44.655
966,826,2,22.765,22.665,45.53
966,828,1,32.608,32.608,32.608
966,830,1,21.775,21.775,21.775
966,831,1,23.54,23.54,23.54
966,832,1,22.747,22.747,22.747
966,835,1,23.897,23.897,23.897
966,839,1,23.866,23.866,23.866
967,4,1,24.821,24.821,24.821
967,13,2,29.588,29.421,59.175
967,18,3,24.651,24.192,73.952
967,20,1,29.981,29.981,29.981
967,807,1,24.282,24.282,24.282
967,817,3,26.255,24.521,78.765
967,821,2,21.491,17.835,42.982
967,822,2,24.859,24.724,49.718
967,825,2,24.626,24.265,49.251
967,826,2,25.556,25.355,51.113
967,828,1,25.395,25.395,25.395
967,830,3,24.221,24.041,72.662
967,835,2,24.7,24.656,49.401
967,836,1,25.509,25.509,25.509
968,1,2,21.978,21.355,43.955
968,3,2,22.486,21.218,44.971
968,4,2,22.338,22.248,44.676
968,8,2,22.023,21.959,44.046
968,13,2,21.657,21.539,43.314
968,20,2,21.792,21.711,43.583
968,154,2,22.682,22.527,45.365
968,807,2,21.658,21.482,43.316
968,815,2,21.66,21.308,43.32
968,817,2,21.926,21.768,43.852
968,821,2,22.067,22.032,44.134
968,825,1,27.068,27.068,27.068
968,826,1,21.896,21.896,21.896
968,828,1,22.991,22.991,22.991
968,830,1,21.221,21.221,21.221
968,831,2,26.602,23.272,53.205
968,832,2,21.848,21.761,43.696
968,835,3,23.171,22.145,69.514
968,836,2,28.172,22.949,56.344
968,839,2,23.53,23.026,47.061
969,1,1,21.709,21.709,21.709
969,4,1,22.484,22.484,22.484
969,8,1,22.033,22.033,22.033
969,13,1,21.568,21.568,21.568
969,20,1,21.988,21.988,21.988
969,807,2,23.144,23.13,46.289
969,815,1,22.045,22.045,22.045
969,822,1,21.44,21.44,21.44
969,825,2,26.762,22.189,53.525
969,826,2,24.792,24.026,49.585
969,830,1,22.208,22.208,22.208
969,832,1,21.762,21.762,21.762
969,838,1,39.562,39.562,39.562
969,839,1,22.154,22.154,22.154
969,840,2,22.336,22.293,44.673
969,841,1,28.591,28.591,28.591
970,1,4,20.255,17.616,81.02
970,4,4,19.04,17.302,76.158
970,8,4,20.569,17.435,82.278
970,13,6,20.186,17.321,121.113
970,20,5,19.487,17.354,97.435
970,154,5,22.519,17.303,112.596
970,807,5,23.15,17.336,115.751
970,815,6,20.503,17.312,123.019
970,817,4,20.234,17.34,80.938
970,822,4,22.818,17.323,91.27
970,825,5,19.833,17.296,99.165
970,826,4,18.996,17.32,75.982
970,828,4,19.991,17.341,79.963
970,830,4,20.162,17.421,80.648
970,832,4,18.723,17.337,74.891
970,835,4,18.969,17.291,75.876
970,838,4,19.264,17.292,77.058
970,839,5,21.762,17.356,108.812
970,841,1,29.443,29.443,29.443
971,1,2,30.684,30.682,61.369
971,4,2,24.822,24.723,49.645
971,8,2,26.143,25.856,52.286
971,13,2,24.972,24.24,49.944
971,20,2,24.508,24.314,49.016
971,154,2,25.02,24.965,50.04
971,807,2,25.885,25.135,51.769
971,815,2,24.481,24.332,48.962
971,817,2,25.256,25.2,50.512
971,822,2,26.454,24.54,52.908
971,826,2,25.225,25.204,50.45
971,828,1,25.576,25.576,25.576
971,830,1,25.174,25.174,25.174
971,832,1,25.001,25.001,25.001
971,835,2,26.943,26.42,53.886
971,836,1,26.542,26.542,26.542
971,839,2,24.584,24.505,49.169
971,840,1,24.915,24.915,24.915
972,1,1,29.739,29.739,29.739
972,8,1,30.152,30.152,30.152
972,13,2,29.922,29.92,59.843
972,20,1,30.097,30.097,30.097
972,807,1,30.28,30.28,30.28
972,815,1,29.868,29.868,29.868
972,822,1,29.356,29.356,29.356
972,825,1,36.559,36.559,36.559
972,826,1,29.991,29.991,29.991
972,828,2,31.445,30.655,62.89
972,830,1,29.567,29.567,29.567
972,832,1,29.973,29.973,29.973
972,836,2,31.032,30.799,62.065
972,838,2,33.002,30.006,66.004
972,839,1,30.253,30.253,30.253
972,840,1,29.791,29.791,29.791
973,1,2,21.633,21.544,43.266
973,4,3,22.989,22.69,68.967
973,13,3,28.657,22.292,85.97
973,20,2,22.403,22.307,44.806
973,154,2,22.754,22.641,45.507
973,807,2,22.426,22.362,44.852
973,815,2,24.094,23.107,48.189
973,817,2,21.864,21.811,43.729
973,822,1,21.689,21.689,21.689
973,825,3,23.856,22.703,71.569
973,826,2,22.176,22.117,44.352
973,828,2,22.885,22.775,45.77
973,832,2,22.183,21.934,44.366
973,835,3,23.557,22.762,70.671
973,836,1,23.445,23.445,23.445
973,838,1,22.547,22.547,22.547
973,839,2,22.63,22.616,45.259
973,840,2,22.086,22.071,44.171
974,1,1,24.155,24.155,24.155
974,8,1,24.833,24.833,24.833
974,13,2,24.738,24.353,49.476
974,18,2,25.261,24.465,50.522
974,20,1,24.306,24.306,24.306
974,154,1,24.66,24.66,24.66
974,815,3,30.608,25.026,91.824
974,817,1,24.183,24.183,24.183
974,822,1,24.308,24.308,24.308
974,825,2,25.51,24.979,51.019
974,826,1,24.406,24.406,24.406
974,828,1,24.949,24.949,24.949
974,830,2,25.51,25.343,51.021
974,832,1,24.427,24.427,24.427
974,835,1,25.472,25.472,25.472
974,836,1,25.813,25.813,25.813
974,838,1,24.768,24.768,24.768
974,839,3,24.479,24.299,73.437
974,840,2,25.969,25.248,51.938
975,1,1,23.061,23.061,23.061
975,4,1,23.526,23.526,23.526
975,8,2,23.63,23.5,47.26
975,20,2,27.47,23.345,54.941
975,154,1,31.256,31.256,31.256
975,807,1,26.764,26.764,26.764
975,815,1,23.229,23.229,23.229
975,817,1,23.309,23.309,23.309
975,822,1,22.946,22.946,22.946
975,825,1,28.869,28.869,28.869
975,826,1,18.088,18.088,18.088
975,828,1,24.047,24.047,24.047
975,835,1,24.423,24.423,24.423
975,836,2,37.98,24.202,75.959
975,838,1,23.267,23.267,23.267
975,839,1,23.409,23.409,23.409
975,840,1,22.79,22.79,22.79
976,1,3,20.892,15.234,62.677
976,4,2,18.16,15.104,36.321
976,8,3,17.743,14.943,53.229
976,13,2,18.243,15.033,36.486
976,20,3,21.517,15.174,64.55
976,154,4,20.351,15.073,81.404
976,807,2,18.45,15.638,36.901
976,815,3,16.942,14.951,50.827
976,817,3,19.565,15.135,58.694
976,822,3,23.882,14.978,71.647
976,825,2,17.76,15.128,35.519
976,828,2,24.978,23.906,49.957
976,832,2,18.003,14.966,36.006
976,836,4,27.679,22.356,110.715
976,838,3,18.989,15.097,56.966
976,839,3,22.404,15.061,67.211
976,840,2,18.976,15.327,37.952
977,1,1,20.761,20.761,20.761
977,8,1,21.662,21.662,21.662
977,13,1,20.977,20.977,20.977
977,20,1,21.75,21.75,21.75
977,154,1,22.026,22.026,22.026
977,807,1,21.977,21.977,21.977
977,815,1,22.03,22.03,22.03
977,817,1,21.713,21.713,21.713
977,822,1,22.387,22.387,22.387
977,826,3,24.007,16.139,72.02
977,828,1,22.339,22.339,22.339
977,832,1,21.659,21.659,21.659
977,835,1,22.233,22.233,22.233
977,836,1,22.414,22.414,22.414
977,838,2,18.96,16.206,37.92
977,839,1,22.176,22.176,22.176
977,840,1,21.332,21.332,21.332
978,1,1,27.733,27.733,27.733
978,4,1,28.269,28.269,28.269
978,8,2,28.766,28.476,57.533
978,13,1,27.583,27.583,27.583
978,20,2,31.784,28.363,63.567
978,154,2,28.68,28.361,57.359
978,807,1,30.841,30.841,30.841
978,815,1,28.942,28.942,28.942
978,817,1,27.91,27.91,27.91
978,822,1,27.858,27.858,27.858
978,825,1,28.099,28.099,28.099
978,826,3,32.354,22.895,97.063
978,828,1,28.825,28.825,28.825
978,830,2,28.602,28.056,57.203
978,836,3,30.351,29.861,91.052
978,838,1,29.337,29.337,29.337
978,839,1,29.194,29.194,29.194
978,840,2,29.092,28.335,58.184
979,1,1,21.338,21.338,21.338
979,4,1,22.399,22.399,22.399
979,8,1,21.919,21.919,21.919
979,20,1,22.317,22.317,22.317
979,154,1,22.638,22.638,22.638
979,807,1,31.86,31.86,31.86
979,814,1,22.399,22.399,22.399
979,815,1,24.017,24.017,24.017
979,822,1,22.681,22.681,22.681
979,825,1,22.684,22.684,22.684
979,826,1,22.273,22.273,22.273
979,828,2,24.638,24.097,49.276
979,830,1,33.605,33.605,33.605
979,832,1,22.745,22.745,22.745
979,835,1,22.684,22.684,22.684
979,836,2,23.606,22.998,47.211
979,838,1,28.616,28.616,28.616
979,839,1,22.441,22.441,22.441
979,840,1,21.804,21.804,21.804
980,1,2,22.197,22.037,44.394
980,4,1,24.158,24.158,24.158
980,8,3,25.29,22.533,75.869
980,13,2,22.88,22.667,45.759
980,20,2,24.046,22.443,48.093
980,154,2,22.84,22.756,45.681
980,807,2,23.523,23.507,47.046
980,815,3,26.152,23.289,78.457
980,817,2,23.04,22.9,46.08
980,822,2,22.941,22.919,45.882
980,825,3,23.158,22.828,69.473
980,826,2,22.892,22.444,45.785
980,828,3,23.671,23.221,71.012
980,832,2,24.232,24.095,48.465
980,835,2,25.438,24.674,50.876
980,838,2,26.54,26.187,53.081
980,839,3,25.403,23.2,76.21
980,840,2,23.903,23.109,47.806
981,1,1,23.725,23.725,23.725
981,4,1,24.442,24.442,24.442
981,8,1,25.367,25.367,25.367
981,13,1,25.078,25.078,25.078
981,20,1,24.307,24.307,24.307
981,154,2,28.87,24.307,57.74
981,807,1,24.418,24.418,24.418
981,815,1,25.377,25.377,25.377
981,817,1,23.951,23.951,23.951
981,822,1,23.728,23.728,23.728
981,825,1,24.384,24.384,24.384
981,826,1,25.826,25.826,25.826
981,828,1,25.31,25.31,25.31
981,830,2,32.03,24.173,64.061
981,832,1,24.865,24.865,24.865
981,835,1,31.008,31.008,31.008
981,836,1,25.212,25.212,25.212
981,839,1,24.432,24.432,24.432
981,840,1,26.131,26.131,26.131
982,1,4,26.903,24.337,107.613
982,4,3,30.611,25.626,91.832
982,13,6,30.732,25.731,184.389
982,154,4,31.513,26.228,126.052
982,807,5,28.364,24.964,141.819
982,815,5,28.125,25.288,140.626
982,817,5,27.655,24.362,138.277
982,822,4,27.583,25.367,110.332
982,825,6,29.188,25.509,175.128
982,826,3,28.365,25.003,85.095
982,828,6,36.5,27.591,219.0
982,832,4,28.898,25.356,115.59
982,835,5,28.431,25.113,142.157
982,836,6,34.962,27.865,209.772
982,838,5,29.835,24.543,149.174
982,839,6,28.772,24.664,172.632
982,840,4,30.423,25.584,121.693
983,1,1,23.489,23.489,23.489
983,4,1,25.798,25.798,25.798
983,13,1,23.791,23.791,23.791
983,20,1,23.695,23.695,23.695
983,154,2,24.666,24.419,49.331
983,807,2,25.293,24.872,50.586
983,815,1,24.314,24.314,24.314
983,817,1,24.199,24.199,24.199
983,822,1,23.676,23.676,23.676
983,825,1,23.766,23.766,23.766
983,828,1,24.719,24.719,24.719
983,830,1,23.652,23.652,23.652
983,835,1,25.558,25.558,25.558
983,836,1,25.06,25.06,25.06
983,838,1,24.58,24.58,24.58
983,839,1,24.456,24.456,24.456
983,840,1,24.109,24.109,24.109
983,842,1,25.044,25.044,25.044
984,1,1,22.724,22.724,22.724
984,4,1,24.636,24.636,24.636
984,8,1,23.699,23.699,23.699
984,13,1,22.956,22.956,22.956
984,154,1,22.781,22.781,22.781
984,807,1,23.199,23.199,23.199
984,815,1,23.634,23.634,23.634
984,817,1,23.796,23.796,23.796
984,822,1,22.876,22.876,22.876
984,825,1,23.065,23.065,23.065
984,830,1,22.62,22.62,22.62
984,835,1,25.618,25.618,25.618
984,836,3,24.765,24.424,74.294
984,838,2,23.414,23.399,46.829
984,839,1,24.078,24.078,24.078
984,840,2,23.106,22.736,46.211
984,842,2,23.879,23.344,47.757
985,1,1,23.402,23.402,23.402
985,4,1,23.796,23.796,23.796
985,8,1,23.575,23.575,23.575
985,13,1,23.772,23.772,23.772
985,20,2,23.96,23.62,47.92
985,154,1,24.897,24.897,24.897
985,815,1,24.326,24.326,24.326
985,817,1,23.604,23.604,23.604
985,822,2,23.356,23.254,46.713
985,825,2,25.19,25.112,50.38
985,826,1,24.883,24.883,24.883
985,828,1,25.841,25.841,25.841
985,830,2,23.874,23.423,47.748
985,832,1,24.525,24.525,24.525
985,836,1,31.334,31.334,31.334
985,838,1,23.578,23.578,23.578
985,839,1,24.502,24.502,24.502
985,840,2,24.723,24.497,49.446
985,843,2,24.314,24.229,48.629
986,1,2,26.299,23.315,52.598
986,4,1,22.655,22.655,22.655
986,8,1,22.54,22.54,22.54
986,13,1,22.055,22.055,22.055
986,20,2,27.208,22.379,54.416
986,154,2,25.898,23.035,51.796
986,807,1,22.587,22.587,22.587
986,815,2,22.716,22.528,45.431
986,822,1,21.758,21.758,21.758
986,825,1,22.507,22.507,22.507
986,828,1,22.736,22.736,22.736
986,830,1,22.57,22.57,22.57
986,832,2,22.944,22.852,45.887
986,836,1,23.358,23.358,23.358
986,838,1,28.044,28.044,28.044
986,839,1,22.665,22.665,22.665
986,840,1,21.825,21.825,21.825
986,842,1,22.709,22.709,22.709
987,1,4,20.115,18.725,80.46
987,4,4,19.329,17.716,77.315
987,8,4,19.73,18.027,78.92
987,13,4,19.248,17.736,76.994
987,20,4,19.373,17.817,77.492
987,154,4,24.4,18.456,97.599
987,807,4,19.896,18.052,79.582
987,815,4,19.368,17.822,77.473
987,817,4,21.372,17.929,85.488
987,822,4,19.348,17.784,77.392
987,828,4,20.205,17.802,80.819
987,830,5,20.116,17.913,100.581
987,832,4,19.927,18.347,79.709
987,836,3,21.454,18.764,64.363
987,840,5,20.917,17.925,104.583
987,842,4,20.06,18.207,80.24
987,843,4,20.236,17.738,80.943
988,1,1,21.274,21.274,21.274
988,4,1,22.541,22.541,22.541
988,8,1,21.609,21.609,21.609
988,13,1,21.449,21.449,21.449
988,20,1,21.221,21.221,21.221
988,154,1,21.85,21.85,21.85
988,807,1,29.724,29.724,29.724
988,815,1,21.869,21.869,21.869
988,817,1,23.477,23.477,23.477
988,822,1,21.478,21.478,21.478
988,825,1,21.875,21.875,21.875
988,828,1,22.176,22.176,22.176
988,830,1,21.269,21.269,21.269
988,832,1,21.956,21.956,21.956
988,836,1,22.959,22.959,22.959
988,838,1,22.125,22.125,22.125
988,839,1,21.865,21.865,21.865
988,840,3,21.688,21.543,65.064
988,842,1,21.519,21.519,21.519
988,843,1,21.598,21.598,21.598
989,1,1,21.821,21.821,21.821
989,4,1,22.573,22.573,22.573
989,8,1,21.421,21.421,21.421
989,20,1,21.787,21.787,21.787
989,154,1,23.054,23.054,23.054
989,807,1,22.628,22.628,22.628
989,815,1,22.327,22.327,22.327
989,817,1,21.44,21.44,21.44
989,822,1,21.664,21.664,21.664
989,825,1,21.983,21.983,21.983
989,830,1,20.953,20.953,20.953
989,832,1,23.868,23.868,23.868
989,838,1,22.474,22.474,22.474
989,839,1,21.854,21.854,21.854
989,840,2,23.45,21.397,46.901
989,843,2,22.254,22.213,44.509
989,844,2,22.539,22.242,45.078
990,1,1,24.302,24.302,24.302
990,4,2,24.787,24.581,49.574
990,8,1,25.018,25.018,25.018
990,20,1,24.524,24.524,24.524
990,154,3,25.6,25.011,76.801
990,807,2,24.418,24.382,48.836
990,815,2,24.834,24.677,49.669
990,822,1,26.105,26.105,26.105
990,825,2,24.868,24.629,49.735
990,828,1,25.194,25.194,25.194
990,830,1,30.381,30.381,30.381
990,832,2,25.538,25.307,51.075
990,838,2,25.106,25.081,50.212
990,839,2,24.658,24.596,49.315
990,840,2,29.125,24.638,58.25
990,842,2,24.896,24.835,49.792
990,843,2,30.8,24.953,61.599
990,844,2,25.351,25.139,50.702
990,845,2,25.182,24.672,50.365
991,1,1,22.464,22.464,22.464
991,4,1,24.11,24.11,24.11
991,8,1,22.913,22.913,22.913
991,20,1,23.009,23.009,23.009
991,154,2,23.358,22.981,46.716
991,807,2,23.476,23.297,46.951
991,815,2,22.595,22.334,45.19
991,817,2,22.867,22.691,45.733
991,822,1,22.097,22.097,22.097
991,825,1,22.973,22.973,22.973
991,828,1,22.785,22.785,22.785
991,830,2,22.656,22.596,45.311
991,832,2,23.526,23.117,47.052
991,838,1,23.73,23.73,23.73
991,839,2,22.959,22.637,45.918
991,840,1,22.661,22.661,22.661
991,842,2,29.3,23.95,58.6
991,843,2,23.621,23.172,47.242
991,844,1,23.392,23.392,23.392
991,845,2,23.22,22.723,46.439
992,1,2,20.853,20.377,41.706
992,4,2,39.04,21.371,78.081
992,8,2,25.58,21.149,51.161
992,20,2,20.43,20.037,40.86
992,154,2,22.241,21.725,44.482
992,815,2,27.142,26.174,54.283
992,817,1,19.925,19.925,19.925
992,822,1,20.192,20.192,20.192
992,825,2,28.693,21.778,57.386
992,828,4,29.278,14.998,117.112
992,830,1,19.765,19.765,19.765
992,832,2,21.242,20.967,42.483
992,838,4,20.932,20.76,83.728
992,840,2,20.486,19.737,40.973
992,842,2,21.034,20.782,42.069
992,843,3,21.086,20.809,63.257
992,844,2,21.544,21.058,43.088
993,1,1,22.085,22.085,22.085
993,4,1,21.721,21.721,21.721
993,20,2,23.164,22.054,46.327
993,815,2,22.34,22.242,44.68
993,817,1,21.618,21.618,21.618
993,822,1,23.213,23.213,23.213
993,825,1,22.917,22.917,22.917
993,828,1,22.1,22.1,22.1
993,830,1,21.74,21.74,21.74
993,832,1,22.409,22.409,22.409
993,838,1,27.416,27.416,27.416
993,839,1,47.91,47.91,47.91
993,840,1,21.351,21.351,21.351
993,843,2,22.552,22.472,45.103
993,844,1,21.995,21.995,21.995
993,845,3,22.649,22.034,67.948
994,1,1,23.739,23.739,23.739
994,4,1,24.241,24.241,24.241
994,8,1,24.263,24.263,24.263
994,20,1,23.964,23.964,23.964
994,154,2,24.654,24.568,49.309
994,807,1,25.213,25.213,25.213
994,815,1,29.379,29.379,29.379
994,817,1,24.542,24.542,24.542
994,822,1,24.02,24.02,24.02
994,825,1,24.237,24.237,24.237
994,828,1,24.291,24.291,24.291
994,830,1,24.111,24.111,24.111
994,832,1,24.874,24.874,24.874
994,838,2,26.127,25.438,52.255
994,839,1,24.663,24.663,24.663
994,840,3,29.948,24.852,89.843
994,842,1,24.296,24.296,24.296
994,843,1,24.326,24.326,24.326
994,844,1,23.87,23.87,23.87
994,845,3,27.514,25.17,82.543
995,1,1,23.335,23.335,23.335
995,4,1,23.099,23.099,23.099
995,8,1,23.645,23.645,23.645
995,20,1,23.529,23.529,23.529
995,154,1,24.4,24.4,24.4
995,807,1,24.521,24.521,24.521
995,815,2,23.902,23.718,47.804
995,817,1,23.279,23.279,23.279
995,822,1,23.775,23.775,23.775
995,825,1,24.008,24.008,24.008
995,828,1,23.529,23.529,23.529
995,830,1,23.137,23.137,23.137
995,832,1,24.416,24.416,24.416
995,838,2,32.272,23.537,64.545
995,839,1,25.353,25.353,25.353
995,842,1,24.107,24.107,24.107
995,844,1,23.666,23.666,23.666
995,845,1,23.531,23.531,23.531
996,1,1,24.31,24.31,24.31
996,4,2,25.288,24.788,50.577
996,8,1,24.289,24.289,24.289
996,20,2,31.821,31.029,63.641
996,154,1,29.996,29.996,29.996
996,807,1,25.016,25.016,25.016
996,817,1,24.309,24.309,24.309
996,822,2,29.31,27.955,58.621
996,825,1,25.419,25.419,25.419
996,828,1,24.295,24.295,24.295
996,830,1,24.395,24.395,24.395
996,832,1,25.423,25.423,25.423
996,838,1,24.399,24.399,24.399
996,840,1,26.576,26.576,26.576
996,843,1,24.297,24.297,24.297
996,844,1,25.026,25.026,25.026
996,845,1,26.273,26.273,26.273
997,1,2,21.112,20.98,42.225
997,4,1,21.588,21.588,21.588
997,8,1,21.552,21.552,21.552
997,20,1,23.912,23.912,23.912
997,154,1,22.121,22.121,22.121
997,815,1,22.863,22.863,22.863
997,817,2,21.604,21.259,43.209
997,825,1,22.138,22.138,22.138
997,828,1,21.519,21.519,21.519
997,830,1,21.214,21.214,21.214
997,832,2,24.796,23.257,49.592
997,838,2,34.542,22.526,69.083
997,839,1,22.527,22.527,22.527
997,840,2,22.24,22.181,44.48
997,842,1,22.011,22.011,22.011
997,844,1,21.364,21.364,21.364
997,845,2,23.966,23.048,47.932
998,1,1,28.982,28.982,28.982
998,4,2,28.377,28.085,56.754
998,8,2,33.779,28.985,67.558
998,20,2,28.426,28.174,56.851
998,154,1,29.254,29.254,29.254
998,807,1,28.719,28.719,28.719
998,815,2,28.743,28.651,57.487
998,817,2,28.098,28.001,56.195
998,822,1,27.894,27.894,27.894
998,825,1,28.45,28.45,28.45
998,828,1,28.207,28.207,28.207
998,830,2,28.229,28.0,56.458
998,832,2,28.576,28.078,57.152
998,838,2,28.471,28.284,56.942
998,839,1,29.41,29.41,29.41
998,840,1,27.774,27.774,27.774
998,842,2,29.221,28.676,58.442
998,844,1,27.865,27.865,27.865
998,845,1,28.224,28.224,28.224
999,1,1,18.978,18.978,18.978
999,4,3,20.334,18.956,61.002
999,8,2,19.818,19.647,39.635
999,20,1,18.657,18.657,18.657
999,154,3,20.896,19.752,62.688
999,807,3,20.383,19.584,61.148
999,815,1,25.13,25.13,25.13
999,822,2,26.234,19.188,52.467
999,825,3,27.432,19.818,82.296
999,828,1,18.84,18.84,18.84
999,830,3,19.375,19.087,58.126
999,832,3,20.109,19.637,60.327
999,838,2,19.7,19.621,39.399
999,839,1,19.57,19.57,19.57
999,840,2,19.501,19.476,39.002
999,842,2,19.659,19.512,39.318
999,843,2,19.647,19.309,39.294
999,844,3,20.373,19.267,61.12
999,845,2,22.942,21.711,45.884
1000,1,1,21.48,21.48,21.48
1000,4,1,21.795,21.795,21.795
1000,8,2,23.15,21.829,46.3
1000,20,1,23.111,23.111,23.111
1000,154,1,21.733,21.733,21.733
1000,807,2,22.308,21.966,44.616
1000,815,1,22.561,22.561,22.561
1000,817,1,21.364,21.364,21.364
1000,822,1,21.337,21.337,21.337
1000,825,1,25.126,25.126,25.126
1000,828,1,22.64,22.64,22.64
1000,832,1,21.914,21.914,21.914
1000,838,1,21.732,21.732,21.732
1000,839,1,22.258,22.258,22.258
1000,840,1,21.291,21.291,21.291
1000,842,1,21.684,21.684,21.684
1000,843,1,21.831,21.831,21.831
1000,845,1,21.509,21.509,21.509
1001,1,2,20.874,19.372,41.747
1001,8,2,30.909,26.367,61.818
1001,20,2,20.918,19.582,41.835
1001,154,2,21.764,20.28,43.528
1001,815,2,21.412,19.667,42.824
1001,822,3,24.422,20.349,73.267
1001,825,2,22.162,20.021,44.325
1001,828,2,21.134,19.711,42.269
1001,830,2,21.142,19.942,42.283
1001,832,2,21.183,18.509,42.366
1001,838,3,21.981,19.847,65.942
1001,839,2,21.404,19.582,42.807
1001,840,2,21.316,19.732,42.633
1001,842,2,21.544,20.136,43.089
1001,843,2,23.7,18.084,47.4
1001,845,2,21.065,19.791,42.13
1002,1,1,23.728,23.728,23.728
1002,8,1,23.862,23.862,23.862
1002,20,2,28.26,24.301,56.52
1002,154,1,24.779,24.779,24.779
1002,807,2,24.845,24.456,49.69
1002,815,1,25.655,25.655,25.655
1002,817,1,24.805,24.805,24.805
1002,822,1,23.763,23.763,23.763
1002,825,1,38.563,38.563,38.563
1002,828,2,27.784,25.575,55.567
1002,830,1,24.003,24.003,24.003
1002,832,1,25.774,25.774,25.774
1002,838,1,24.094,24.094,24.094
1002,839,1,24.827,24.827,24.827
1002,840,1,26.44,26.44,26.44
1002,842,1,27.792,27.792,27.792
1002,844,1,24.084,24.084,24.084
1002,845,1,25.245,25.245,25.245
1003,1,1,28.946,28.946,28.946
1003,4,1,29.922,29.922,29.922
1003,8,1,29.513,29.513,29.513
1003,20,1,28.722,28.722,28.722
1003,154,1,29.517,29.517,29.517
1003,807,1,31.183,31.183,31.183
1003,815,3,28.293,24.34,84.879
1003,817,1,28.779,28.779,28.779
1003,822,1,28.542,28.542,28.542
1003,825,3,29.814,29.324,89.443
1003,828,1,28.86,28.86,28.86
1003,830,1,29.681,29.681,29.681
1003,832,1,30.242,30.242,30.242
1003,838,1,30.234,30.234,30.234
1003,840,1,28.767,28.767,28.767
1003,842,1,28.931,28.931,28.931
1003,843,2,29.688,29.464,59.376
1003,844,1,29.31,29.31,29.31
1003,845,2,32.249,30.477,64.499
1004,1,1,29.551,29.551,29.551
1004,4,1,30.348,30.348,30.348
1004,8,1,29.531,29.531,29.531
1004,20,1,29.798,29.798,29.798
1004,154,1,30.469,30.469,30.469
1004,807,1,30.625,30.625,30.625
1004,815,1,29.924,29.924,29.924
1004,817,1,37.446,37.446,37.446
1004,822,1,29.794,29.794,29.794
1004,825,1,29.904,29.904,29.904
1004,828,2,30.098,30.051,60.197
1004,830,1,29.37,29.37,29.37
1004,832,1,30.021,30.021,30.021
1004,838,1,29.636,29.636,29.636
1004,839,1,30.642,30.642,30.642
1004,840,1,29.266,29.266,29.266
1004,843,1,29.418,29.418,29.418
1004,844,1,30.397,30.397,30.397
1004,845,1,29.912,29.912,29.912
1005,1,1,22.614,22.614,22.614
1005,4,1,27.454,27.454,27.454
1005,8,1,22.781,22.781,22.781
1005,20,1,22.748,22.748,22.748
1005,154,1,23.692,23.692,23.692
1005,807,1,23.555,23.555,23.555
1005,815,1,23.635,23.635,23.635
1005,817,1,22.864,22.864,22.864
1005,822,1,22.777,22.777,22.777
1005,825,1,29.007,29.007,29.007
1005,828,1,23.244,23.244,23.244
1005,830,1,28.789,28.789,28.789
1005,832,1,23.477,23.477,23.477
1005,838,1,23.159,23.159,23.159
1005,839,1,23.316,23.316,23.316
1005,840,2,26.73,23.657,53.461
1005,842,1,23.376,23.376,23.376
1005,843,1,23.11,23.11,23.11
1005,844,2,32.782,26.672,65.563
1005,845,2,23.654,23.647,47.307
1006,1,2,23.804,23.693,47.608
1006,8,1,23.714,23.714,23.714
1006,20,1,24.449,24.449,24.449
1006,154,1,35.104,35.104,35.104
1006,807,1,24.681,24.681,24.681
1006,815,1,25.723,25.723,25.723
1006,822,1,23.478,23.478,23.478
1006,825,1,23.723,23.723,23.723
1006,828,1,23.94,23.94,23.94
1006,830,1,23.446,23.446,23.446
1006,832,1,29.319,29.319,29.319
1006,838,2,24.13,24.065,48.26
1006,839,1,24.534,24.534,24.534
1006,840,3,27.985,18.61,83.954
1006,842,2,24.042,23.865,48.084
1006,843,1,23.819,23.819,23.819
1006,844,1,34.812,34.812,34.812
1006,845,2,23.7,23.686,47.401
1007,1,2,22.334,22.269,44.668
1007,8,1,22.017,22.017,22.017
1007,20,2,22.218,21.777,44.435
1007,154,2,23.08,22.733,46.159
1007,807,1,23.037,23.037,23.037
1007,815,1,23.755,23.755,23.755
1007,817,1,22.022,22.022,22.022
1007,822,3,22.835,22.105,68.504
1007,825,1,22.39,22.39,22.39
1007,828,1,31.406,31.406,31.406
1007,830,2,22.132,22.088,44.263
1007,832,1,22.66,22.66,22.66
1007,838,1,22.174,22.174,22.174
1007,839,2,25.281,22.756,50.562
1007,840,2,23.911,23.371,47.822
1007,842,2,22.812,22.57,45.625
1007,843,2,22.804,22.055,45.608
1007,844,1,22.588,22.588,22.588
1007,845,1,22.732,22.732,22.732
1008,1,1,22.641,22.641,22.641
1008,4,2,28.4,23.046,56.799
1008,8,1,22.766,22.766,22.766
1008,20,2,22.617,22.551,45.234
1008,154,1,23.403,23.403,23.403
1008,815,1,23.505,23.505,23.505
1008,817,1,23.3,23.3,23.3
1008,822,2,22.841,22.727,45.682
1008,825,1,23.115,23.115,23.115
1008,828,1,23.377,23.377,23.377
1008,830,1,23.432,23.432,23.432
1008,832,2,23.854,23.77,47.709
1008,838,1,22.618,22.618,22.618
1008,839,2,29.212,27.226,58.424
1008,840,2,24.446,24.283,48.891
1008,842,1,23.757,23.757,23.757
1008,843,1,23.422,23.422,23.422
1008,844,1,23.593,23.593,23.593
1008,845,1,23.273,23.273,23.273
1009,1,1,21.283,21.283,21.283
1009,4,1,21.726,21.726,21.726
1009,20,1,22.63,22.63,22.63
1009,154,1,22.354,22.354,22.354
1009,815,1,22.112,22.112,22.112
1009,817,1,21.061,21.061,21.061
1009,822,2,21.444,21.289,42.889
1009,825,1,21.587,21.587,21.587
1009,830,1,21.057,21.057,21.057
1009,832,1,21.964,21.964,21.964
1009,838,1,22.317,22.317,22.317
1009,839,1,21.979,21.979,21.979
1009,840,1,22.189,22.189,22.189
1009,842,1,22.493,22.493,22.493
1009,843,1,41.012,41.012,41.012
1009,844,1,21.828,21.828,21.828
1009,845,1,22.755,22.755,22.755
1010,1,1,21.515,21.515,21.515
1010,8,1,23.299,23.299,23.299
1010,9,3,25.743,21.889,77.229
1010,20,1,21.995,21.995,21.995
1010,154,1,29.981,29.981,29.981
1010,807,1,21.588,21.588,21.588
1010,815,1,23.234,23.234,23.234
1010,817,1,33.027,33.027,33.027
1010,822,1,22.014,22.014,22.014
1010,825,1,22.388,22.388,22.388
1010,826,1,22.086,22.086,22.086
1010,830,1,21.157,21.157,21.157
1010,840,1,22.471,22.471,22.471
1010,841,1,27.172,27.172,27.172
1010,842,1,21.269,21.269,21.269
1010,844,1,22.306,22.306,22.306
1010,846,1,21.627,21.627,21.627
1010,847,2,21.616,21.543,43.232
1010,848,1,21.78,21.78,21.78
1011,1,2,24.29,24.255,48.579
1011,8,2,25.634,25.621,51.268
1011,9,2,24.49,24.313,48.98
1011,20,3,27.544,24.212,82.633
1011,154,1,32.082,32.082,32.082
1011,807,2,25.376,25.253,50.751
1011,815,2,26.967,26.798,53.934
1011,817,1,25.676,25.676,25.676
1011,822,2,24.649,24.433,49.298
1011,825,2,25.465,24.948,50.93
1011,826,2,28.634,26.508,57.269
1011,830,2,25.464,24.199,50.928
1011,832,3,31.854,24.985,95.562
1011,840,2,30.469,26.6,60.938
1011,841,2,26.303,24.88,52.605
1011,842,2,26.02,24.484,52.041
1011,844,2,24.438,24.358,48.876
1011,846,2,24.446,24.175,48.892
1011,847,2,24.772,24.633,49.545
1011,848,2,25.25,24.842,50.501
1012,1,2,23.12,22.644,46.241
1012,8,1,23.888,23.888,23.888
1012,9,1,32.627,32.627,32.627
1012,20,2,22.532,22.316,45.065
1012,154,2,23.39,23.261,46.781
1012,807,1,24.107,24.107,24.107
1012,815,1,23.733,23.733,23.733
1012,817,1,23.506,23.506,23.506
1012,822,2,23.14,22.196,46.279
1012,825,2,23.673,23.383,47.347
1012,826,3,28.838,17.257,86.513
1012,830,2,22.794,22.365,45.588
1012,832,2,34.205,22.532,68.41
1012,840,2,23.49,23.466,46.981
1012,841,2,25.16,25.137,50.321
1012,842,3,22.477,22.301,67.431
1012,844,2,23.574,22.921,47.148
1012,846,3,35.633,22.524,106.9
1012,847,2,24.148,23.965,48.297
1012,848,1,23.215,23.215,23.215
1013,1,1,19.993,19.993,19.993
1013,8,1,21.401,21.401,21.401
1013,9,3,18.936,15.069,56.809
1013,20,1,19.981,19.981,19.981
1013,154,1,20.906,20.906,20.906
1013,807,2,21.098,20.87,42.195
1013,815,1,20.939,20.939,20.939
1013,817,1,20.884,20.884,20.884
1013,822,1,20.006,20.006,20.006
1013,825,2,20.489,20.118,40.977
1013,826,1,21.013,21.013,21.013
1013,830,1,20.973,20.973,20.973
1013,832,1,19.755,19.755,19.755
1013,840,1,23.099,23.099,23.099
1013,841,1,20.776,20.776,20.776
1013,844,2,20.12,19.857,40.239
1013,846,2,20.95,19.819,41.899
1013,847,2,20.613,20.475,41.226
1013,848,1,20.72,20.72,20.72
1014,1,2,22.388,22.265,44.776
1014,8,2,22.446,22.342,44.891
1014,9,2,22.048,21.954,44.096
1014,20,2,22.694,21.643,45.389
1014,154,2,22.556,22.379,45.111
1014,807,1,22.193,22.193,22.193
1014,815,2,22.838,22.781,45.677
1014,817,2,22.54,22.379,45.081
1014,822,2,22.026,22.018,44.052
1014,825,2,22.508,22.025,45.017
1014,826,2,27.935,22.049,55.87
1014,830,2,22.478,22.417,44.957
1014,832,2,21.507,21.468,43.013
1014,840,1,23.321,23.321,23.321
1014,841,2,22.944,22.381,45.888
1014,842,2,22.329,22.095,44.658
1014,844,2,22.642,21.638,45.284
1014,846,1,21.579,21.579,21.579
1014,847,2,22.144,21.846,44.288
1014,848,2,30.468,23.591,60.936
1015,1,1,24.266,24.266,24.266
1015,8,1,26.299,26.299,26.299
1015,9,1,23.946,23.946,23.946
1015,20,1,24.483,24.483,24.483
1015,154,1,24.219,24.219,24.219
1015,807,1,25.532,25.532,25.532
1015,815,1,28.463,28.463,28.463
1015,817,1,24.269,24.269,24.269
1015,822,2,24.903,24.776,49.806
1015,825,1,25.419,25.419,25.419
1015,826,1,24.023,24.023,24.023
1015,830,1,24.011,24.011,24.011
1015,832,1,23.795,23.795,23.795
1015,840,1,24.591,24.591,24.591
1015,841,1,35.651,35.651,35.651
1015,842,2,24.01,23.858,48.019
1015,844,2,25.834,25.705,51.669
1015,846,1,25.026,25.026,25.026
1015,847,1,26.165,26.165,26.165
1015,848,1,25.062,25.062,25.062
1016,1,1,23.662,23.662,23.662
1016,8,2,25.004,24.666,50.008
1016,9,2,24.164,23.119,48.329
1016,20,1,23.782,23.782,23.782
1016,154,1,24.071,24.071,24.071
1016,807,1,24.03,24.03,24.03
1016,815,1,24.076,24.076,24.076
1016,817,1,23.927,23.927,23.927
1016,822,2,23.725,23.456,47.45
1016,825,1,24.381,24.381,24.381
1016,826,1,23.825,23.825,23.825
1016,830,1,23.426,23.426,23.426
1016,832,1,24.727,24.727,24.727
1016,840,1,23.727,23.727,23.727
1016,841,1,23.884,23.884,23.884
1016,842,1,23.485,23.485,23.485
1016,844,1,23.732,23.732,23.732
1016,847,1,23.686,23.686,23.686
1016,848,1,37.95,37.95,37.95
1017,1,1,30.186,30.186,30.186
1017,8,1,29.975,29.975,29.975
1017,9,1,29.792,29.792,29.792
1017,20,2,30.256,30.044,60.512
1017,154,1,30.837,30.837,30.837
1017,807,1,30.884,30.884,30.884
1017,815,1,37.286,37.286,37.286
1017,817,1,31.031,31.031,31.031
1017,822,1,30.412,30.412,30.412
1017,825,1,30.832,30.832,30.832
1017,826,1,30.233,30.233,30.233
1017,830,1,30.118,30.118,30.118
1017,832,1,29.92,29.92,29.92
1017,840,1,30.849,30.849,30.849
1017,841,2,31.27,30.842,62.539
1017,842,1,30.228,30.228,30.228
1017,844,1,30.203,30.203,30.203
1017,846,1,30.576,30.576,30.576
1017,847,2,34.722,31.95,69.444
1017,848,1,30.279,30.279,30.279
1018,1,1,30.067,30.067,30.067
1018,8,1,21.709,21.709,21.709
1018,9,1,21.525,21.525,21.525
1018,20,2,23.744,22.251,47.487
1018,154,1,22.265,22.265,22.265
1018,807,1,21.985,21.985,21.985
1018,815,1,22.33,22.33,22.33
1018,817,1,22.305,22.305,22.305
1018,822,1,22.552,22.552,22.552
1018,825,3,20.592,16.224,61.776
1018,826,1,25.091,25.091,25.091
1018,830,1,21.11,21.11,21.11
1018,832,1,21.266,21.266,21.266
1018,840,1,21.982,21.982,21.982
1018,841,1,21.672,21.672,21.672
1018,842,1,22.239,22.239,22.239
1018,844,1,21.878,21.878,21.878
1018,846,1,21.547,21.547,21.547
1018,847,1,22.772,22.772,22.772
1018,848,1,21.225,21.225,21.225
1019,1,1,28.905,28.905,28.905
1019,8,1,28.364,28.364,28.364
1019,9,1,28.694,28.694,28.694
1019,20,2,33.244,28.021,66.489
1019,154,1,33.562,33.562,33.562
1019,807,1,28.926,28.926,28.926
1019,815,3,32.348,28.747,97.043
1019,817,2,28.398,28.381,56.797
1019,822,2,28.335,28.177,56.67
1019,825,1,32.767,32.767,32.767
1019,826,2,29.094,28.811,58.188
1019,830,2,27.888,27.827,55.777
1019,832,1,27.98,27.98,27.98
1019,840,2,29.737,29.074,59.474
1019,842,1,27.905,27.905,27.905
1019,844,2,28.453,28.348,56.906
1019,846,2,28.097,27.919,56.194
1019,847,1,30.245,30.245,30.245
1019,848,1,28.954,28.954,28.954
1020,1,5,21.969,19.61,109.844
1020,8,4,22.909,20.93,91.635
1020,9,5,20.812,19.626,104.058
1020,20,5,20.752,19.586,103.762
1020,154,5,22.665,20.622,113.323
1020,807,3,20.958,20.118,62.874
1020,817,1,21.224,21.224,21.224
1020,822,4,21.223,20.498,84.892
1020,825,6,20.835,20.285,125.009
1020,826,4,22.39,20.671,89.559
1020,830,5,20.372,19.062,101.859
1020,832,3,21.346,19.964,64.038
1020,840,5,21.308,20.152,106.542
1020,841,4,22.894,20.096,91.577
1020,842,4,22.526,19.875,90.106
1020,844,3,20.927,20.317,62.78
1020,846,2,20.822,20.242,41.644
1020,847,5,20.886,19.287,104.429
1020,848,4,20.935,19.931,83.74
1021,1,2,22.135,21.39,44.27
1021,8,1,22.205,22.205,22.205
1021,9,1,21.754,21.754,21.754
1021,20,1,24.819,24.819,24.819
1021,154,1,22.035,22.035,22.035
1021,807,1,21.734,21.734,21.734
1021,815,1,21.901,21.901,21.901
1021,817,1,22.498,22.498,22.498
1021,822,2,27.536,21.744,55.072
1021,825,1,21.618,21.618,21.618
1021,826,1,23.002,23.002,23.002
1021,830,2,21.434,21.164,42.869
1021,832,1,21.832,21.832,21.832
1021,840,2,21.824,21.563,43.648
1021,841,1,23.218,23.218,23.218
1021,842,1,22.104,22.104,22.104
1021,844,1,21.575,21.575,21.575
1021,846,1,26.066,26.066,26.066
1021,847,1,21.333,21.333,21.333
1021,848,1,23.676,23.676,23.676
1022,1,1,23.497,23.497,23.497
1022,8,3,30.314,25.005,90.942
1022,9,1,24.247,24.247,24.247
1022,20,2,22.824,22.786,45.649
1022,154,1,22.912,22.912,22.912
1022,807,2,23.238,23.0,46.475
1022,815,1,23.133,23.133,23.133
1022,817,1,27.62,27.62,27.62
1022,822,1,22.579,22.579,22.579
1022,825,1,22.584,22.584,22.584
1022,826,1,22.834,22.834,22.834
1022,832,1,59.291,59.291,59.291
1022,840,2,24.012,22.774,48.024
1022,841,1,23.044,23.044,23.044
1022,842,1,22.772,22.772,22.772
1022,844,1,22.449,22.449,22.449
1022,846,1,23.182,23.182,23.182
1022,847,1,22.442,22.442,22.442
1022,848,1,22.506,22.506,22.506
1023,1,2,23.822,23.731,47.643
1023,8,2,28.48,24.568,56.961
1023,9,2,27.851,23.86,55.702
1023,20,3,29.557,24.376,88.67
1023,154,2,25.801,25.121,51.602
1023,807,1,24.092,24.092,24.092
1023,815,1,25.34,25.34,25.34
1023,817,1,24.32,24.32,24.32
1023,822,1,23.7,23.7,23.7
1023,825,2,24.689,24.4,49.378
1023,826,1,24.479,24.479,24.479
1023,830,2,27.757,24.303,55.514
1023,832,1,27.01,27.01,27.01
1023,840,2,21.629,18.838,43.257
1023,841,1,25.698,25.698,25.698
1023,842,1,24.363,24.363,24.363
1023,844,1,23.833,23.833,23.833
1023,846,1,24.311,24.311,24.311
1023,847,1,24.198,24.198,24.198
1023,848,1,29.83,29.83,29.83
1024,1,1,28.93,28.93,28.93
1024,8,1,29.992,29.992,29.992
1024,9,2,29.677,29.033,59.354
1024,20,1,29.384,29.384,29.384
1024,154,2,36.516,29.456,73.032
1024,807,2,29.358,29.152,58.715
1024,815,1,29.082,29.082,29.082
1024,817,1,30.756,30.756,30.756
1024,822,1,29.234,29.234,29.234
1024,825,2,30.16,29.403,60.319
1024,826,2,31.755,28.799,63.51
1024,830,1,28.846,28.846,28.846
1024,832,1,30.623,30.623,30.623
1024,840,3,32.71,29.46,98.13
1024,841,2,29.015,28.96,58.03
1024,842,1,32.482,32.482,32.482
1024,844,1,29.168,29.168,29.168
1024,846,1,30.397,30.397,30.397
1024,847,1,38.752,38.752,38.752
1024,848,1,28.606,28.606,28.606
1025,1,1,29.751,29.751,29.751
1025,8,2,30.775,25.038,61.55
1025,9,2,30.382,30.177,60.764
1025,20,1,29.86,29.86,29.86
1025,807,2,32.025,29.786,64.05
1025,815,1,30.271,30.271,30.271
1025,817,1,36.031,36.031,36.031
1025,822,1,29.436,29.436,29.436
1025,825,1,30.509,30.509,30.509
1025,826,2,30.162,29.571,60.324
1025,830,1,29.978,29.978,29.978
1025,832,1,30.103,30.103,30.103
1025,840,1,30.168,30.168,30.168
1025,841,2,34.21,30.227,68.42
1025,842,1,29.935,29.935,29.935
1025,844,2,29.474,29.401,58.949
1025,846,1,29.29,29.29,29.29
1025,847,1,29.857,29.857,29.857
1025,848,1,29.854,29.854,29.854
1026,1,2,23.586,23.582,47.173
1026,8,2,23.816,23.164,47.632
1026,9,2,24.852,22.97,49.704
1026,20,2,23.623,23.213,47.245
1026,154,1,23.478,23.478,23.478
1026,807,1,24.132,24.132,24.132
1026,815,2,23.09,22.88,46.181
1026,817,1,23.292,23.292,23.292
1026,822,2,23.078,23.0,46.157
1026,825,2,24.064,23.973,48.129
1026,826,1,23.293,23.293,23.293
1026,832,1,23.476,23.476,23.476
1026,840,1,23.292,23.292,23.292
1026,841,2,23.382,23.351,46.763
1026,842,1,23.18,23.18,23.18
1026,844,3,25.787,23.28,77.362
1026,846,2,24.648,23.949,49.296
1026,847,1,23.792,23.792,23.792
1026,848,2,23.328,23.301,46.655
1027,1,1,22.269,22.269,22.269
1027,8,2,22.858,22.754,45.717
1027,9,2,23.588,22.57,47.176
1027,20,1,21.862,21.862,21.862
1027,154,1,24.128,24.128,24.128
1027,807,1,22.484,22.484,22.484
1027,815,1,22.357,22.357,22.357
1027,817,1,22.345,22.345,22.345
1027,822,1,22.179,22.179,22.179
1027,825,1,23.084,23.084,23.084
1027,826,2,22.261,22.033,44.523
1027,830,1,24.493,24.493,24.493
1027,832,2,22.21,22.179,44.42
1027,840,1,22.745,22.745,22.745
1027,841,1,43.411,43.411,43.411
1027,842,2,22.654,22.618,45.307
1027,844,2,23.894,22.002,47.788
1027,847,1,22.887,22.887,22.887
1027,848,2,22.098,22.003,44.195
1028,1,1,23.943,23.943,23.943
1028,8,2,24.615,24.544,49.23
1028,9,1,24.164,24.164,24.164
1028,154,1,24.583,24.583,24.583
1028,807,2,23.964,23.684,47.929
1028,815,1,24.207,24.207,24.207
1028,817,1,23.751,23.751,23.751
1028,822,2,23.985,23.819,47.97
1028,825,2,24.83,24.731,49.66
1028,826,2,25.638,24.162,51.277
1028,830,2,23.58,23.444,47.16
1028,832,1,24.784,24.784,24.784
1028,840,2,24.881,24.567,49.762
1028,841,2,24.718,24.206,49.436
1028,842,2,24.228,24.195,48.455
1028,844,2,26.501,23.844,53.001
1028,846,2,25.227,24.678,50.454
1028,847,2,26.225,23.702,52.45
1028,848,3,27.006,23.213,81.018
1029,1,3,23.01,22.882,69.03
1029,8,2,23.652,23.463,47.304
1029,9,4,25.29,23.158,101.16
1029,20,2,23.089,23.039,46.177
1029,154,2,23.624,23.471,47.247
1029,807,3,23.229,22.747,69.687
1029,815,2,23.11,23.079,46.221
1029,817,2,30.126,29.491,60.251
1029,822,2,23.179,23.148,46.358
1029,825,2,23.685,23.479,47.37
1029,826,2,23.068,22.759,46.137
1029,830,3,22.689,22.593,68.068
1029,832,1,22.77,22.77,22.77
1029,840,2,24.094,23.346,48.187
1029,841,2,23.34,23.155,46.679
1029,842,2,23.253,22.922,46.506
1029,844,2,23.004,22.966,46.008
1029,846,2,23.368,23.355,46.736
1029,847,3,22.713,22.441,68.14
1029,848,2,23.072,23.071,46.144
1030,1,1,22.178,22.178,22.178
1030,8,1,22.41,22.41,22.41
1030,9,1,21.688,21.688,21.688
1030,20,2,23.815,21.858,47.629
1030,154,1,21.968,21.968,21.968
1030,807,1,21.578,21.578,21.578
1030,815,1,22.23,22.23,22.23
1030,817,2,21.764,21.624,43.528
1030,822,1,21.145,21.145,21.145
1030,825,1,21.531,21.531,21.531
1030,826,1,21.496,21.496,21.496
1030,830,1,21.023,21.023,21.023
1030,832,2,21.697,21.466,43.394
1030,840,2,25.31,21.778,50.62
1030,841,2,22.082,21.977,44.165
1030,844,2,21.486,21.274,42.971
1030,846,1,22.974,22.974,22.974
1030,847,1,22.272,22.272,22.272
1030,848,1,22.028,22.028,22.028
1031,1,2,19.108,16.365,38.215
1031,8,2,22.399,21.569,44.798
1031,20,3,21.433,19.33,64.299
1031,154,1,23.28,23.28,23.28
1031,815,2,19.464,16.546,38.929
1031,822,2,19.172,16.407,38.344
1031,826,3,21.349,19.656,64.047
1031,832,3,21.899,20.064,65.696
1031,839,2,20.654,19.626,41.309
1031,841,3,22.046,19.678,66.137
1031,842,2,21.188,19.911,42.377
1031,844,3,21.159,18.748,63.476
1031,846,3,21.24,18.163,63.721
1031,847,1,21.417,21.417,21.417
1031,848,3,20.052,17.035,60.156
1031,849,3,21.155,19.488,63.464
1032,1,1,21.729,21.729,21.729
1032,8,1,21.459,21.459,21.459
1032,154,1,22.444,22.444,22.444
1032,815,1,22.761,22.761,22.761
1032,817,1,21.603,21.603,21.603
1032,822,1,21.376,21.376,21.376
1032,825,1,21.977,21.977,21.977
1032,826,1,22.197,22.197,22.197
1032,830,2,21.014,20.937,42.028
1032,832,2,23.928,21.873,47.856
1032,840,1,22.118,22.118,22.118
1032,841,1,21.667,21.667,21.667
1032,842,2,22.115,21.95,44.23
1032,844,1,39.715,39.715,39.715
1032,846,1,22.406,22.406,22.406
1032,847,1,21.697,21.697,21.697
1032,848,1,21.505,21.505,21.505
1032,849,1,22.745,22.745,22.745
1033,1,3,22.337,22.264,67.01
1033,8,2,24.714,22.299,49.427
1033,20,2,25.083,21.88,50.166
1033,154,1,22.591,22.591,22.591
1033,815,2,22.657,22.051,45.314
1033,817,2,21.996,21.92,43.993
1033,822,3,21.707,21.572,65.122
1033,825,1,23.621,23.621,23.621
1033,826,2,23.126,22.685,46.253
1033,830,2,21.398,21.268,42.797
1033,832,2,24.784,22.438,49.569
1033,839,2,23.07,21.86,46.141
1033,840,3,22.557,22.057,67.672
1033,841,3,22.399,21.831,67.196
1033,842,1,22.74,22.74,22.74
1033,844,2,22.415,22.266,44.83
1033,846,2,22.877,22.742,45.754
1033,847,3,21.533,21.184,64.599
1033,848,2,22.61,22.174,45.22
1033,849,5,26.773,21.596,133.867
1034,1,1,28.805,28.805,28.805
1034,8,2,40.338,36.59,80.675
1034,20,1,29.439,29.439,29.439
1034,154,1,33.816,33.816,33.816
1034,817,1,29.559,29.559,29.559
1034,822,2,32.086,30.571,64.173
1034,830,2,28.24,28.208,56.481
1034,832,2,32.382,28.487,64.765
1034,839,1,30.768,30.768,30.768
1034,840,1,28.716,28.716,28.716
1034,841,1,28.355,28.355,28.355
1034,842,1,29.414,29.414,29.414
1034,844,1,29.52,29.52,29.52
1034,846,1,30.289,30.289,30.289
1034,847,1,29.302,29.302,29.302
1034,848,2,31.071,28.834,62.142
1034,849,1,31.371,31.371,31.371
1035,1,2,28.904,28.406,57.808
1035,8,1,29.296,29.296,29.296
1035,20,2,28.26,28.167,56.519
1035,154,2,29.59,29.377,59.18
1035,807,3,28.701,28.386,86.103
1035,817,3,28.27,28.057,84.811
1035,822,2,28.298,28.188,56.596
1035,825,2,29.162,28.934,58.323
1035,826,2,28.2,28.036,56.401
1035,830,2,29.05,28.986,58.101
1035,832,2,32.318,28.772,64.636
1035,839,1,28.093,28.093,28.093
1035,840,2,28.104,27.974,56.209
1035,841,2,27.792,27.693,55.585
1035,842,2,28.331,28.306,56.662
1035,844,1,29.419,29.419,29.419
1035,846,2,28.412,27.949,56.823
1035,847,3,28.471,28.331,85.414
1035,848,2,28.138,27.858,56.275
1035,849,3,28.61,28.086,85.831
1036,1,2,22.615,21.853,45.23
1036,8,2,22.255,22.197,44.511
1036,20,1,21.82,21.82,21.82
1036,154,2,23.611,23.212,47.222
1036,815,1,22.641,22.641,22.641
1036,817,1,21.837,21.837,21.837
1036,822,3,22.353,22.143,67.06
1036,825,1,24.148,24.148,24.148
1036,826,2,22.558,22.079,45.115
1036,830,2,21.566,21.532,43.133
1036,832,2,22.122,22.078,44.244
1036,839,1,22.366,22.366,22.366
1036,840,2,22.37,22.351,44.739
1036,841,2,22.018,21.794,44.037
1036,842,2,22.318,22.241,44.635
1036,844,1,22.274,22.274,22.274
1036,846,2,21.93,21.761,43.86
1036,847,2,22.298,21.889,44.597
1036,848,2,21.734,21.663,43.467
1036,849,2,22.398,22.322,44.797
1037,1,1,23.298,23.298,23.298
1037,8,1,22.96,22.96,22.96
1037,20,1,22.982,22.982,22.982
1037,154,1,23.636,23.636,23.636
1037,815,1,23.175,23.175,23.175
1037,817,1,23.586,23.586,23.586
1037,822,1,25.548,25.548,25.548
1037,825,2,25.248,24.339,50.495
1037,826,1,23.769,23.769,23.769
1037,830,1,23.314,23.314,23.314
1037,839,1,24.305,24.305,24.305
1037,840,1,23.689,23.689,23.689
1037,842,1,22.681,22.681,22.681
1037,844,2,27.889,25.1,55.778
1037,846,1,23.046,23.046,23.046
1037,848,1,22.738,22.738,22.738
1037,849,2,23.504,23.477,47.009
1038,1,2,28.157,24.671,56.314
1038,8,1,24.454,24.454,24.454
1038,154,1,25.936,25.936,25.936
1038,815,1,26.693,26.693,26.693
1038,817,1,25.498,25.498,25.498
1038,822,1,24.41,24.41,24.41
1038,825,1,40.078,40.078,40.078
1038,826,1,25.92,25.92,25.92
1038,830,1,26.149,26.149,26.149
1038,832,1,24.398,24.398,24.398
1038,839,1,25.29,25.29,25.29
1038,841,2,27.739,23.998,55.478
1038,842,1,24.096,24.096,24.096
1038,844,1,24.344,24.344,24.344
1038,846,1,24.612,24.612,24.612
1038,847,1,25.249,25.249,25.249
1038,848,1,29.661,29.661,29.661
1038,849,1,26.335,26.335,26.335
1039,1,3,20.927,17.536,62.781
1039,8,4,27.614,17.594,110.458
1039,20,4,24.146,17.516,96.583
1039,154,3,24.168,23.72,72.503
1039,815,3,21.207,17.531,63.621
1039,817,3,21.068,17.464,63.204
1039,822,3,21.29,17.56,63.87
1039,826,3,21.127,17.522,63.38
1039,839,1,17.455,17.455,17.455
1039,840,2,20.236,17.625,40.471
1039,844,3,21.451,17.516,64.352
1039,846,3,22.267,17.845,66.802
1039,847,3,21.801,18.399,65.404
1039,848,3,20.933,17.591,62.8
1040,1,1,41.352,41.352,41.352
1040,8,1,33.317,33.317,33.317
1040,20,1,29.395,29.395,29.395
1040,154,2,30.021,29.988,60.042
1040,815,1,29.602,29.602,29.602
1040,817,1,30.112,30.112,30.112
1040,822,1,29.75,29.75,29.75
1040,825,1,30.188,30.188,30.188
1040,826,1,29.662,29.662,29.662
1040,830,1,28.748,28.748,28.748
1040,839,1,30.068,30.068,30.068
1040,841,1,29.767,29.767,29.767
1040,842,2,29.59,29.409,59.179
1040,844,1,30.261,30.261,30.261
1040,846,2,34.238,31.368,68.476
1040,847,3,29.758,29.433,89.273
1040,848,2,30.161,30.111,60.322
1040,849,1,29.862,29.862,29.862
1041,1,2,23.582,23.18,47.163
1041,8,2,27.94,22.865,55.881
1041,20,2,23.491,22.616,46.982
1041,154,1,23.635,23.635,23.635
1041,807,2,22.693,22.686,45.386
1041,815,2,22.746,22.612,45.492
1041,817,2,22.344,22.159,44.689
1041,822,1,22.625,22.625,22.625
1041,825,2,23.065,23.016,46.13
1041,826,2,26.676,22.527,53.353
1041,830,2,22.337,22.106,44.674
1041,832,2,22.572,22.503,45.144
1041,841,2,22.627,22.482,45.254
1041,842,2,22.771,22.625,45.542
1041,844,2,22.836,22.56,45.671
1041,846,1,21.991,21.991,21.991
1041,847,1,22.496,22.496,22.496
1041,848,1,23.562,23.562,23.562
1041,849,2,24.4,24.063,48.8
1042,1,1,27.162,27.162,27.162
1042,8,1,29.061,29.061,29.061
1042,20,1,26.666,26.666,26.666
1042,154,1,26.985,26.985,26.985
1042,815,2,26.406,26.177,52.812
1042,817,1,26.999,26.999,26.999
1042,822,1,26.512,26.512,26.512
1042,825,1,27.3,27.3,27.3
1042,826,2,30.077,27.211,60.154
1042,830,1,26.394,26.394,26.394
1042,832,1,27.299,27.299,27.299
1042,839,1,28.535,28.535,28.535
1042,840,2,36.898,36.314,73.797
1042,841,1,26.473,26.473,26.473
1042,842,1,27.204,27.204,27.204
1042,844,1,26.94,26.94,26.94
1042,846,2,31.278,27.75,62.557
1042,847,1,32.991,32.991,32.991
1042,848,2,26.084,25.882,52.169
1042,849,1,26.739,26.739,26.739
1043,1,2,30.654,30.382,61.307
1043,8,1,29.863,29.863,29.863
1043,20,2,35.216,29.934,70.431
1043,154,2,30.81,30.422,61.621
1043,815,2,30.27,29.985,60.54
1043,817,1,30.204,30.204,30.204
1043,822,2,29.864,29.6,59.729
1043,825,1,30.708,30.708,30.708
1043,826,2,30.043,29.809,60.086
1043,830,1,29.427,29.427,29.427
1043,832,2,30.282,29.95,60.564
1043,839,1,30.559,30.559,30.559
1043,840,3,34.462,30.566,103.385
1043,841,1,29.745,29.745,29.745
1043,844,1,30.243,30.243,30.243
1043,846,2,29.943,29.683,59.886
1043,847,1,29.707,29.707,29.707
1043,848,2,29.661,29.552,59.322
1043,849,1,29.892,29.892,29.892
1044,1,1,23.86,23.86,23.86
1044,8,3,28.434,23.18,85.301
1044,20,2,24.712,24.022,49.423
1044,154,2,29.054,26.686,58.108
1044,815,1,25.163,25.163,25.163
1044,817,2,23.339,23.208,46.678
1044,822,2,23.126,22.853,46.251
1044,825,1,24.552,24.552,24.552
1044,826,1,23.417,23.417,23.417
1044,830,3,23.187,22.518,69.561
1044,832,2,23.724,23.537,47.447
1044,839,2,24.597,23.475,49.194
1044,840,2,23.69,23.65,47.38
1044,841,1,25.432,25.432,25.432
1044,842,2,23.478,23.288,46.957
1044,844,2,23.981,23.687,47.962
1044,846,2,23.185,22.684,46.37
1044,847,2,22.79,22.692,45.58
1044,848,2,22.546,22.49,45.092
1044,849,2,30.668,24.738,61.337
1045,1,2,24.203,24.061,48.406
1045,8,2,28.774,25.27,57.548
1045,20,2,25.109,24.774,50.218
1045,815,2,24.453,24.317,48.906
1045,817,2,24.717,24.617,49.434
1045,822,3,24.782,24.675,74.345
1045,825,3,30.005,25.793,90.014
1045,826,2,30.726,24.135,61.452
1045,830,3,25.159,23.906,75.478
1045,832,2,25.006,24.511,50.013
1045,839,2,24.665,24.076,49.33
1045,841,2,24.49,24.145,48.981
1045,842,1,24.398,24.398,24.398
1045,844,2,25.027,24.855,50.054
1045,846,2,24.672,24.666,49.345
1045,847,2,25.588,24.029,51.175
1045,848,2,24.01,23.848,48.02
1045,849,2,24.136,24.024,48.272
1046,8,3,25.868,24.401,77.605
1046,20,3,26.368,24.809,79.105
1046,815,2,24.36,24.214,48.721
1046,817,2,24.584,24.474,49.169
1046,822,2,38.713,24.552,77.426
1046,825,2,25.47,25.466,50.94
1046,826,2,24.166,24.101,48.333
1046,832,2,24.508,24.162,49.015
1046,839,1,24.414,24.414,24.414
1046,840,1,24.684,24.684,24.684
1046,841,2,24.68,24.551,49.361
1046,842,2,24.827,24.577,49.654
1046,846,2,24.565,24.245,49.13
1046,847,4,25.608,24.235,102.432
1046,848,2,23.76,23.645,47.519
1046,849,1,24.297,24.297,24.297
1046,850,3,26.618,25.78,79.854
1046,851,3,30.193,24.863,90.579
1047,1,1,22.406,22.406,22.406
1047,8,1,22.012,22.012,22.012
1047,20,1,22.04,22.04,22.04
1047,817,1,22.123,22.123,22.123
1047,822,1,21.587,21.587,21.587
1047,825,2,22.906,22.714,45.812
1047,826,1,25.724,25.724,25.724
1047,830,1,21.289,21.289,21.289
1047,832,1,22.14,22.14,22.14
1047,839,1,21.615,21.615,21.615
1047,840,1,22.036,22.036,22.036
1047,841,1,21.48,21.48,21.48
1047,842,1,22.0,22.0,22.0
1047,844,1,22.178,22.178,22.178
1047,846,1,21.84,21.84,21.84
1047,847,1,22.085,22.085,22.085
1047,848,1,21.508,21.508,21.508
1047,849,2,21.87,21.357,43.741
1047,850,3,26.016,23.217,78.047
1051,1,2,25.308,25.235,50.616
1051,4,1,25.991,25.991,25.991
1051,8,2,25.904,25.633,51.807
1051,20,1,25.726,25.726,25.726
1051,815,2,25.42,25.419,50.839
1051,817,1,25.562,25.562,25.562
1051,822,1,36.341,36.341,36.341
1051,830,3,25.313,25.175,75.94
1051,832,1,25.639,25.639,25.639
1051,839,1,25.517,25.517,25.517
1051,840,1,26.157,26.157,26.157
1051,841,2,25.667,25.347,51.334
1051,842,2,25.87,25.63,51.739
1051,844,1,25.799,25.799,25.799
1051,846,2,25.935,25.319,51.871
1051,847,2,30.563,26.121,61.127
1051,849,1,25.811,25.811,25.811
1051,852,2,26.166,25.659,52.333
1051,853,1,26.515,26.515,26.515
1051,854,1,25.881,25.881,25.881
1052,1,2,24.458,24.076,48.915
1052,4,2,24.574,24.373,49.148
1052,8,2,24.076,24.046,48.153
1052,20,1,24.626,24.626,24.626
1052,815,3,24.096,23.993,72.289
1052,817,2,24.672,24.655,49.343
1052,822,3,27.242,24.262,81.725
1052,830,2,24.307,23.848,48.615
1052,832,2,24.347,24.341,48.694
1052,839,2,24.848,24.471,49.697
1052,840,2,25.204,24.884,50.409
1052,841,2,28.11,24.223,56.221
1052,842,3,29.213,24.317,87.638
1052,844,2,24.55,24.176,49.101
1052,846,2,25.27,24.899,50.539
1052,847,2,24.434,24.248,48.869
1052,849,2,25.014,23.983,50.029
1052,852,2,24.687,24.328,49.374
1052,854,2,25.57,25.343,51.141
1053,1,2,35.155,32.112,70.31
1053,4,2,44.232,30.864,88.465
1053,8,1,30.28,30.28,30.28
1053,20,4,38.688,31.184,154.753
1053,815,1,44.608,44.608,44.608
1053,817,1,34.34,34.34,34.34
1053,822,1,30.167,30.167,30.167
1053,830,1,29.809,29.809,29.809
1053,832,1,30.856,30.856,30.856
1053,839,4,37.238,30.652,148.952
1053,840,1,31.138,31.138,31.138
1053,841,2,31.02,29.742,62.041
1053,842,3,39.809,31.068,119.428
1053,844,1,31.002,31.002,31.002
1053,846,1,30.654,30.654,30.654
1053,847,1,29.983,29.983,29.983
1053,852,1,30.696,30.696,30.696
1053,853,3,37.466,31.168,112.397
1053,854,3,44.903,32.479,134.708
1054,1,3,23.832,22.164,71.497
1054,4,3,23.172,21.452,69.515
1054,20,3,23.256,21.398,69.768
1054,815,3,23.532,21.89,70.597
1054,817,3,24.32,21.965,72.959
1054,822,4,24.24,21.377,96.96
1054,830,4,24.471,22.104,97.884
1054,832,3,23.388,22.029,70.165
1054,839,3,23.516,21.275,70.548
1054,840,3,23.489,22.176,70.467
1054,841,3,23.961,22.485,71.883
1054,842,3,23.281,21.353,69.844
1054,844,3,23.664,21.323,70.992
1054,846,3,23.637,21.407,70.91
1054,847,3,24.377,22.755,73.13
1054,849,3,23.432,21.73,70.295
1054,852,3,23.67,22.266,71.01
1054,853,4,24.236,21.372,96.946
1054,854,3,23.573,21.454,70.718
1055,1,2,22.149,22.078,44.298
1055,4,2,22.761,22.043,45.522
1055,8,1,21.572,21.572,21.572
1055,20,2,22.53,21.973,45.06
1055,815,2,21.864,21.345,43.727
1055,817,2,22.084,21.762,44.168
1055,822,2,21.974,21.638,43.949
1055,830,2,22.578,21.592,45.157
1055,832,2,21.818,21.779,43.635
1055,839,1,22.798,22.798,22.798
1055,840,2,21.594,21.432,43.188
1055,841,2,38.772,22.871,77.544
1055,842,2,27.054,26.065,54.107
1055,844,2,21.952,21.613,43.905
1055,846,2,22.166,21.864,44.331
1055,847,2,22.867,21.919,45.733
1055,849,3,23.5,21.424,70.501
1055,853,2,22.8,22.502,45.6
1055,854,2,23.158,22.31,46.316
1056,1,2,24.014,23.783,48.027
1056,4,1,23.803,23.803,23.803
1056,8,1,24.077,24.077,24.077
1056,20,1,24.369,24.369,24.369
1056,815,1,24.548,24.548,24.548
1056,817,1,24.715,24.715,24.715
1056,830,1,23.746,23.746,23.746
1056,832,1,24.15,24.15,24.15
1056,839,1,23.935,23.935,23.935
1056,840,1,23.474,23.474,23.474
1056,841,1,24.521,24.521,24.521
1056,842,1,24.428,24.428,24.428
1056,846,1,23.874,23.874,23.874
1056,847,1,23.928,23.928,23.928
1056,849,1,23.703,23.703,23.703
1056,852,1,24.43,24.43,24.43
1056,853,1,25.202,25.202,25.202
1056,854,1,24.797,24.797,24.797
1057,1,2,18.951,15.432,37.902
1057,4,3,18.528,15.432,55.583
1057,8,2,17.556,15.064,35.112
1057,20,2,17.393,14.945,34.786
1057,815,2,18.575,15.277,37.151
1057,817,2,17.538,14.994,35.076
1057,822,2,20.851,20.356,41.702
1057,830,1,19.769,19.769,19.769
1057,832,2,17.592,15.119,35.183
1057,841,3,18.492,14.881,55.476
1057,842,2,17.62,15.085,35.241
1057,844,2,17.464,15.092,34.928
1057,846,2,18.2,15.866,36.399
1057,847,3,20.479,19.97,61.437
1057,849,1,22.149,22.149,22.149
1057,852,2,17.598,14.943,35.196
1057,853,4,20.888,15.054,83.551
1057,854,3,19.695,15.058,59.085
1058,1,2,21.43,21.219,42.859
1058,4,1,21.131,21.131,21.131
1058,8,1,21.227,21.227,21.227
1058,20,1,21.546,21.546,21.546
1058,815,2,22.219,20.961,44.438
1058,817,1,21.41,21.41,21.41
1058,822,1,21.752,21.752,21.752
1058,830,1,20.936,20.936,20.936
1058,832,1,21.226,21.226,21.226
1058,839,1,21.238,21.238,21.238
1058,840,1,20.936,20.936,20.936
1058,841,1,21.21,21.21,21.21
1058,844,2,25.155,21.924,50.31
1058,846,1,21.692,21.692,21.692
1058,847,2,41.812,37.309,83.624
1058,849,2,24.186,21.953,48.372
1058,852,1,21.234,21.234,21.234
1058,853,1,22.759,22.759,22.759
1058,854,1,22.4,22.4,22.4
1059,1,1,30.263,30.263,30.263
1059,4,1,31.288,31.288,31.288
1059,8,1,31.327,31.327,31.327
1059,20,1,31.069,31.069,31.069
1059,815,1,29.682,29.682,29.682
1059,817,1,29.951,29.951,29.951
1059,822,1,30.572,30.572,30.572
1059,830,2,29.963,29.803,59.926
1059,832,1,30.534,30.534,30.534
1059,839,1,30.207,30.207,30.207
1059,840,1,30.996,30.996,30.996
1059,841,1,30.586,30.586,30.586
1059,842,1,30.781,30.781,30.781
1059,844,2,31.083,30.798,62.166
1059,846,1,30.531,30.531,30.531
1059,847,1,30.092,30.092,30.092
1059,849,1,29.775,29.775,29.775
1059,852,1,30.226,30.226,30.226
1059,853,1,30.983,30.983,30.983
1059,854,1,31.457,31.457,31.457
1060,1,2,21.213,21.005,42.426
1060,4,1,22.663,22.663,22.663
1060,8,1,21.896,21.896,21.896
1060,20,2,20.964,20.841,41.927
1060,815,1,21.735,21.735,21.735
1060,817,1,21.151,21.151,21.151
1060,822,1,21.071,21.071,21.071
1060,830,2,21.163,21.09,42.326
1060,832,1,21.431,21.431,21.431
1060,840,2,21.432,21.391,42.863
1060,841,2,24.126,21.129,48.251
1060,842,2,21.707,20.85,43.414
1060,844,1,21.143,21.143,21.143
1060,846,1,26.474,26.474,26.474
1060,847,1,21.606,21.606,21.606
1060,849,1,21.152,21.152,21.152
1060,852,2,23.874,21.145,47.749
1060,853,2,22.591,22.0,45.182
1060,854,1,21.798,21.798,21.798
1061,1,1,40.266,40.266,40.266
1061,4,1,29.743,29.743,29.743
1061,8,1,28.11,28.11,28.11
1061,20,1,28.145,28.145,28.145
1061,815,3,28.274,27.848,84.822
1061,817,1,28.817,28.817,28.817
1061,822,1,28.209,28.209,28.209
1061,832,1,37.509,37.509,37.509
1061,839,1,28.772,28.772,28.772
1061,840,1,28.213,28.213,28.213
1061,841,1,28.137,28.137,28.137
1061,842,2,28.432,28.18,56.865
1061,844,1,28.433,28.433,28.433
1061,846,1,31.706,31.706,31.706
1061,847,1,27.812,27.812,27.812
1061,849,1,27.543,27.543,27.543
1061,852,1,29.134,29.134,29.134
1061,853,1,29.253,29.253,29.253
1061,854,1,29.319,29.319,29.319
1062,1,3,21.485,21.208,64.455
1062,4,2,29.322,21.523,58.645
1062,8,3,31.027,21.172,93.08
1062,20,2,31.792,22.703,63.585
1062,817,2,28.057,21.623,56.115
1062,830,4,24.927,20.848,99.709
1062,832,2,32.368,21.951,64.737
1062,839,2,30.582,21.642,61.164
1062,841,4,28.634,21.874,114.537
1062,842,3,27.559,21.295,82.677
1062,846,1,38.267,38.267,38.267
1062,847,2,25.78,22.186,51.56
1062,849,2,30.893,22.704,61.785
1062,852,2,31.28,21.819,62.559
1062,853,1,23.715,23.715,23.715
1062,854,2,29.463,22.113,58.926
1064,1,3,19.28,18.868,57.84
1064,4,1,19.018,19.018,19.018
1064,9,1,19.708,19.708,19.708
1064,20,2,18.672,18.664,37.345
1064,815,2,18.921,18.555,37.842
1064,817,1,19.449,19.449,19.449
1064,822,2,20.302,18.873,40.603
1064,830,2,18.86,18.578,37.72
1064,832,1,20.327,20.327,20.327
1064,839,1,19.24,19.24,19.24
1064,840,1,19.389,19.389,19.389
1064,841,2,19.546,19.049,39.092
1064,842,1,19.163,19.163,19.163
1064,844,1,19.49,19.49,19.49
1064,846,1,20.443,20.443,20.443
1064,847,2,22.084,18.634,44.167
1064,849,1,20.646,20.646,20.646
1064,852,1,19.85,19.85,19.85
1064,853,1,19.999,19.999,19.999
1064,854,2,30.075,24.578,60.151
1065,1,1,25.619,25.619,25.619
1065,4,1,24.797,24.797,24.797
1065,9,1,24.501,24.501,24.501
1065,20,2,25.542,25.157,51.084
1065,815,1,23.906,23.906,23.906
1065,817,1,23.812,23.812,23.812
1065,822,1,24.308,24.308,24.308
1065,830,1,32.456,32.456,32.456
1065,832,1,24.283,24.283,24.283
1065,839,1,30.333,30.333,30.333
1065,840,1,24.846,24.846,24.846
1065,841,2,33.87,30.551,67.741
1065,844,1,24.557,24.557,24.557
1065,846,1,24.168,24.168,24.168
1065,847,1,24.156,24.156,24.156
1065,849,1,24.168,24.168,24.168
1065,853,3,26.884,24.806,80.651
1065,854,1,24.714,24.714,24.714
1066,1,2,29.962,29.878,59.923
1066,4,2,30.43,30.157,60.859
1066,8,2,30.117,30.102,60.233
1066,20,2,30.685,29.242,61.37
1066,815,2,34.17,32.313,68.339
1066,817,2,32.316,31.016,64.633
1066,822,2,29.752,29.569,59.505
1066,830,2,30.298,29.578,60.595
1066,832,2,30.696,30.677,61.392
1066,839,2,31.583,29.901,63.165
1066,840,2,36.683,30.241,73.365
1066,841,2,32.021,30.081,64.042
1066,842,2,30.634,29.354,61.269
1066,844,2,32.248,31.849,64.497
1066,846,2,31.247,29.824,62.494
1066,847,2,31.373,30.665,62.746
1066,849,1,30.056,30.056,30.056
1066,852,3,30.688,30.112,92.064
1066,853,2,32.029,30.127,64.058
1066,854,1,29.996,29.996,29.996
1067,1,1,22.684,22.684,22.684
1067,4,1,29.116,29.116,29.116
1067,8,1,23.164,23.164,23.164
1067,20,2,23.507,23.5,47.014
1067,815,1,22.463,22.463,22.463
1067,817,1,23.028,23.028,23.028
1067,822,1,22.962,22.962,22.962
1067,830,1,22.442,22.442,22.442
1067,832,1,28.353,28.353,28.353
1067,840,1,35.509,35.509,35.509
1067,841,1,23.15,23.15,23.15
1067,842,1,29.31,29.31,29.31
1067,844,1,23.646,23.646,23.646
1067,846,1,23.239,23.239,23.239
1067,847,1,23.551,23.551,23.551
1067,849,1,24.104,24.104,24.104
1067,852,1,23.329,23.329,23.329
1067,853,1,23.829,23.829,23.829
1067,854,1,23.892,23.892,23.892
1069,1,2,24.078,23.676,48.157
1069,4,3,23.578,23.314,70.734
1069,8,2,24.14,24.09,48.281
1069,20,2,24.413,23.849,48.826
1069,815,2,24.311,23.604,48.622
1069,817,2,24.106,24.036,48.212
1069,822,2,24.032,23.619,48.063
1069,830,2,23.89,23.727,47.779
1069,832,2,25.14,23.414,50.28
1069,839,2,32.359,23.919,64.719
1069,840,2,23.641,23.455,47.282
1069,841,2,23.748,23.502,47.495
1069,842,1,23.745,23.745,23.745
1069,844,2,23.908,23.805,47.816
1069,846,2,24.966,24.385,49.933
1069,847,2,24.276,23.572,48.552
1069,849,2,28.132,23.653,56.263
1069,852,2,23.666,23.529,47.331
1069,853,3,26.484,24.169,79.453
1069,854,2,24.27,24.247,48.54
1070,1,1,22.373,22.373,22.373
1070,4,1,23.985,23.985,23.985
1070,8,1,22.424,22.424,22.424
1070,20,1,22.277,22.277,22.277
1070,815,1,22.114,22.114,22.114
1070,817,2,30.47,22.813,60.941
1070,822,4,25.812,22.463,103.25
1070,830,1,21.908,21.908,21.908
1070,832,1,22.031,22.031,22.031
1070,839,1,23.1,23.1,23.1
1070,840,2,24.821,23.586,49.642
1070,841,1,22.205,22.205,22.205
1070,842,1,22.549,22.549,22.549
1070,844,1,22.085,22.085,22.085
1070,846,1,22.534,22.534,22.534
1070,847,1,21.984,21.984,21.984
1070,849,2,23.21,22.739,46.42
1070,853,2,24.366,23.637,48.731
1071,1,4,20.481,17.91,81.924
1071,4,3,19.944,17.705,59.831
1071,8,4,20.824,18.327,83.297
1071,20,4,20.861,17.896,83.445
1071,815,5,21.036,18.136,105.181
1071,817,3,20.306,18.347,60.918
1071,822,4,20.464,17.837,81.855
1071,830,4,20.303,17.807,81.211
1071,832,4,20.725,18.373,82.899
1071,839,3,20.202,17.818,60.607
1071,840,3,20.293,17.935,60.88
1071,841,4,20.522,17.713,82.09
1071,842,4,21.05,18.608,84.202
1071,844,4,20.361,17.771,81.445
1071,846,5,21.218,17.673,106.092
1071,847,4,21.283,18.179,85.133
1071,849,4,20.708,18.153,82.831
1071,852,5,24.265,17.711,121.323
1071,853,3,20.003,17.995,60.008
1071,854,5,25.569,17.861,127.846
1072,1,1,20.58,20.58,20.58
1072,4,2,20.751,20.405,41.502
1072,8,1,34.489,34.489,34.489
1072,815,1,20.71,20.71,20.71
1072,822,1,21.668,21.668,21.668
1072,840,1,27.165,27.165,27.165
1072,844,1,20.531,20.531,20.531
1072,846,1,20.973,20.973,20.973
1072,847,1,20.519,20.519,20.519
1072,849,1,24.22,24.22,24.22
1072,852,1,27.874,27.874,27.874
1073,1,1,21.595,21.595,21.595
1073,4,1,21.304,21.304,21.304
1073,8,1,22.338,22.338,22.338
1073,20,1,21.221,21.221,21.221
1073,815,3,21.423,21.385,64.269
1073,817,2,21.752,21.449,43.505
1073,822,1,21.669,21.669,21.669
1073,830,3,21.492,21.152,64.476
1073,832,1,22.213,22.213,22.213
1073,839,1,21.677,21.677,21.677
1073,840,2,22.474,22.288,44.949
1073,841,1,22.283,22.283,22.283
1073,842,2,22.026,21.92,44.053
1073,844,2,21.817,21.173,43.634
1073,846,2,21.776,21.38,43.553
1073,849,1,21.241,21.241,21.241
1073,852,2,22.182,21.909,44.364
1073,854,2,22.097,22.07,44.194
1074,1,3,25.525,25.201,76.576
1074,4,3,24.927,24.508,74.782
1074,807,3,26.608,25.748,79.825
1074,815,3,24.722,24.173,74.166
1074,817,3,24.98,24.885,74.939
1074,822,3,25.412,25.156,76.237
1074,825,3,25.802,25.478,77.405
1074,830,3,24.745,24.402,74.236
1074,832,3,24.464,24.287,73.391
1074,839,3,26.703,24.233,80.11
1074,840,3,25.912,25.039,77.735
1074,842,2,25.225,24.575,50.45
1074,844,3,24.717,24.527,74.152
1074,846,3,25.637,24.568,76.91
1074,847,3,25.599,25.334,76.796
1074,848,3,25.166,24.874,75.499
1074,849,3,24.631,24.457,73.893
1074,852,3,24.878,24.188,74.633
1074,854,2,25.4,25.214,50.8
1074,855,3,26.455,25.291,79.366
1075,1,1,21.788,21.788,21.788
1075,4,1,21.543,21.543,21.543
1075,807,1,21.425,21.425,21.425
1075,815,1,20.481,20.481,20.481
1075,817,1,20.65,20.65,20.65
1075,822,2,22.636,22.561,45.271
1075,825,1,22.374,22.374,22.374
1075,830,1,20.731,20.731,20.731
1075,832,1,21.521,21.521,21.521
1075,839,1,21.141,21.141,21.141
1075,840,1,22.339,22.339,22.339
1075,842,1,22.82,22.82,22.82
1075,844,1,21.038,21.038,21.038
1075,846,1,20.383,20.383,20.383
1075,847,1,21.415,21.415,21.415
1075,848,1,20.683,20.683,20.683
1075,855,2,24.418,15.103,48.837
1076,1,1,17.877,17.877,17.877
1076,4,2,18.595,18.394,37.19
1076,815,1,17.434,17.434,17.434
1076,817,1,18.15,18.15,18.15
1076,822,1,18.413,18.413,18.413
1076,825,1,19.111,19.111,19.111
1076,830,1,18.281,18.281,18.281
1076,839,1,19.128,19.128,19.128
1076,840,3,19.068,18.242,57.204
1076,842,1,18.926,18.926,18.926
1076,844,1,17.973,17.973,17.973
1076,846,1,17.556,17.556,17.556
1076,847,1,18.479,18.479,18.479
1076,848,1,19.845,19.845,19.845
1076,849,2,18.244,17.936,36.488
1076,852,1,18.443,18.443,18.443
1076,854,1,19.039,19.039,19.039
1076,855,1,18.38,18.38,18.38
1077,1,1,32.74,32.74,32.74
1077,20,1,30.484,30.484,30.484
1077,815,2,29.996,29.627,59.993
1077,817,3,30.98,30.155,92.939
1077,822,1,40.957,40.957,40.957
1077,825,1,33.765,33.765,33.765
1077,830,2,29.972,29.942,59.943
1077,839,1,31.409,31.409,31.409
1077,840,1,32.667,32.667,32.667
1077,842,1,30.405,30.405,30.405
1077,844,3,32.799,30.042,98.396
1077,846,1,30.07,30.07,30.07
1077,847,1,31.079,31.079,31.079
1077,848,1,30.793,30.793,30.793
1077,849,1,31.125,31.125,31.125
1077,852,1,30.372,30.372,30.372
1077,854,2,31.152,30.984,62.304
1077,855,1,32.203,32.203,32.203
1078,1,1,18.82,18.82,18.82
1078,4,1,21.638,21.638,21.638
1078,20,1,19.861,19.861,19.861
1078,815,2,18.476,18.433,36.952
1078,817,2,19.382,19.28,38.764
1078,822,1,19.614,19.614,19.614
1078,825,2,20.216,19.76,40.433
1078,830,1,18.798,18.798,18.798
1078,832,1,22.063,22.063,22.063
1078,839,1,19.019,19.019,19.019
1078,840,1,19.074,19.074,19.074
1078,842,2,19.275,19.007,38.55
1078,844,1,19.697,19.697,19.697
1078,846,1,19.986,19.986,19.986
1078,847,1,19.035,19.035,19.035
1078,848,1,20.059,20.059,20.059
1078,849,1,19.185,19.185,19.185
1078,852,2,19.244,18.87,38.488
1078,854,2,26.397,20.413,52.794
1079,1,3,25.133,22.105,75.4
1079,4,3,23.232,21.914,69.696
1079,20,2,22.496,22.456,44.992
1079,815,3,21.782,21.619,65.345
1079,817,3,22.226,22.124,66.677
1079,822,2,22.764,22.541,45.528
1079,825,2,26.755,23.878,53.51
1079,830,3,22.027,21.941,66.08
1079,832,3,22.17,21.867,66.51
1079,839,3,22.374,22.033,67.123
1079,840,3,23.346,22.833,70.039
1079,842,3,23.931,21.838,71.793
1079,844,1,21.794,21.794,21.794
1079,846,3,22.474,21.916,67.422
1079,847,3,22.336,22.039,67.008
1079,848,4,23.202,22.657,92.808
1079,849,3,22.754,22.311,68.261
1079,852,3,22.734,22.316,68.201
1079,854,2,23.354,23.127,46.709
1079,855,1,23.109,23.109,23.109
1080,1,2,24.652,24.507,49.303
1080,4,1,24.526,24.526,24.526
1080,20,2,25.049,24.965,50.098
1080,815,2,24.472,24.409,48.945
1080,817,1,26.056,26.056,26.056
1080,822,1,25.865,25.865,25.865
1080,830,2,26.97,26.93,53.939
1080,832,1,24.666,24.666,24.666
1080,839,1,24.875,24.875,24.875
1080,840,3,28.377,25.65,85.131
1080,842,2,32.128,28.77,64.256
1080,844,2,26.872,25.71,53.744
1080,846,3,24.746,24.607,74.239
1080,847,1,25.352,25.352,25.352
1080,848,2,29.374,27.231,58.749
1080,849,3,33.345,26.91,100.034
1080,852,3,25.452,25.068,76.355
1080,854,2,32.246,27.637,64.491
1080,855,1,25.594,25.594,25.594
1081,1,2,21.15,20.831,42.301
1081,4,1,20.571,20.571,20.571
1081,20,1,20.249,20.249,20.249
1081,815,2,22.864,22.349,45.728
1081,817,1,21.794,21.794,21.794
1081,822,1,20.979,20.979,20.979
1081,825,1,21.555,21.555,21.555
1081,830,2,21.095,20.722,42.19
1081,839,1,22.638,22.638,22.638
1081,840,1,22.059,22.059,22.059
1081,842,1,22.698,22.698,22.698
1081,844,1,23.212,23.212,23.212
1081,846,1,21.443,21.443,21.443
1081,847,2,20.532,20.527,41.065
1081,848,2,23.559,21.54,47.117
1081,849,2,25.732,22.069,51.464
1081,852,2,32.292,23.083,64.583
1081,854,2,24.602,22.231,49.204
1081,855,1,23.001,23.001,23.001
1082,1,2,23.843,23.841,47.686
1082,4,2,24.459,23.779,48.918
1082,20,2,23.544,23.406,47.087
1082,817,2,26.385,24.833,52.77
1082,822,1,26.089,26.089,26.089
1082,825,1,38.262,38.262,38.262
1082,830,2,23.96,23.704,47.921
1082,832,2,24.548,24.215,49.096
1082,839,2,24.815,23.945,49.629
1082,840,1,25.252,25.252,25.252
1082,842,2,23.585,23.557,47.17
1082,844,1,26.199,26.199,26.199
1082,846,2,33.583,24.134,67.166
1082,847,2,24.01,23.951,48.02
1082,848,2,23.667,23.53,47.334
1082,849,2,27.027,24.02,54.054
1082,852,2,23.349,23.248,46.698
1082,855,2,24.13,23.98,48.261
1083,1,2,29.416,28.996,58.833
1083,4,2,28.787,28.733,57.574
1083,20,2,29.193,28.54,58.386
1083,815,2,32.728,28.155,65.457
1083,817,3,30.069,29.345,90.206
1083,825,1,29.473,29.473,29.473
1083,830,3,29.133,28.709,87.4
1083,832,2,28.504,28.435,57.009
1083,839,1,30.342,30.342,30.342
1083,840,2,29.206,28.632,58.412
1083,842,1,29.632,29.632,29.632
1083,844,1,28.805,28.805,28.805
1083,846,2,28.803,28.659,57.606
1083,849,2,28.633,28.438,57.267
1083,852,2,32.103,29.448,64.207
1083,854,2,29.99,29.147,59.979
1084,1,2,22.862,22.697,45.723
1084,4,3,22.544,21.552,67.631
1084,20,2,21.847,21.583,43.695
1084,815,1,23.681,23.681,23.681
1084,817,2,21.623,21.356,43.245
1084,822,2,23.478,22.278,46.955
1084,825,2,22.146,22.088,44.293
1084,830,3,21.595,21.319,64.785
1084,832,2,21.352,21.212,42.704
1084,839,2,21.932,21.755,43.864
1084,840,2,21.692,21.431,43.383
1084,842,2,25.167,22.724,50.334
1084,844,3,21.5,21.319,64.501
1084,846,2,25.004,22.684,50.008
1084,847,2,29.966,21.731,59.932
1084,848,2,22.212,22.122,44.423
1084,849,2,21.464,21.206,42.928
1084,852,2,21.634,21.519,43.268
1084,854,2,22.5,22.12,45.0
1084,855,2,25.782,22.704,51.564
1085,1,1,37.189,37.189,37.189
1085,4,1,36.524,36.524,36.524
1085,20,1,36.671,36.671,36.671
1085,815,1,38.061,38.061,38.061
1085,817,1,36.264,36.264,36.264
1085,822,2,37.188,36.52,74.375
1085,825,2,36.591,36.403,73.182
1085,830,1,35.266,35.266,35.266
1085,832,2,41.875,41.458,83.75
1085,839,1,44.747,44.747,44.747
1085,840,1,39.844,39.844,39.844
1085,842,1,35.969,35.969,35.969
1085,846,1,37.539,37.539,37.539
1085,847,1,38.277,38.277,38.277
1085,848,1,37.38,37.38,37.38
1085,849,2,37.22,36.942,74.439
1085,852,1,37.648,37.648,37.648
1085,854,2,36.854,36.704,73.707
1085,855,2,43.617,36.444,87.234
1086,1,2,21.897,21.699,43.794
1086,4,1,22.083,22.083,22.083
1086,20,2,23.216,21.402,46.432
1086,815,2,21.142,21.118,42.285
1086,817,2,21.54,21.521,43.079
1086,822,1,22.272,22.272,22.272
1086,825,3,25.333,23.147,75.998
1086,830,2,21.29,21.228,42.579
1086,832,2,23.138,22.82,46.276
1086,839,1,23.581,23.581,23.581
1086,840,2,21.697,21.615,43.394
1086,842,2,21.582,21.489,43.164
1086,844,3,21.764,21.544,65.291
1086,846,2,22.711,21.855,45.422
1086,847,2,22.253,21.743,44.506
1086,848,3,25.779,21.816,77.338
1086,849,3,24.365,21.865,73.094
1086,852,3,21.907,21.577,65.721
1086,854,2,22.76,22.566,45.519
1086,855,2,25.27,22.321,50.539
1087,4,2,23.298,22.641,46.595
1087,20,2,23.028,22.833,46.055
1087,815,2,22.499,22.349,44.999
1087,817,2,23.116,23.085,46.231
1087,825,2,25.106,23.396,50.211
1087,830,2,22.602,22.322,45.204
1087,832,2,22.646,22.543,45.293
1087,839,2,23.501,23.491,47.002
1087,840,2,23.452,23.349,46.904
1087,842,2,22.7,22.542,45.399
1087,844,3,23.574,23.189,70.721
1087,846,2,23.298,23.036,46.596
1087,847,2,22.901,22.825,45.802
1087,848,2,23.874,23.334,47.749
1087,849,3,27.802,23.414,83.407
1087,852,2,27.154,24.253,54.308
1087,854,2,24.57,24.158,49.14
1087,855,2,23.554,23.364,47.108
1088,1,3,17.455,14.155,52.365
1088,4,3,18.947,15.762,56.841
1088,20,4,18.651,14.349,74.605
1088,815,4,17.734,14.113,70.936
1088,817,5,18.724,14.493,93.619
1088,822,2,20.395,19.741,40.79
1088,825,4,20.583,14.175,82.333
1088,830,4,18.253,14.113,73.012
1088,832,3,23.454,19.493,70.362
1088,839,3,18.366,14.041,55.098
1088,840,4,18.42,14.118,73.678
1088,842,4,17.508,13.973,70.034
1088,844,4,17.937,14.008,71.748
1088,846,3,20.561,19.303,61.684
1088,847,3,20.488,19.359,61.464
1088,848,4,18.464,14.114,73.858
1088,849,4,18.882,14.459,75.527
1088,852,3,30.25,18.774,90.751
1088,854,4,20.764,14.144,83.054
1088,855,4,19.824,14.128,79.297
1089,1,1,24.282,24.282,24.282
1089,815,2,23.498,23.299,46.997
1089,817,1,25.164,25.164,25.164
1089,822,1,24.758,24.758,24.758
1089,825,2,27.505,24.846,55.01
1089,830,2,23.941,23.791,47.882
1089,832,2,24.126,23.728,48.253
1089,839,1,24.336,24.336,24.336
1089,840,1,24.254,24.254,24.254
1089,842,1,25.376,25.376,25.376
1089,844,3,23.718,23.531,71.154
1089,846,2,25.749,24.784,51.498
1089,847,2,24.594,24.114,49.189
1089,849,2,25.522,24.263,51.045
1089,852,2,23.956,23.904,47.913
1089,854,1,24.817,24.817,24.817
1089,855,1,25.366,25.366,25.366
1089,856,1,24.628,24.628,24.628
1091,1,1,41.019,41.019,41.019
1091,20,1,29.704,29.704,29.704
1091,815,1,29.55,29.55,29.55
1091,817,1,30.946,30.946,30.946
1091,822,1,32.167,32.167,32.167
1091,825,2,35.925,32.603,71.85
1091,830,2,29.591,29.407,59.182
1091,832,1,30.603,30.603,30.603
1091,840,1,29.863,29.863,29.863
1091,842,1,29.867,29.867,29.867
1091,844,1,32.058,32.058,32.058
1091,846,1,30.528,30.528,30.528
1091,847,4,30.799,29.713,123.195
1091,852,1,31.293,31.293,31.293
1091,854,2,32.962,31.201,65.923
1092,1,1,25.059,25.059,25.059
1092,4,2,24.114,24.106,48.229
1092,20,1,24.218,24.218,24.218
1092,815,1,25.322,25.322,25.322
1092,817,1,25.377,25.377,25.377
1092,822,1,24.869,24.869,24.869
1092,825,1,25.594,25.594,25.594
1092,830,1,24.308,24.308,24.308
1092,839,1,25.172,25.172,25.172
1092,840,2,23.938,23.87,47.875
1092,842,3,30.084,23.966,90.251
1092,844,1,25.899,25.899,25.899
1092,846,1,24.595,24.595,24.595
1092,847,1,28.728,28.728,28.728
1092,849,1,24.785,24.785,24.785
1092,852,2,24.098,23.756,48.195
1092,854,1,24.608,24.608,24.608
1092,855,2,24.414,24.266,48.829
1093,1,2,24.248,24.135,48.497
1093,4,2,31.788,23.87,63.577
1093,20,2,31.232,24.307,62.464
1093,815,2,24.102,23.403,48.204
1093,817,2,25.321,24.436,50.642
1093,822,1,25.013,25.013,25.013
1093,825,1,29.039,29.039,29.039
1093,830,2,28.06,23.866,56.12
1093,839,2,24.764,24.711,49.527
1093,840,1,25.417,25.417,25.417
1093,842,2,26.294,23.67,52.588
1093,844,2,24.034,23.755,48.069
1093,846,2,23.864,23.702,47.728
1093,847,3,26.165,23.947,78.494
1093,848,2,24.468,24.311,48.935
1093,849,2,24.758,24.195,49.516
1093,852,2,23.464,23.241,46.929
1093,854,2,24.93,24.651,49.86
1093,855,2,26.17,25.015,52.341
1094,1,1,23.194,23.194,23.194
1094,4,1,23.159,23.159,23.159
1094,20,1,22.534,22.534,22.534
1094,815,1,24.892,24.892,24.892
1094,817,1,22.28,22.28,22.28
1094,822,1,23.863,23.863,23.863
1094,825,1,23.722,23.722,23.722
1094,830,1,22.487,22.487,22.487
1094,832,1,23.469,23.469,23.469
1094,839,1,22.343,22.343,22.343
1094,840,2,23.314,23.119,46.628
1094,842,1,29.168,29.168,29.168
1094,844,1,22.193,22.193,22.193
1094,846,1,22.585,22.585,22.585
1094,847,2,22.956,22.795,45.913
1094,848,1,23.182,23.182,23.182
1094,849,2,23.932,23.826,47.865
1094,852,1,22.468,22.468,22.468
1094,854,1,23.679,23.679,23.679
1094,855,1,24.218,24.218,24.218
1095,1,2,23.748,23.415,47.496
1095,4,3,25.374,23.478,76.123
1095,20,2,24.138,24.028,48.276
1095,815,2,23.01,22.869,46.021
1095,822,2,24.262,23.908,48.524
1095,830,3,28.909,24.102,86.726
1095,832,3,24.168,23.483,72.505
1095,839,2,24.156,23.868,48.313
1095,840,2,23.617,23.469,47.233
1095,842,3,23.266,23.009,69.797
1095,844,3,25.459,23.124,76.376
1095,846,2,27.004,24.669,54.007
1095,847,2,23.501,23.48,47.001
1095,848,3,23.678,23.322,71.035
1095,849,3,25.58,23.64,76.739
1095,852,3,23.522,23.287,70.567
1095,854,2,24.822,24.487,49.643
1095,855,2,24.722,24.332,49.443
1096,1,1,21.27,21.27,21.27
1096,4,1,21.74,21.74,21.74
1096,20,1,23.186,23.186,23.186
1096,815,2,21.364,21.36,42.727
1096,817,1,21.893,21.893,21.893
1096,822,1,22.573,22.573,22.573
1096,825,1,22.387,22.387,22.387
1096,830,1,22.735,22.735,22.735
1096,832,2,21.752,21.575,43.505
1096,839,2,21.815,21.734,43.629
1096,840,2,21.808,21.802,43.616
1096,842,1,21.855,21.855,21.855
1096,844,1,22.21,22.21,22.21
1096,846,2,21.897,21.559,43.793
1096,847,2,26.087,24.243,52.174
1096,848,2,21.795,21.793,43.591
1096,849,2,23.798,22.423,47.597
1096,852,2,21.926,21.591,43.853
1096,854,2,22.903,22.276,45.806
1096,855,2,22.797,22.435,45.594
1098,1,2,24.686,24.682,49.372
1098,4,2,25.334,24.869,50.669
1098,807,3,30.308,26.075,90.924
1098,815,2,24.678,24.264,49.355
1098,822,2,25.521,25.399,51.042
1098,825,3,25.303,25.125,75.908
1098,830,2,24.6,24.289,49.199
1098,832,2,24.364,24.227,48.727
1098,839,3,36.982,24.966,110.946
1098,840,2,25.044,24.639,50.088
1098,842,3,25.167,24.736,75.5
1098,844,2,24.494,24.345,48.989
1098,846,6,32.556,30.71,195.334
1098,847,2,25.734,24.406,51.468
1098,848,3,24.811,24.458,74.432
1098,852,3,25.152,24.372,75.457
1098,855,3,27.079,25.282,81.236
1098,856,2,25.126,25.018,50.252
1098,858,3,25.439,25.047,76.317
1099,1,1,21.102,21.102,21.102
1099,4,1,26.879,26.879,26.879
1099,807,1,21.567,21.567,21.567
1099,815,1,20.715,20.715,20.715
1099,822,3,21.835,21.505,65.504
1099,825,1,20.87,20.87,20.87
1099,830,1,20.824,20.824,20.824
1099,832,1,20.76,20.76,20.76
1099,839,1,20.762,20.762,20.762
1099,840,1,21.15,21.15,21.15
1099,842,1,20.719,20.719,20.719
1099,844,1,20.026,20.026,20.026
1099,846,2,25.398,21.352,50.796
1099,847,1,20.828,20.828,20.828
1099,848,1,21.397,21.397,21.397
1099,852,1,21.414,21.414,21.414
1099,855,2,21.492,21.282,42.985
1099,856,1,21.116,21.116,21.116
1099,857,1,31.534,31.534,31.534
1099,858,1,21.064,21.064,21.064
1100,815,2,17.736,17.657,35.471
1100,822,2,20.742,19.825,41.484
1100,825,1,20.789,20.789,20.789
1100,832,1,18.319,18.319,18.319
1100,839,1,18.056,18.056,18.056
1100,847,1,19.146,19.146,19.146
1100,852,1,18.258,18.258,18.258
1100,855,2,20.416,18.951,40.832
1100,856,1,18.08,18.08,18.08
1100,857,1,19.442,19.442,19.442
1100,858,3,18.853,18.382,56.558
1101,1,1,20.324,20.324,20.324
1101,4,1,23.148,23.148,23.148
1101,807,1,24.748,24.748,24.748
1101,815,1,20.389,20.389,20.389
1101,822,3,21.444,20.967,64.333
1101,825,1,30.951,30.951,30.951
1101,830,1,20.707,20.707,20.707
1101,832,1,21.97,21.97,21.97
1101,839,1,20.367,20.367,20.367
1101,840,1,23.161,23.161,23.161
1101,842,2,20.702,20.235,41.404
1101,844,1,21.126,21.126,21.126
1101,846,1,20.346,20.346,20.346
1101,847,2,20.924,20.459,41.848
1101,848,1,21.103,21.103,21.103
1101,852,1,20.497,20.497,20.497
1101,855,1,22.247,22.247,22.247
1101,857,1,20.902,20.902,20.902
1101,858,1,21.015,21.015,21.015
1102,1,1,22.15,22.15,22.15
1102,4,1,22.631,22.631,22.631
1102,807,1,23.12,23.12,23.12
1102,815,1,21.884,21.884,21.884
1102,822,1,23.158,23.158,23.158
1102,825,1,22.616,22.616,22.616
1102,830,1,22.688,22.688,22.688
1102,832,1,22.278,22.278,22.278
1102,839,1,21.942,21.942,21.942
1102,840,1,22.651,22.651,22.651
1102,842,1,22.417,22.417,22.417
1102,844,1,22.068,22.068,22.068
1102,846,1,24.09,24.09,24.09
1102,847,1,22.335,22.335,22.335
1102,848,1,22.482,22.482,22.482
1102,852,1,22.39,22.39,22.39
1102,855,1,22.796,22.796,22.796
1102,856,1,23.487,23.487,23.487
1102,857,1,22.205,22.205,22.205
1102,858,1,48.938,48.938,48.938
1104,1,2,25.64,24.594,51.279
1104,4,2,25.165,24.414,50.33
1104,807,3,30.964,25.672,92.891
1104,815,5,27.331,24.217,136.656
1104,822,1,30.395,30.395,30.395
1104,825,1,51.052,51.052,51.052
1104,830,1,24.798,24.798,24.798
1104,832,2,26.776,24.252,53.552
1104,839,2,25.27,24.707,50.54
1104,840,1,24.656,24.656,24.656
1104,842,2,26.926,23.902,53.851
1104,844,2,24.952,24.192,49.905
1104,846,2,29.045,24.663,58.091
1104,847,1,30.98,30.98,30.98
1104,848,2,25.64,24.29,51.28
1104,852,1,33.706,33.706,33.706
1104,855,2,25.7,25.26,51.401
1104,856,1,24.539,24.539,24.539
1104,857,1,25.851,25.851,25.851
1104,858,3,26.032,24.376,78.096
1105,1,2,22.653,22.575,45.306
1105,4,2,22.727,22.558,45.454
1105,807,3,23.346,22.298,70.039
1105,815,2,21.656,21.537,43.312
1105,822,2,23.894,23.691,47.788
1105,825,3,23.072,22.124,69.215
1105,830,2,22.299,22.241,44.598
1105,832,2,22.348,22.321,44.696
1105,839,2,23.111,22.112,46.222
1105,840,2,22.863,22.355,45.726
1105,842,2,23.499,23.388,46.998
1105,844,2,22.39,21.778,44.781
1105,846,3,27.549,22.062,82.648
1105,847,2,22.164,22.054,44.329
1105,848,2,23.384,23.319,46.768
1105,852,2,22.092,22.009,44.185
1105,855,2,23.16,22.889,46.319
1105,856,2,22.249,21.976,44.498
1105,857,2,22.616,22.37,45.232
1105,858,2,23.205,22.583,46.41
1106,1,2,24.044,23.749,48.088
1106,4,2,23.98,23.928,47.959
1106,807,2,24.54,24.2,49.08
1106,815,2,23.249,23.218,46.499
1106,822,1,24.038,24.038,24.038
1106,825,2,24.712,24.515,49.424
1106,830,2,23.777,23.644,47.554
1106,832,1,24.133,24.133,24.133
1106,839,2,24.05,23.698,48.1
1106,840,2,23.775,23.711,47.55
1106,842,2,25.816,24.117,51.632
1106,844,1,24.343,24.343,24.343
1106,846,2,24.716,23.57,49.432
1106,848,1,25.064,25.064,25.064
1106,852,2,25.584,23.646,51.169
1106,855,2,25.835,24.161,51.67
1106,856,2,24.373,23.786,48.746
1106,857,2,24.132,23.436,48.264
1107,1,3,22.044,16.415,66.132
1107,4,3,20.321,16.6,60.964
1107,807,2,19.334,16.778,38.669
1107,815,3,20.117,17.428,60.35
1107,822,3,23.63,17.13,70.89
1107,825,3,24.83,22.25,74.491
1107,830,4,20.176,16.369,80.703
1107,832,3,23.749,16.38,71.246
1107,839,3,23.533,18.143,70.598
1107,840,4,21.216,16.646,84.865
1107,842,3,21.999,16.38,65.998
1107,844,3,20.429,16.393,61.288
1107,846,3,20.485,18.076,61.454
1107,847,3,20.637,17.946,61.91
1107,848,3,21.994,16.737,65.982
1107,852,4,23.654,16.246,94.615
1107,855,3,21.25,17.467,63.751
1107,856,3,19.813,17.033,59.44
1107,857,4,23.004,17.324,92.016
1107,858,3,20.691,17.337,62.074
1108,1,1,29.169,29.169,29.169
1108,4,1,28.679,28.679,28.679
1108,807,2,35.988,30.003,71.975
1108,815,1,28.06,28.06,28.06
1108,822,1,29.662,29.662,29.662
1108,830,1,29.056,29.056,29.056
1108,832,1,28.869,28.869,28.869
1108,840,1,28.561,28.561,28.561
1108,842,1,28.458,28.458,28.458
1108,844,2,28.524,28.244,57.049
1108,846,1,28.438,28.438,28.438
1108,847,1,29.455,29.455,29.455
1108,848,1,29.634,29.634,29.634
1108,852,2,28.478,28.353,56.956
1108,855,3,30.753,28.709,92.26
1108,856,2,28.328,28.242,56.655
1108,857,1,28.655,28.655,28.655
1108,858,1,28.847,28.847,28.847
1109,1,2,21.851,21.728,43.702
1109,4,2,23.534,22.916,47.068
1109,807,2,22.438,21.955,44.877
1109,815,2,21.371,20.88,42.742
1109,817,2,22.08,21.958,44.161
1109,822,2,22.678,22.114,45.356
1109,825,2,22.452,22.152,44.905
1109,830,2,21.544,21.407,43.087
1109,832,2,21.726,21.402,43.453
1109,840,2,22.156,21.91,44.313
1109,844,2,24.928,21.452,49.856
1109,846,2,21.486,21.43,42.971
1109,847,2,21.78,21.675,43.561
1109,848,2,21.919,21.762,43.838
1109,852,2,23.676,21.181,47.351
1109,855,2,26.032,22.853,52.064
1109,857,2,21.6,21.171,43.201
1109,858,2,23.099,22.197,46.198
1110,1,3,23.09,23.023,69.269
1110,4,2,23.441,23.085,46.883
1110,807,2,24.904,24.571,49.809
1110,815,2,23.197,22.71,46.394
1110,817,2,23.066,22.843,46.133
1110,822,2,23.574,23.362,47.148
1110,825,2,23.605,23.572,47.21
1110,830,2,22.95,22.887,45.899
1110,832,1,23.303,23.303,23.303
1110,839,2,23.212,23.085,46.424
1110,840,1,25.397,25.397,25.397
1110,842,1,25.664,25.664,25.664
1110,844,2,23.186,23.148,46.372
1110,846,2,24.378,23.744,48.756
1110,847,1,23.837,23.837,23.837
1110,848,3,24.047,23.529,72.14
1110,852,2,22.673,22.61,45.347
1110,855,2,24.247,24.045,48.494
1110,858,3,23.539,23.109,70.617
1111,1,4,20.086,19.327,80.342
1111,4,4,21.64,20.109,86.558
1111,807,4,24.154,19.713,96.617
1111,815,5,24.821,18.789,124.103
1111,822,4,23.163,19.735,92.653
1111,825,5,25.24,20.137,126.2
1111,830,5,19.641,18.706,98.205
1111,832,4,19.93,19.398,79.72
1111,839,5,24.097,19.024,120.486
1111,840,6,22.484,19.653,134.905
1111,842,4,23.452,19.518,93.808
1111,844,2,29.944,27.202,59.888
1111,846,5,24.717,18.878,123.586
1111,847,6,24.533,19.607,147.199
1111,848,3,26.734,19.667,80.201
1111,852,4,26.682,18.904,106.728
1111,855,4,21.307,20.231,85.227
1111,857,4,24.732,18.979,98.928
1111,859,6,27.147,19.192,162.882
1112,1,1,24.255,24.255,24.255
1112,4,1,24.798,24.798,24.798
1112,807,2,25.212,24.328,50.423
1112,815,1,23.819,23.819,23.819
1112,822,1,24.658,24.658,24.658
1112,825,2,24.712,24.66,49.425
1112,830,1,24.228,24.228,24.228
1112,832,1,25.183,25.183,25.183
1112,839,1,24.249,24.249,24.249
1112,840,1,25.667,25.667,25.667
1112,842,2,26.031,24.686,52.062
1112,844,1,23.931,23.931,23.931
1112,846,1,23.727,23.727,23.727
1112,847,1,24.215,24.215,24.215
1112,848,1,24.538,24.538,24.538
1112,855,2,25.178,24.396,50.355
1112,857,2,27.966,24.133,55.932
1112,858,1,24.779,24.779,24.779
1112,859,2,24.246,24.212,48.493
1113,1,2,33.106,32.631,66.212
1113,4,2,41.689,30.67,83.378
1113,807,1,35.497,35.497,35.497
1113,815,1,28.977,28.977,28.977
1113,822,1,30.487,30.487,30.487
1113,825,2,32.276,31.475,64.553
1113,830,1,29.698,29.698,29.698
1113,832,1,29.499,29.499,29.499
1113,839,1,29.755,29.755,29.755
1113,842,1,31.802,31.802,31.802
1113,844,1,32.888,32.888,32.888
1113,846,1,29.485,29.485,29.485
1113,847,2,30.008,29.976,60.015
1113,848,2,29.962,29.787,59.925
1113,855,2,30.334,30.032,60.669
1113,857,1,29.369,29.369,29.369
1113,858,1,31.018,31.018,31.018
1113,859,1,32.348,32.348,32.348
1114,1,2,24.236,23.631,48.472
1114,4,2,24.19,24.086,48.38
1114,807,3,23.506,23.338,70.518
1114,815,3,34.867,30.651,104.6
1114,822,2,54.657,53.512,109.314
1114,825,2,23.837,23.816,47.674
1114,830,2,24.039,23.696,48.078
1114,832,2,23.224,23.075,46.449
1114,839,2,25.422,23.789,50.845
1114,840,1,23.441,23.441,23.441
1114,842,2,24.569,24.488,49.139
1114,844,2,23.062,22.926,46.123
1114,846,2,23.352,23.182,46.705
1114,847,1,24.034,24.034,24.034
1114,848,2,51.154,50.143,102.308
1114,852,2,23.136,22.944,46.271
1114,855,3,29.749,24.091,89.248
1114,857,2,23.826,23.198,47.653
1114,858,3,37.255,32.715,111.765
1114,859,2,23.404,23.136,46.807
1115,4,3,28.399,28.373,85.198
1115,807,3,32.248,28.274,96.744
1115,815,3,31.406,27.808,94.219
1115,822,3,29.437,28.946,88.31
1115,825,3,29.341,28.743,88.022
1115,830,3,28.687,28.103,86.062
1115,839,3,29.033,28.961,87.099
1115,840,3,28.814,28.156,86.441
1115,842,3,31.159,28.429,93.477
1115,844,3,27.871,27.513,83.614
1115,846,3,27.807,27.611,83.422
1115,847,4,31.183,28.191,124.733
1115,848,3,28.994,28.747,86.981
1115,852,3,27.729,27.596,83.186
1115,855,3,28.884,28.815,86.653
1115,857,3,28.077,27.489,84.232
1115,858,2,29.404,29.373,58.809
1115,859,3,28.722,28.171,86.166
1116,1,2,24.782,24.648,49.564
1116,4,2,24.939,24.823,49.878
1116,807,2,25.44,24.308,50.881
1116,815,2,23.996,23.747,47.992
1116,817,2,25.238,23.963,50.476
1116,822,2,24.902,24.783,49.803
1116,825,2,24.906,24.745,49.812
1116,830,2,24.365,23.756,48.73
1116,832,2,23.67,23.668,47.341
1116,840,2,24.206,23.955,48.412
1116,842,2,24.39,23.9,48.78
1116,844,1,23.963,23.963,23.963
1116,846,2,23.758,23.361,47.516
1116,847,2,24.163,23.969,48.326
1116,848,2,24.458,24.354,48.917
1116,852,3,23.984,23.472,71.951
1116,855,2,25.176,24.717,50.353
1116,858,2,25.268,24.99,50.537
1117,1,1,22.21,22.21,22.21
1117,4,1,22.844,22.844,22.844
1117,807,1,23.144,23.144,23.144
1117,817,1,22.406,22.406,22.406
1117,822,1,23.638,23.638,23.638
1117,825,1,23.642,23.642,23.642
1117,830,2,22.4,22.372,44.799
1117,832,1,22.067,22.067,22.067
1117,840,1,22.582,22.582,22.582
1117,842,1,22.627,22.627,22.627
1117,844,1,22.248,22.248,22.248
1117,846,2,22.986,22.563,45.971
1117,847,1,22.311,22.311,22.311
1117,848,1,23.68,23.68,23.68
1117,852,1,30.121,30.121,30.121
1117,855,1,22.817,22.817,22.817
1117,857,1,23.734,23.734,23.734
1117,858,1,23.945,23.945,23.945
1118,1,3,22.055,18.521,66.166
1118,4,3,22.174,18.487,66.521
1118,807,3,27.501,23.841,82.503
1118,815,3,22.499,20.811,67.497
1118,817,3,26.744,23.508,80.233
1118,822,2,22.404,20.732,44.809
1118,830,3,21.642,18.535,64.926
1118,832,3,23.43,23.03,70.291
1118,839,4,23.563,22.209,94.251
1118,840,3,22.452,18.504,67.356
1118,842,3,23.134,20.523,69.401
1118,846,3,22.285,19.386,66.856
1118,847,3,22.714,20.449,68.141
1118,852,3,23.845,20.969,71.536
1118,855,2,22.604,21.256,45.209
1118,857,3,28.454,23.338,85.363
1118,858,3,25.325,24.137,75.976
1119,1,2,23.778,22.508,47.555
1119,4,2,26.259,23.214,52.518
1119,807,2,23.804,22.154,47.607
1119,815,2,27.584,21.568,55.167
1119,817,1,22.242,22.242,22.242
1119,822,2,32.745,21.575,65.489
1119,825,2,21.74,21.611,43.479
1119,830,2,24.004,21.323,48.009
1119,832,2,21.946,21.261,43.891
1119,839,1,21.763,21.763,21.763
1119,840,2,22.396,22.222,44.792
1119,842,1,22.262,22.262,22.262
1119,844,1,22.559,22.559,22.559
1119,847,2,21.604,21.257,43.209
1119,848,1,21.242,21.242,21.242
1119,852,2,20.756,20.619,41.513
1119,855,1,22.155,22.155,22.155
1119,857,2,21.902,20.535,43.804
1119,858,1,21.367,21.367,21.367
1120,1,2,22.12,22.045,44.24
1120,4,2,22.152,21.841,44.303
1120,807,2,21.971,21.861,43.942
1120,815,2,21.36,21.274,42.72
1120,817,2,21.716,21.692,43.432
1120,822,1,22.665,22.665,22.665
1120,825,2,22.464,22.163,44.927
1120,830,2,21.468,21.275,42.937
1120,832,2,21.396,21.229,42.793
1120,839,1,22.16,22.16,22.16
1120,840,2,21.766,21.667,43.533
1120,842,2,23.284,23.091,46.569
1120,844,2,21.582,21.246,43.165
1120,846,2,22.746,21.432,45.493
1120,847,2,21.867,21.65,43.734
1120,848,2,22.044,21.919,44.089
1120,852,1,21.486,21.486,21.486
1120,855,2,22.606,22.345,45.212
1120,857,2,21.426,21.156,42.853
1120,858,2,22.002,21.88,44.004
1121,1,2,24.59,24.094,49.181
1121,4,2,24.948,24.786,49.895
1121,807,3,28.586,24.387,85.759
1121,815,2,24.539,24.516,49.079
1121,817,2,24.922,24.856,49.844
1121,822,1,26.42,26.42,26.42
1121,825,2,25.199,24.446,50.397
1121,830,2,24.636,24.209,49.273
1121,832,2,24.17,23.866,48.34
1121,839,2,25.011,24.877,50.022
1121,840,2,24.482,24.418,48.963
1121,842,3,27.227,25.24,81.682
1121,844,2,24.102,24.069,48.205
1121,846,2,24.455,24.205,48.91
1121,847,2,24.822,24.778,49.644
1121,848,2,24.646,24.61,49.291
1121,852,2,24.524,24.324,49.048
1121,855,2,25.151,25.094,50.302
1121,857,2,25.151,24.852,50.302
1121,858,3,28.715,25.07,86.145
1122,1,1,20.17,20.17,20.17
1122,4,1,22.129,22.129,22.129
1122,807,1,21.035,21.035,21.035
1122,815,1,22.196,22.196,22.196
1122,822,2,23.038,22.795,46.076
1122,825,1,21.46,21.46,21.46
1122,830,1,20.607,20.607,20.607
1122,839,1,22.502,22.502,22.502
1122,844,1,23.419,23.419,23.419
1122,846,1,22.211,22.211,22.211
1122,847,1,21.013,21.013,21.013
1122,848,1,21.723,21.723,21.723
1122,852,1,21.694,21.694,21.694
1122,855,1,46.381,46.381,46.381
1122,857,1,21.427,21.427,21.427
1122,858,1,23.645,23.645,23.645
1122,860,1,22.457,22.457,22.457
1123,1,1,17.596,17.596,17.596
1123,4,2,18.078,17.995,36.155
1123,807,2,18.232,18.145,36.465
1123,815,2,17.667,17.222,35.334
1123,817,2,18.008,17.751,36.016
1123,822,2,32.954,18.938,65.907
1123,825,2,18.226,18.151,36.452
1123,832,2,17.67,17.599,35.339
1123,839,3,22.307,18.007,66.92
1123,840,2,17.939,17.901,35.878
1123,842,2,18.999,17.682,37.998
1123,844,2,17.358,17.308,34.717
1123,846,2,17.714,17.653,35.429
1123,847,2,18.005,17.964,36.01
1123,848,2,17.75,17.745,35.5
1123,852,2,18.029,17.535,36.058
1123,855,2,27.949,19.032,55.898
1123,857,2,18.053,17.573,36.106
1124,1,2,23.644,23.333,47.289
1124,4,2,23.078,22.998,46.155
1124,807,2,23.807,23.622,47.615
1124,815,2,22.973,22.956,45.946
1124,822,2,25.385,24.824,50.77
1124,825,1,26.198,26.198,26.198
1124,830,2,23.206,23.177,46.411
1124,832,2,23.364,23.136,46.727
1124,839,2,23.788,23.394,47.575
1124,840,3,23.169,22.911,69.507
1124,842,2,23.473,23.102,46.946
1124,844,1,23.285,23.285,23.285
1124,846,2,23.14,23.049,46.281
1124,847,2,23.284,22.991,46.568
1124,852,2,23.422,23.358,46.844
1124,855,2,25.282,23.91,50.563
1124,857,2,23.134,22.848,46.268
1124,858,3,24.346,23.287,73.037
1125,1,2,22.59,22.518,45.18
1125,4,3,22.972,22.687,68.915
1125,807,2,23.17,23.004,46.34
1125,815,2,22.199,22.027,44.398
1125,817,1,22.598,22.598,22.598
1125,822,1,22.949,22.949,22.949
1125,825,2,24.35,22.974,48.701
1125,830,2,22.363,22.27,44.726
1125,832,1,22.629,22.629,22.629
1125,839,2,23.182,23.156,46.364
1125,840,3,27.17,22.911,81.511
1125,842,3,28.845,22.836,86.535
1125,844,1,22.36,22.36,22.36
1125,846,1,22.161,22.161,22.161
1125,847,2,22.561,22.415,45.122
1125,848,2,23.437,23.273,46.873
1125,852,2,22.774,22.387,45.547
1125,855,3,24.075,23.252,72.224
1125,857,2,22.468,22.262,44.935
1125,858,2,22.956,22.684,45.913
1126,1,1,22.107,22.107,22.107
1126,4,1,22.374,22.374,22.374
1126,807,2,22.771,22.487,45.542
1126,815,2,22.046,21.695,44.091
1126,817,1,22.54,22.54,22.54
1126,822,2,23.248,22.765,46.495
1126,825,3,27.908,23.265,83.724
1126,830,1,22.187,22.187,22.187
1126,832,1,22.805,22.805,22.805
1126,839,1,22.663,22.663,22.663
1126,840,2,22.834,22.631,45.669
1126,842,1,22.466,22.466,22.466
1126,844,1,21.825,21.825,21.825
1126,846,1,22.041,22.041,22.041
1126,847,1,22.8,22.8,22.8
1126,848,2,22.697,22.567,45.395
1126,852,1,22.153,22.153,22.153
1126,855,1,23.017,23.017,23.017
1126,857,2,26.312,22.216,52.625
1126,858,1,22.611,22.611,22.611
1127,1,1,29.547,29.547,29.547
1127,4,3,30.594,29.931,91.782
1127,807,1,29.749,29.749,29.749
1127,815,1,29.669,29.669,29.669
1127,817,1,30.068,30.068,30.068
1127,822,1,30.24,30.24,30.24
1127,825,1,31.302,31.302,31.302
1127,830,1,30.416,30.416,30.416
1127,832,1,30.508,30.508,30.508
1127,839,1,30.659,30.659,30.659
1127,840,1,29.971,29.971,29.971
1127,842,2,30.368,30.081,60.735
1127,844,1,30.149,30.149,30.149
1127,846,1,29.956,29.956,29.956
1127,847,2,29.635,29.605,59.269
1127,848,4,33.193,30.05,132.773
1127,852,1,29.628,29.628,29.628
1127,855,1,30.244,30.244,30.244
1127,857,1,29.77,29.77,29.77
1127,858,1,31.085,31.085,31.085
1128,1,1,24.232,24.232,24.232
1128,822,1,24.239,24.239,24.239
1128,830,1,23.813,23.813,23.813
1128,840,2,26.172,24.132,52.343
1128,855,1,24.367,24.367,24.367
1128,858,1,24.384,24.384,24.384
1129,1,3,25.602,23.762,76.805
1129,4,2,25.067,24.346,50.134
1129,807,3,24.551,24.233,73.652
1129,815,2,29.092,24.423,58.185
1129,817,2,27.079,23.86,54.158
1129,822,1,24.929,24.929,24.929
1129,825,4,27.236,24.833,108.944
1129,830,2,24.276,24.246,48.552
1129,832,2,25.876,24.125,51.751
1129,839,1,24.495,24.495,24.495
1129,840,2,24.654,24.284,49.309
1129,842,2,24.66,24.408,49.319
1129,844,3,31.949,24.031,95.846
1129,846,2,23.703,23.423,47.406
1129,847,3,25.877,24.044,77.632
1129,848,2,24.778,24.753,49.557
1129,852,1,25.569,25.569,25.569
1129,855,2,26.986,25.598,53.973
1129,857,2,23.726,23.476,47.453
1130,1,2,21.722,21.603,43.443
1130,4,2,22.264,21.957,44.528
1130,807,2,22.62,22.518,45.24
1130,815,3,21.706,21.464,65.117
1130,817,2,22.236,22.108,44.472
1130,822,2,22.854,22.744,45.707
1130,825,2,26.164,23.36,52.327
1130,830,2,21.942,21.544,43.884
1130,832,2,22.222,22.194,44.443
1130,839,2,21.877,21.834,43.755
1130,840,2,22.63,21.88,45.261
1130,842,2,23.892,21.687,47.784
1130,844,2,21.942,21.624,43.884
1130,846,2,22.124,21.618,44.249
1130,847,2,23.862,22.7,47.723
1130,848,2,22.57,21.892,45.14
1130,852,3,22.237,22.064,66.712
1130,855,2,23.388,22.523,46.776
1130,857,2,22.322,22.224,44.644
1130,858,2,22.454,22.401,44.907
1131,1,2,24.422,21.563,48.844
1131,4,3,25.972,21.483,77.917
1131,807,2,22.084,21.814,44.169
1131,815,2,24.396,21.291,48.791
1131,817,2,21.298,21.093,42.595
1131,822,2,21.954,21.918,43.909
1131,825,2,21.675,21.518,43.35
1131,830,3,23.49,21.899,70.469
1131,832,2,21.254,21.226,42.509
1131,839,2,21.761,21.231,43.522
1131,840,2,21.35,21.302,42.701
1131,842,2,21.737,21.431,43.474
1131,844,4,24.187,20.903,96.748
1131,846,2,21.514,21.411,43.028
1131,847,2,21.451,21.229,42.902
1131,848,2,21.785,21.692,43.57
1131,852,2,22.347,21.25,44.694
1131,855,2,22.396,21.594,44.792
1131,857,2,20.876,20.775,41.753
1131,858,3,25.439,22.093,76.317
1132,1,2,29.484,28.929,58.967
1132,4,2,29.514,29.341,59.027
1132,807,2,29.838,29.412,59.677
1132,815,4,29.719,28.391,118.875
1132,817,2,29.374,28.875,58.748
1132,822,2,31.078,30.628,62.155
1132,825,2,30.096,29.884,60.192
1132,830,2,28.72,28.365,57.441
1132,832,3,29.001,28.706,87.002
1132,839,4,28.786,28.276,115.146
1132,840,2,29.246,29.023,58.492
1132,844,3,28.96,28.481,86.88
1132,846,2,29.524,28.661,59.048
1132,847,1,32.045,32.045,32.045
1132,848,2,32.076,29.41,64.152
1132,852,2,29.829,29.658,59.658
1132,855,4,30.306,29.125,121.224
1132,857,2,29.37,29.2,58.741
1132,858,2,31.123,29.444,62.245
1133,1,2,21.608,21.306,43.216
1133,4,2,22.171,21.8,44.342
1133,807,2,22.38,22.287,44.759
1133,815,2,21.226,21.056,42.451
1133,817,2,21.231,21.084,42.462
1133,822,2,22.064,21.981,44.127
1133,825,2,22.201,21.871,44.402
1133,830,2,21.722,21.344,43.445
1133,832,2,21.547,21.439,43.094
1133,839,3,21.534,21.33,64.603
1133,840,2,22.756,22.276,45.513
1133,842,1,21.405,21.405,21.405
1133,844,2,21.808,21.723,43.617
1133,846,2,21.555,21.249,43.11
1133,847,2,21.348,21.328,42.697
1133,848,2,22.751,22.091,45.501
1133,852,1,21.467,21.467,21.467
1133,855,2,22.088,21.993,44.176
1133,857,2,21.732,21.641,43.464
1133,858,3,21.688,21.398,65.063
1134,1,2,22.946,22.704,45.892
1134,4,1,23.075,23.075,23.075
1134,807,2,23.415,23.268,46.83
1134,815,3,22.657,22.632,67.972
1134,817,2,22.486,22.328,44.971
1134,822,2,23.048,22.949,46.096
1134,825,1,23.619,23.619,23.619
1134,830,2,23.078,22.943,46.157
1134,832,2,23.084,23.08,46.169
1134,839,2,23.456,23.366,46.912
1134,840,1,23.01,23.01,23.01
1134,842,2,22.872,22.844,45.744
1134,844,2,23.136,22.942,46.272
1134,846,2,22.646,22.61,45.292
1134,847,1,22.686,22.686,22.686
1134,848,2,23.376,23.146,46.752
1134,852,1,23.452,23.452,23.452
1134,857,2,23.374,22.623,46.748
1134,858,2,23.515,23.338,47.03
1135,1,2,21.097,21.026,42.194
1135,4,1,21.348,21.348,21.348
1135,807,1,21.619,21.619,21.619
1135,815,1,22.934,22.934,22.934
1135,817,1,20.942,20.942,20.942
1135,822,2,21.184,21.095,42.368
1135,825,1,21.403,21.403,21.403
1135,830,1,20.785,20.785,20.785
1135,832,1,20.84,20.84,20.84
1135,839,1,21.015,21.015,21.015
1135,840,1,21.385,21.385,21.385
1135,842,1,22.646,22.646,22.646
1135,844,1,20.841,20.841,20.841
1135,846,1,21.536,21.536,21.536
1135,847,2,21.502,21.159,43.005
1135,848,2,21.137,21.016,42.274
1135,852,2,21.064,20.88,42.129
1135,855,2,21.629,21.214,43.258
1135,857,1,20.969,20.969,20.969
1135,858,1,22.03,22.03,22.03
1136,1,2,24.312,24.155,48.624
1136,4,2,24.684,24.501,49.367
1136,807,2,37.726,36.576,75.451
1136,815,2,24.379,24.03,48.758
1136,817,1,30.317,30.317,30.317
1136,822,1,24.41,24.41,24.41
1136,825,1,25.672,25.672,25.672
1136,830,2,26.174,24.15,52.348
1136,832,1,24.313,24.313,24.313
1136,839,1,24.146,24.146,24.146
1136,840,3,24.819,24.209,74.458
1136,842,2,24.269,24.203,48.538
1136,844,1,24.551,24.551,24.551
1136,846,2,24.52,24.169,49.039
1136,847,2,29.496,26.297,58.993
1136,848,1,24.801,24.801,24.801
1136,855,1,27.138,27.138,27.138
1136,857,2,24.232,23.793,48.463
1136,861,1,25.147,25.147,25.147
1137,1,1,21.289,21.289,21.289
1137,4,1,20.073,20.073,20.073
1137,807,1,21.617,21.617,21.617
1137,815,1,20.63,20.63,20.63
1137,817,1,21.984,21.984,21.984
1137,822,1,20.045,20.045,20.045
1137,830,2,20.935,20.725,41.87
1137,832,1,21.483,21.483,21.483
1137,839,1,20.634,20.634,20.634
1137,840,2,20.668,20.214,41.337
1137,842,1,20.257,20.257,20.257
1137,844,1,20.671,20.671,20.671
1137,846,1,19.712,19.712,19.712
1137,847,1,19.954,19.954,19.954
1137,848,1,20.287,20.287,20.287
1137,852,1,20.922,20.922,20.922
1137,855,1,20.52,20.52,20.52
1137,857,1,20.181,20.181,20.181
1137,860,1,21.276,21.276,21.276
1137,861,1,20.596,20.596,20.596
1138,1,1,29.272,29.272,29.272
1138,4,1,29.251,29.251,29.251
1138,807,1,29.808,29.808,29.808
1138,815,1,28.99,28.99,28.99
1138,817,3,29.678,29.066,89.035
1138,822,1,30.423,30.423,30.423
1138,825,2,30.499,29.707,60.998
1138,830,1,29.655,29.655,29.655
1138,832,1,29.385,29.385,29.385
1138,839,1,29.601,29.601,29.601
1138,840,1,29.816,29.816,29.816
1138,842,1,31.509,31.509,31.509
1138,844,1,29.042,29.042,29.042
1138,846,1,29.091,29.091,29.091
1138,847,1,28.739,28.739,28.739
1138,848,1,29.126,29.126,29.126
1138,852,1,29.662,29.662,29.662
1138,855,1,29.36,29.36,29.36
1138,857,1,29.152,29.152,29.152
1138,861,1,29.772,29.772,29.772
1139,4,1,24.247,24.247,24.247
1139,807,1,24.5,24.5,24.5
1139,815,1,23.58,23.58,23.58
1139,822,1,24.439,24.439,24.439
1139,825,2,24.026,23.966,48.053
1139,830,1,24.228,24.228,24.228
1139,832,1,23.963,23.963,23.963
1139,839,2,25.166,24.156,50.331
1139,840,1,26.399,26.399,26.399
1139,842,1,28.228,28.228,28.228
1139,844,1,23.817,23.817,23.817
1139,846,1,23.731,23.731,23.731
1139,847,1,29.327,29.327,29.327
1139,848,2,29.687,24.391,59.374
1139,852,1,24.193,24.193,24.193
1139,855,2,24.662,24.433,49.323
1139,857,1,24.107,24.107,24.107
1139,859,1,23.839,23.839,23.839
1139,861,1,23.971,23.971,23.971
1140,1,1,22.538,22.538,22.538
1140,807,1,23.077,23.077,23.077
1140,815,3,23.941,21.92,71.824
1140,822,1,22.505,22.505,22.505
1140,825,1,23.332,23.332,23.332
1140,830,1,43.73,43.73,43.73
1140,832,1,22.249,22.249,22.249
1140,839,1,23.245,23.245,23.245
1140,840,1,22.592,22.592,22.592
1140,842,1,23.204,23.204,23.204
1140,844,2,22.775,22.69,45.55
1140,846,1,22.111,22.111,22.111
1140,847,1,22.462,22.462,22.462
1140,855,1,22.935,22.935,22.935
1140,857,1,21.825,21.825,21.825
1140,859,2,26.442,22.586,52.885
1140,861,1,23.895,23.895,23.895
1141,1,1,25.205,25.205,25.205
1141,4,1,25.107,25.107,25.107
1141,807,3,37.648,25.369,112.943
1141,815,1,26.692,26.692,26.692
1141,832,1,25.92,25.92,25.92
1141,844,1,24.573,24.573,24.573
1141,846,1,24.764,24.764,24.764
1141,847,1,25.698,25.698,25.698
1141,852,1,25.431,25.431,25.431
1141,855,2,26.158,25.248,52.315
1141,857,1,26.05,26.05,26.05
1141,859,1,28.167,28.167,28.167
1141,860,1,35.755,35.755,35.755
1141,861,2,25.263,25.239,50.526
1142,1,2,21.211,21.067,42.422
1142,4,2,21.407,21.407,42.814
1142,807,2,21.606,21.511,43.213
1142,815,2,21.164,21.034,42.328
1142,822,2,22.222,21.623,44.444
1142,825,1,21.963,21.963,21.963
1142,830,2,21.476,20.697,42.951
1142,832,2,20.964,20.879,41.927
1142,839,3,19.597,15.79,58.79
1142,840,2,28.226,21.588,56.451
1142,842,1,22.179,22.179,22.179
1142,844,2,21.457,21.329,42.914
1142,846,3,20.974,20.668,62.921
1142,847,2,21.024,20.975,42.047
1142,848,1,22.012,22.012,22.012
1142,852,2,21.188,21.168,42.376
1142,855,2,22.36,21.761,44.721
1142,857,2,24.407,21.082,48.814
1142,859,2,20.846,20.642,41.691
1142,861,2,21.196,21.17,42.391
1143,1,4,27.712,22.705,110.847
1143,4,3,30.01,28.592,90.031
1143,807,4,30.7,23.81,122.802
1143,815,3,26.751,22.705,80.252
1143,822,3,28.714,28.14,86.142
1143,825,3,28.201,22.696,84.602
1143,830,3,24.963,22.703,74.89
1143,832,3,31.092,22.776,93.275
1143,840,2,35.728,29.783,71.457
1143,842,3,27.332,22.717,81.997
1143,844,3,27.706,25.675,83.118
1143,846,4,29.608,25.592,118.431
1143,847,4,29.245,22.763,116.979
1143,848,4,32.031,22.71,128.124
1143,852,4,29.214,22.714,116.858
1143,855,3,29.044,23.228,87.131
1143,857,3,26.67,22.867,80.011
1143,859,4,32.308,22.737,129.231
1144,1,1,21.694,21.694,21.694
1144,4,2,22.882,22.437,45.763
1144,807,1,21.53,21.53,21.53
1144,822,1,41.144,41.144,41.144
1144,825,4,23.236,21.678,92.946
1144,830,1,32.652,32.652,32.652
1144,832,1,21.28,21.28,21.28
1144,840,2,22.66,22.053,45.319
1144,842,1,22.059,22.059,22.059
1144,844,1,21.869,21.869,21.869
1144,846,1,21.276,21.276,21.276
1144,847,1,21.656,21.656,21.656
1144,848,1,22.065,22.065,22.065
1144,852,1,21.869,21.869,21.869
1144,855,2,25.894,23.024,51.789
1144,857,2,28.178,23.582,56.356
1144,859,3,26.099,22.565,78.297
1144,861,1,24.941,24.941,24.941
1144,862,1,22.08,22.08,22.08
