driver_name,year,races_entered,total_wins,total_podiums,total_points,total_top10,avg_position,avg_grid,avg_pos_gained,total_dnf,win_rate,podium_rate
Adolf Brudes,1952,1,0,0,0.0,0,16.0,19.0,3.0,1,0.0,0.0
Adolfo Cruz,1953,1,0,0,0.0,0,16.0,13.0,-3.0,1,0.0,0.0
Adrian Sutil,2007,17,0,0,1.0,1,17.11764705882353,20.294117647058822,3.176470588235294,16,0.0,0.0
Adrian Sutil,2008,18,0,0,0.0,0,17.72222222222222,19.166666666666668,1.4444444444444444,17,0.0,0.0
Adrian Sutil,2009,17,0,0,5.0,3,14.823529411764707,13.705882352941176,-1.1176470588235294,11,0.0,0.0
Adrian Sutil,2010,19,0,0,47.0,9,11.736842105263158,12.157894736842104,0.42105263157894735,8,0.0,0.0
Adrian Sutil,2011,19,0,0,42.0,9,10.947368421052632,11.578947368421053,0.631578947368421,13,0.0,0.0
Adrian Sutil,2013,19,0,0,29.0,8,13.368421052631579,12.68421052631579,-0.6842105263157895,10,0.0,0.0
Adrian Sutil,2014,19,0,0,0.0,0,16.42105263157895,14.68421052631579,-1.736842105263158,17,0.0,0.0
Adrián Campos,1987,16,0,0,0.0,1,19.6875,19.1875,1.1333333333333333,16,0.0,0.0
Adrián Campos,1988,5,0,0,0.0,0,24.6,9.0,2.5,5,0.0,0.0
Aguri Suzuki,1988,1,0,0,0.0,0,16.0,20.0,4.0,1,0.0,0.0
Aguri Suzuki,1989,16,0,0,0.0,0,36.5625,0.0,,16,0.0,0.0
Aguri Suzuki,1990,16,0,1,6.0,4,15.6875,15.25,-0.4375,14,0.0,6.25
Aguri Suzuki,1991,16,0,0,1.0,1,21.6875,16.0625,1.75,16,0.0,0.0
Aguri Suzuki,1992,16,0,0,0.0,7,15.5625,15.1875,3.4285714285714284,16,0.0,0.0
Aguri Suzuki,1993,16,0,0,0.0,3,16.6875,14.125,-2.5625,16,0.0,0.0
Aguri Suzuki,1994,1,0,0,0.0,0,19.0,20.0,1.0,1,0.0,0.0
Aguri Suzuki,1995,6,0,0,1.0,2,14.0,13.5,4.2,6,0.0,0.0
Al Herman,1955,1,0,0,0.0,1,7.0,16.0,9.0,0,0.0,0.0
Al Herman,1956,1,0,0,0.0,0,28.0,27.0,-1.0,1,0.0,0.0
Al Herman,1957,1,0,0,0.0,0,21.0,30.0,9.0,1,0.0,0.0
Al Herman,1959,1,0,0,0.0,0,13.0,23.0,10.0,0,0.0,0.0
Al Herman,1960,1,0,0,0.0,0,32.0,30.0,-2.0,1,0.0,0.0
Al Keller,1955,1,0,0,0.0,0,27.0,22.0,-5.0,1,0.0,0.0
Al Keller,1956,1,0,0,0.0,0,14.0,28.0,14.0,1,0.0,0.0
Al Keller,1957,1,0,0,0.0,0,27.0,8.0,-19.0,1,0.0,0.0
Al Keller,1958,1,0,0,0.0,0,11.0,21.0,10.0,0,0.0,0.0
Al Keller,1959,1,0,0,0.0,0,18.0,28.0,10.0,1,0.0,0.0
Al Pease,1967,1,0,0,0.0,0,15.0,15.0,0.0,1,0.0,0.0
Al Pease,1969,1,0,0,0.0,0,14.0,17.0,3.0,1,0.0,0.0
Alain Prost,1980,13,0,0,5.0,6,13.0,12.384615384615385,1.4166666666666667,10,0.0,0.0
Alain Prost,1981,15,3,6,43.0,6,11.933333333333334,4.8,-7.133333333333334,9,20.0,40.0
Alain Prost,1982,16,2,4,34.0,8,10.0,2.8125,-7.1875,10,12.5,25.0
Alain Prost,1983,15,4,7,57.0,11,6.666666666666667,4.466666666666667,-2.2,7,26.67,46.67
Alain Prost,1984,16,7,9,71.5,12,7.125,3.0,-4.125,6,43.75,56.25
Alain Prost,1985,16,5,11,76.0,12,5.3125,4.1875,-1.125,5,31.25,68.75
Alain Prost,1986,16,4,11,74.0,13,5.25,4.25,-1.0,5,25.0,68.75
Alain Prost,1987,16,3,7,46.0,11,8.3125,4.3125,-4.0,9,18.75,43.75
Alain Prost,1988,16,7,14,105.0,14,3.5625,2.5,-1.0625,2,43.75,87.5
Alain Prost,1989,16,4,11,81.0,13,5.375,2.5625,-2.8125,3,25.0,68.75
Alain Prost,1990,16,5,9,73.0,12,6.9375,4.5,-2.4375,4,31.25,56.25
Alain Prost,1991,15,0,5,34.0,8,11.666666666666666,4.466666666666667,-7.2,8,0.0,33.33
Alain Prost,1993,16,7,12,99.0,13,3.9375,1.1875,-2.75,5,43.75,75.0
Alain de Changy,1959,1,0,0,0.0,0,19.0,0.0,,1,0.0,0.0
Alan Brown,1952,4,0,0,2.0,2,12.0,12.25,0.25,4,0.0,0.0
Alan Brown,1953,4,0,0,0.0,1,13.5,18.5,5.0,4,0.0,0.0
Alan Brown,1954,1,0,0,0.0,0,31.0,26.0,-5.0,1,0.0,0.0
Alan Jones,1975,8,0,0,2.0,2,13.875,19.5,5.625,7,0.0,0.0
Alan Jones,1976,14,0,0,7.0,7,11.357142857142858,17.857142857142858,6.5,13,0.0,0.0
Alan Jones,1977,14,1,2,22.0,7,11.5,12.928571428571429,1.4285714285714286,8,7.14,14.29
Alan Jones,1978,16,0,1,11.0,7,12.5625,10.125,-2.4375,12,0.0,6.25
Alan Jones,1979,15,4,5,43.0,8,8.866666666666667,6.866666666666666,-2.0,9,26.67,33.33
Alan Jones,1980,14,5,10,71.0,10,5.5,4.0,-1.5,4,35.71,71.43
Alan Jones,1981,15,2,6,46.0,9,8.266666666666667,4.733333333333333,-3.533333333333333,6,13.33,40.0
Alan Jones,1983,1,0,0,0.0,0,14.0,12.0,-2.0,1,0.0,0.0
Alan Jones,1985,4,0,0,0.0,0,21.5,21.0,-0.5,4,0.0,0.0
Alan Jones,1986,16,0,0,4.0,4,16.75,16.8125,0.0625,16,0.0,0.0
Alan Rees,1967,2,0,0,0.0,2,8.0,17.5,9.5,1,0.0,0.0
Alan Rollinson,1965,1,0,0,0.0,0,22.0,0.0,,1,0.0,0.0
Alan Stacey,1958,1,0,0,0.0,0,18.0,20.0,2.0,1,0.0,0.0
Alan Stacey,1959,2,0,0,0.0,1,12.5,12.0,-0.5,2,0.0,0.0
Alan Stacey,1960,4,0,0,0.0,2,12.25,13.0,0.75,4,0.0,0.0
Albert Scherrer,1953,1,0,0,0.0,1,9.0,18.0,9.0,1,0.0,0.0
Alberto Ascari,1950,5,0,2,11.0,3,8.6,5.4,-3.2,4,0.0,40.0
Alberto Ascari,1951,8,2,4,28.0,6,6.25,3.625,-2.625,4,25.0,50.0
Alberto Ascari,1952,7,6,6,53.5,6,5.285714285714286,3.7142857142857144,-1.5714285714285714,1,85.71,85.71
Alberto Ascari,1953,9,5,5,46.5,7,5.666666666666667,1.7777777777777777,-3.888888888888889,3,55.56,55.56
Alberto Ascari,1954,5,0,0,1.0,0,19.4,12.6,-6.8,5,0.0,0.0
Alberto Ascari,1955,2,0,0,0.0,0,13.0,2.0,-11.0,2,0.0,0.0
Alberto Colombo,1978,3,0,0,0.0,0,29.333333333333332,0.0,,3,0.0,0.0
Alberto Crespo,1952,1,0,0,0.0,0,26.0,0.0,,1,0.0,0.0
Alberto Rodriguez Larreta,1960,1,0,0,0.0,1,9.0,15.0,6.0,1,0.0,0.0
Alberto Uria,1955,1,0,0,0.0,0,14.0,21.0,7.0,1,0.0,0.0
Alberto Uria,1956,1,0,0,0.0,1,6.0,13.0,7.0,1,0.0,0.0
Aldo Gordini,1951,1,0,0,0.0,0,15.0,17.0,2.0,1,0.0,0.0
Alessandro Nannini,1986,15,0,0,0.0,0,20.066666666666666,20.666666666666668,0.6,15,0.0,0.0
Alessandro Nannini,1987,16,0,0,0.0,0,19.125,15.625,-3.5,16,0.0,0.0
Alessandro Nannini,1988,16,0,2,12.0,7,12.75,7.3125,-5.4375,13,0.0,12.5
Alessandro Nannini,1989,16,1,4,32.0,9,11.4375,8.8125,-2.625,9,6.25,25.0
Alessandro Nannini,1990,14,0,3,21.0,8,10.428571428571429,10.428571428571429,0.0,8,0.0,21.43
Alessandro Pesenti-Rossi,1976,4,0,0,0.0,0,17.5,17.5,9.0,4,0.0,0.0
Alessandro Zanardi,1991,3,0,0,0.0,2,12.666666666666666,16.333333333333332,3.6666666666666665,2,0.0,0.0
Alessandro Zanardi,1992,3,0,0,0.0,0,27.333333333333332,8.0,-2.0,3,0.0,0.0
Alessandro Zanardi,1993,12,0,0,1.0,4,15.166666666666666,17.75,2.5833333333333335,12,0.0,0.0
Alessandro Zanardi,1994,10,0,0,0.0,1,18.4,19.6,1.2,10,0.0,0.0
Alessandro Zanardi,1999,16,0,0,0.0,4,14.0625,12.875,-1.1875,13,0.0,0.0
Alessandro de Tomaso,1957,1,0,0,0.0,1,9.0,12.0,3.0,1,0.0,0.0
Alessandro de Tomaso,1959,1,0,0,0.0,0,11.0,14.0,3.0,1,0.0,0.0
Alex Blignaut,1965,1,0,0,0.0,0,31.0,0.0,,1,0.0,0.0
Alex Caffi,1986,1,0,0,0.0,0,11.0,27.0,16.0,1,0.0,0.0
Alex Caffi,1987,16,0,0,0.0,0,19.625,20.6875,2.933333333333333,16,0.0,0.0
Alex Caffi,1988,16,0,0,0.0,4,18.125,15.75,1.7142857142857142,16,0.0,0.0
Alex Caffi,1989,16,0,0,4.0,5,15.625,11.6875,0.0,15,0.0,0.0
Alex Caffi,1990,14,0,0,2.0,8,14.642857142857142,16.857142857142858,10.727272727272727,14,0.0,0.0
Alex Caffi,1991,12,0,0,0.0,1,27.25,4.083333333333333,12.0,12,0.0,0.0
Alex Ribeiro,1976,1,0,0,0.0,0,12.0,22.0,10.0,1,0.0,0.0
Alex Ribeiro,1977,17,0,0,0.0,2,19.11764705882353,11.352941176470589,8.666666666666666,17,0.0,0.0
Alex Ribeiro,1979,2,0,0,0.0,0,28.5,0.0,,2,0.0,0.0
Alex Soler-Roig,1970,2,0,0,0.0,0,22.0,0.0,,2,0.0,0.0
Alex Soler-Roig,1971,5,0,0,0.0,0,20.2,16.6,0.75,5,0.0,0.0
Alex Soler-Roig,1972,2,0,0,0.0,0,23.0,21.5,-1.5,2,0.0,0.0
Alex Yoong,2001,3,0,0,0.0,0,16.666666666666668,22.0,5.333333333333333,3,0.0,0.0
Alex Yoong,2002,13,0,0,0.0,2,15.692307692307692,19.46153846153846,5.916666666666667,13,0.0,0.0
Alexander Albon,2019,21,0,0,92.0,13,9.333333333333334,9.238095238095237,0.6842105263157895,7,0.0,0.0
Alexander Albon,2020,17,0,2,105.0,12,8.294117647058824,7.352941176470588,-0.9411764705882353,4,0.0,11.76
Alexander Albon,2022,21,0,0,4.0,3,13.904761904761905,15.619047619047619,1.7142857142857142,12,0.0,0.0
Alexander Albon,2023,22,0,0,25.0,7,12.409090909090908,11.954545454545455,-0.45454545454545453,7,0.0,0.0
Alexander Albon,2024,24,0,0,12.0,4,14.541666666666666,12.041666666666666,-1.826086956521739,17,0.0,0.0
Alexander Rossi,2015,5,0,0,0.0,0,15.4,17.8,2.4,4,0.0,0.0
Alexander Wurz,1997,3,0,1,4.0,1,10.333333333333334,8.666666666666666,-1.6666666666666667,2,0.0,33.33
Alexander Wurz,1998,16,0,0,17.0,10,9.5625,8.75,-0.8125,10,0.0,0.0
Alexander Wurz,1999,16,0,0,3.0,9,12.0625,12.375,0.3125,10,0.0,0.0
Alexander Wurz,2000,17,0,0,2.0,9,12.117647058823529,13.176470588235293,1.0588235294117647,13,0.0,0.0
Alexander Wurz,2005,1,0,1,6.0,1,3.0,7.0,4.0,0,0.0,100.0
Alexander Wurz,2007,16,0,1,13.0,5,12.625,15.25,2.625,12,0.0,6.25
Alfonso Thiele,1960,1,0,0,0.0,0,12.0,9.0,-3.0,1,0.0,0.0
Alfonso Thiele,1961,1,0,0,0.0,0,36.0,0.0,,1,0.0,0.0
Alfonso de Portago,1956,5,0,1,3.0,3,11.8,9.6,-2.2,5,0.0,20.0
Alfonso de Portago,1957,1,0,0,1.0,1,5.0,10.0,5.0,1,0.0,0.0
Alfredo Pián,1950,1,0,0,0.0,0,21.0,18.0,-3.0,1,0.0,0.0
Allan McNish,2002,17,0,0,0.0,4,15.529411764705882,15.941176470588236,0.4117647058823529,16,0.0,0.0
Allen Berg,1986,9,0,0,0.0,0,18.88888888888889,26.0,7.111111111111111,9,0.0,0.0
Andrea Chiesa,1992,10,0,0,0.0,0,26.2,6.9,2.0,10,0.0,0.0
Andrea Montermini,1994,1,0,0,0.0,0,27.0,0.0,,1,0.0,0.0
Andrea Montermini,1995,17,0,0,0.0,2,18.529411764705884,22.0,3.4705882352941178,17,0.0,0.0
Andrea Montermini,1996,10,0,0,0.0,1,19.7,21.5,1.8,10,0.0,0.0
Andrea de Adamich,1968,1,0,0,0.0,0,19.0,7.0,-12.0,1,0.0,0.0
Andrea de Adamich,1970,10,0,0,0.0,1,17.7,7.2,0.2,10,0.0,0.0
Andrea de Adamich,1971,7,0,0,0.0,0,15.428571428571429,21.428571428571427,6.0,7,0.0,0.0
Andrea de Adamich,1972,12,0,0,3.0,2,16.666666666666668,16.25,-0.4166666666666667,12,0.0,0.0
Andrea de Adamich,1973,6,0,0,3.0,3,14.0,18.833333333333332,4.833333333333333,6,0.0,0.0
Andrea de Cesaris,1980,2,0,0,0.0,0,21.0,9.0,-12.0,2,0.0,0.0
Andrea de Cesaris,1981,15,0,0,1.0,3,16.333333333333332,13.6,-1.1428571428571428,14,0.0,0.0
Andrea de Cesaris,1982,16,0,1,5.0,5,14.4375,8.5,-5.9375,16,0.0,6.25
Andrea de Cesaris,1983,15,0,2,15.0,4,14.333333333333334,8.0,-4.857142857142857,12,0.0,13.33
Andrea de Cesaris,1984,16,0,0,3.0,6,13.4375,14.9375,1.5,16,0.0,0.0
Andrea de Cesaris,1985,11,0,0,3.0,2,16.818181818181817,13.090909090909092,-3.727272727272727,11,0.0,0.0
Andrea de Cesaris,1986,16,0,0,0.0,1,18.25,19.5,3.0,16,0.0,0.0
Andrea de Cesaris,1987,16,0,1,4.0,2,18.375,11.875,-6.5,16,0.0,6.25
Andrea de Cesaris,1988,16,0,0,3.0,5,16.375,15.25,-1.125,16,0.0,0.0
Andrea de Cesaris,1989,16,0,1,4.0,6,14.6875,14.5625,1.6666666666666667,15,0.0,6.25
Andrea de Cesaris,1990,16,0,0,0.0,1,19.8125,16.0,-2.066666666666667,16,0.0,0.0
Andrea de Cesaris,1991,16,0,0,9.0,8,13.125,11.5625,0.4,12,0.0,0.0
Andrea de Cesaris,1992,16,0,0,8.0,7,13.5,13.8125,0.3125,16,0.0,0.0
Andrea de Cesaris,1993,16,0,0,0.0,1,16.875,20.1875,3.3125,16,0.0,0.0
Andrea de Cesaris,1994,11,0,0,4.0,2,17.363636363636363,15.545454545454545,-1.8181818181818181,11,0.0,0.0
André Guelfi,1958,1,0,0,0.0,0,15.0,25.0,10.0,1,0.0,0.0
André Lotterer,2014,1,0,0,0.0,0,22.0,21.0,-1.0,1,0.0,0.0
André Milhoux,1956,1,0,0,0.0,1,8.0,21.0,13.0,1,0.0,0.0
André Pilette,1951,1,0,0,0.0,1,6.0,12.0,6.0,1,0.0,0.0
André Pilette,1953,1,0,0,0.0,0,11.0,18.0,7.0,1,0.0,0.0
André Pilette,1954,3,0,0,2.0,2,11.333333333333334,13.333333333333334,2.0,3,0.0,0.0
André Pilette,1956,4,0,0,0.0,2,11.0,11.5,7.666666666666667,4,0.0,0.0
André Pilette,1961,1,0,0,0.0,0,33.0,0.0,,1,0.0,0.0
André Pilette,1963,2,0,0,0.0,0,25.0,0.0,,2,0.0,0.0
André Pilette,1964,3,0,0,0.0,0,19.666666666666668,6.666666666666667,5.0,3,0.0,0.0
André Simon,1951,4,0,0,0.0,1,13.5,13.5,0.0,4,0.0,0.0
André Simon,1952,2,0,0,0.0,2,8.0,6.0,-2.0,2,0.0,0.0
André Simon,1955,2,0,0,0.0,0,19.5,9.0,-10.5,2,0.0,0.0
André Simon,1956,2,0,0,0.0,1,10.5,22.5,12.0,2,0.0,0.0
André Simon,1957,2,0,0,0.0,0,15.0,8.0,5.0,2,0.0,0.0
André Testut,1958,1,0,0,0.0,0,23.0,0.0,,1,0.0,0.0
André Testut,1959,1,0,0,0.0,0,24.0,0.0,,1,0.0,0.0
Andy Linden,1951,1,0,0,3.0,1,4.0,31.0,27.0,0,0.0,0.0
Andy Linden,1952,1,0,0,0.0,0,33.0,2.0,-31.0,1,0.0,0.0
Andy Linden,1953,3,0,0,0.0,0,24.0,7.333333333333333,-16.666666666666668,3,0.0,0.0
Andy Linden,1954,3,0,0,0.0,0,20.0,18.0,-2.0,2,0.0,0.0
Andy Linden,1955,1,0,0,0.0,1,6.0,8.0,2.0,0,0.0,0.0
Andy Linden,1956,1,0,0,0.0,0,27.0,9.0,-18.0,1,0.0,0.0
Andy Linden,1957,1,0,0,2.0,1,5.0,12.0,7.0,0,0.0,0.0
Andy Sutcliffe,1977,1,0,0,0.0,0,32.0,0.0,,1,0.0,0.0
Anthony Davidson,2002,2,0,0,0.0,0,17.5,20.0,2.5,2,0.0,0.0
Anthony Davidson,2005,1,0,0,0.0,0,19.0,15.0,-4.0,1,0.0,0.0
Anthony Davidson,2007,17,0,0,0.0,0,15.647058823529411,16.058823529411764,0.4117647058823529,16,0.0,0.0
Anthony Davidson,2008,4,0,0,0.0,0,17.0,21.0,4.0,4,0.0,0.0
Anthony Foyt,1958,1,0,0,0.0,0,16.0,12.0,-4.0,1,0.0,0.0
Anthony Foyt,1959,1,0,0,0.0,1,10.0,17.0,7.0,0,0.0,0.0
Anthony Foyt,1960,1,0,0,0.0,0,25.0,16.0,-9.0,1,0.0,0.0
Antonio Creus,1960,1,0,0,0.0,0,21.0,22.0,1.0,1,0.0,0.0
Antonio Giovinazzi,2017,2,0,0,0.0,0,15.5,17.0,1.5,2,0.0,0.0
Antonio Giovinazzi,2019,21,0,0,14.0,4,13.857142857142858,13.80952380952381,-0.047619047619047616,15,0.0,0.0
Antonio Giovinazzi,2020,17,0,0,4.0,3,14.647058823529411,16.764705882352942,2.1176470588235294,11,0.0,0.0
Antonio Giovinazzi,2021,22,0,0,3.0,2,13.090909090909092,12.818181818181818,0.3333333333333333,18,0.0,0.0
Antônio Pizzonia,2003,11,0,0,0.0,4,13.909090909090908,13.818181818181818,-0.09090909090909091,11,0.0,0.0
Antônio Pizzonia,2004,4,0,0,6.0,3,8.5,9.5,1.0,2,0.0,0.0
Antônio Pizzonia,2005,5,0,0,2.0,1,14.2,13.8,-0.4,4,0.0,0.0
Archie Scott Brown,1956,1,0,0,0.0,0,24.0,10.0,-14.0,1,0.0,0.0
Art Bisch,1958,1,0,0,0.0,0,33.0,28.0,-5.0,1,0.0,0.0
Art Cross,1952,1,0,0,2.0,1,5.0,20.0,15.0,0,0.0,0.0
Art Cross,1953,1,0,1,6.0,1,2.0,12.0,10.0,0,0.0,100.0
Art Cross,1954,1,0,0,0.0,0,11.0,27.0,16.0,0,0.0,0.0
Art Cross,1955,1,0,0,0.0,0,17.0,24.0,7.0,1,0.0,0.0
Arthur Legat,1952,1,0,0,0.0,0,13.0,21.0,8.0,1,0.0,0.0
Arthur Legat,1953,1,0,0,0.0,0,20.0,19.0,-1.0,1,0.0,0.0
Arthur Owen,1960,1,0,0,0.0,0,16.0,11.0,-5.0,1,0.0,0.0
Arturo Merzario,1972,2,0,0,1.0,1,9.0,15.5,6.5,2,0.0,0.0
Arturo Merzario,1973,9,0,0,6.0,5,11.11111111111111,12.88888888888889,1.7777777777777777,8,0.0,0.0
Arturo Merzario,1974,14,0,0,4.0,3,17.5,12.642857142857142,-4.857142857142857,12,0.0,0.0
Arturo Merzario,1975,7,0,0,0.0,0,19.428571428571427,16.571428571428573,0.0,7,0.0,0.0
Arturo Merzario,1976,14,0,0,0.0,1,20.571428571428573,15.714285714285714,0.7272727272727273,13,0.0,0.0
Arturo Merzario,1977,8,0,0,0.0,0,21.25,11.375,-0.4,8,0.0,0.0
Arturo Merzario,1978,16,0,0,0.0,0,22.875,11.625,4.625,16,0.0,0.0
Arturo Merzario,1979,14,0,0,0.0,0,26.071428571428573,3.142857142857143,0.0,14,0.0,0.0
Ayrton Senna,1984,15,0,3,13.0,6,14.533333333333333,10.0,-2.857142857142857,12,0.0,20.0
Ayrton Senna,1985,16,2,6,38.0,9,9.0625,3.0,-6.0625,10,12.5,37.5
Ayrton Senna,1986,16,2,8,55.0,10,9.3125,2.4375,-6.875,8,12.5,50.0
Ayrton Senna,1987,16,2,8,57.0,14,5.375,4.0,-1.375,9,12.5,50.0
Ayrton Senna,1988,16,8,11,94.0,14,3.875,1.25,-2.625,3,50.0,68.75
Ayrton Senna,1989,16,6,7,60.0,8,9.25,1.1875,-8.0625,9,37.5,43.75
Ayrton Senna,1990,16,6,11,78.0,11,7.0625,1.875,-5.1875,5,37.5,68.75
Ayrton Senna,1991,16,7,12,96.0,15,3.375,1.8125,-1.5625,3,43.75,75.0
Ayrton Senna,1992,16,3,7,50.0,9,11.1875,2.8125,-8.375,9,18.75,43.75
Ayrton Senna,1993,16,5,7,73.0,11,7.8125,3.75,-4.0625,6,31.25,43.75
Ayrton Senna,1994,3,0,0,0.0,0,19.666666666666668,1.0,-18.666666666666668,3,0.0,0.0
Azdrubal Fontes,1959,1,0,0,0.0,0,22.0,0.0,,1,0.0,0.0
Basil van Rooyen,1968,1,0,0,0.0,0,16.0,20.0,4.0,1,0.0,0.0
Basil van Rooyen,1969,1,0,0,0.0,0,18.0,9.0,-9.0,1,0.0,0.0
Bayliss Levrett,1950,1,0,0,0.0,0,27.0,17.0,-10.0,1,0.0,0.0
Ben Pon,1962,1,0,0,0.0,0,20.0,10.0,-10.0,1,0.0,0.0
Beppe Gabbiani,1978,2,0,0,0.0,0,25.5,0.0,,2,0.0,0.0
Beppe Gabbiani,1981,15,0,0,0.0,0,25.6,4.4,4.666666666666667,15,0.0,0.0
Bernard Collomb,1961,2,0,0,0.0,0,21.0,23.5,2.5,2,0.0,0.0
Bernard Collomb,1962,1,0,0,0.0,0,25.0,22.0,-3.0,1,0.0,0.0
Bernard Collomb,1963,2,0,0,0.0,1,13.5,10.5,11.0,2,0.0,0.0
Bernard Collomb,1964,1,0,0,0.0,0,19.0,0.0,,1,0.0,0.0
Bernard de Dryver,1977,1,0,0,0.0,0,30.0,0.0,,1,0.0,0.0
Bernd Schneider,1988,15,0,0,0.0,0,24.666666666666668,8.2,2.5,15,0.0,0.0
Bernd Schneider,1989,15,0,0,0.0,0,33.4,3.066666666666667,2.5,15,0.0,0.0
Bernd Schneider,1990,2,0,0,0.0,0,20.5,10.0,8.0,2,0.0,0.0
Bernie Ecclestone,1958,1,0,0,0.0,0,28.0,0.0,,1,0.0,0.0
Bertil Roos,1974,1,0,0,0.0,0,25.0,23.0,-2.0,1,0.0,0.0
Bertrand Gachot,1989,14,0,0,0.0,0,26.357142857142858,7.0,4.2,14,0.0,0.0
Bertrand Gachot,1990,16,0,0,0.0,0,32.0,0.0,,16,0.0,0.0
Bertrand Gachot,1991,11,0,0,4.0,6,13.0,14.272727272727273,4.4,9,0.0,0.0
Bertrand Gachot,1992,16,0,0,1.0,1,18.6875,17.25,-1.4375,16,0.0,0.0
Bertrand Gachot,1994,16,0,0,0.0,0,24.6875,7.75,5.4,16,0.0,0.0
Bertrand Gachot,1995,11,0,0,0.0,1,17.818181818181817,22.0,4.181818181818182,11,0.0,0.0
Bill Aston,1952,3,0,0,0.0,0,28.333333333333332,7.0,-1.0,3,0.0,0.0
Bill Brack,1968,1,0,0,0.0,0,18.0,20.0,2.0,1,0.0,0.0
Bill Brack,1969,1,0,0,0.0,1,8.0,18.0,10.0,1,0.0,0.0
Bill Brack,1972,1,0,0,0.0,0,22.0,23.0,1.0,1,0.0,0.0
Bill Cantrell,1950,1,0,0,0.0,0,27.0,17.0,-10.0,1,0.0,0.0
Bill Cheesbourg,1957,1,0,0,0.0,0,26.0,23.0,-3.0,1,0.0,0.0
Bill Cheesbourg,1958,1,0,0,0.0,1,10.0,33.0,23.0,0,0.0,0.0
Bill Cheesbourg,1959,1,0,0,0.0,0,21.0,30.0,9.0,1,0.0,0.0
Bill Holland,1950,1,0,1,6.0,1,2.0,10.0,8.0,1,0.0,100.0
Bill Holland,1953,1,0,0,0.0,0,15.0,28.0,13.0,1,0.0,0.0
Bill Homeier,1954,1,0,0,0.0,0,33.0,18.0,-15.0,1,0.0,0.0
Bill Homeier,1955,1,0,0,1.0,1,5.0,7.0,2.0,0,0.0,0.0
Bill Homeier,1960,1,0,0,0.0,0,13.0,31.0,18.0,0,0.0,0.0
Bill Mackey,1951,1,0,0,0.0,0,19.0,33.0,14.0,1,0.0,0.0
Bill Moss,1959,1,0,0,0.0,0,26.0,0.0,,1,0.0,0.0
Bill Schindler,1950,1,0,0,0.0,0,26.0,22.0,-4.0,1,0.0,0.0
Bill Schindler,1951,1,0,0,0.0,0,13.0,16.0,3.0,1,0.0,0.0
Bill Schindler,1952,1,0,0,0.0,0,14.0,15.0,1.0,0,0.0,0.0
Bill Vukovich,1951,1,0,0,0.0,0,29.0,20.0,-9.0,1,0.0,0.0
Bill Vukovich,1952,1,0,0,1.0,0,17.0,8.0,-9.0,1,0.0,0.0
Bill Vukovich,1953,1,1,1,9.0,1,1.0,1.0,0.0,0,100.0,100.0
Bill Vukovich,1954,1,1,1,8.0,1,1.0,19.0,18.0,0,100.0,100.0
Bill Vukovich,1955,1,0,0,1.0,0,25.0,5.0,-20.0,1,0.0,0.0
Bill Whitehouse,1954,1,0,0,0.0,0,17.0,19.0,2.0,1,0.0,0.0
Billy Garrett,1956,1,0,0,0.0,0,16.0,29.0,13.0,1,0.0,0.0
Billy Garrett,1958,1,0,0,0.0,0,21.0,15.0,-6.0,1,0.0,0.0
Bob Anderson,1963,2,0,0,0.0,0,12.0,17.5,5.5,2,0.0,0.0
Bob Anderson,1964,7,0,1,5.0,4,9.0,12.571428571428571,3.5714285714285716,7,0.0,14.29
Bob Anderson,1965,5,0,0,0.0,2,13.6,13.8,0.2,5,0.0,0.0
Bob Anderson,1966,6,0,0,1.0,2,11.5,12.166666666666666,0.6666666666666666,6,0.0,0.0
Bob Anderson,1967,6,0,0,2.0,3,10.5,12.5,5.8,6,0.0,0.0
Bob Bondurant,1965,2,0,0,0.0,1,12.0,16.0,4.0,2,0.0,0.0
Bob Bondurant,1966,7,0,0,3.0,3,11.857142857142858,14.857142857142858,3.0,7,0.0,0.0
Bob Christie,1956,1,0,0,0.0,0,13.0,25.0,12.0,1,0.0,0.0
Bob Christie,1957,1,0,0,0.0,0,13.0,33.0,20.0,1,0.0,0.0
Bob Christie,1958,1,0,0,0.0,0,14.0,17.0,3.0,1,0.0,0.0
Bob Christie,1959,1,0,0,0.0,0,25.0,24.0,-1.0,1,0.0,0.0
Bob Christie,1960,1,0,0,0.0,1,10.0,14.0,4.0,0,0.0,0.0
Bob Drake,1960,1,0,0,0.0,0,13.0,22.0,9.0,1,0.0,0.0
Bob Evans,1975,9,0,0,0.0,1,18.444444444444443,19.88888888888889,4.375,9,0.0,0.0
Bob Evans,1976,3,0,0,0.0,1,17.666666666666668,15.0,8.0,3,0.0,0.0
Bob Gerard,1950,2,0,0,0.0,2,6.0,14.5,8.5,2,0.0,0.0
Bob Gerard,1951,1,0,0,0.0,0,11.0,10.0,-1.0,1,0.0,0.0
Bob Gerard,1953,1,0,0,0.0,0,11.0,12.0,1.0,1,0.0,0.0
Bob Gerard,1954,1,0,0,0.0,1,10.0,18.0,8.0,1,0.0,0.0
Bob Gerard,1956,1,0,0,0.0,0,11.0,22.0,11.0,1,0.0,0.0
Bob Gerard,1957,1,0,0,0.0,1,6.0,18.0,12.0,1,0.0,0.0
Bob Said,1959,1,0,0,0.0,0,18.0,13.0,-5.0,1,0.0,0.0
Bob Scott,1952,1,0,0,0.0,0,29.0,25.0,-4.0,1,0.0,0.0
Bob Scott,1953,2,0,0,0.0,0,21.5,15.0,-6.5,2,0.0,0.0
Bob Scott,1954,2,0,0,0.0,0,21.5,27.0,5.5,2,0.0,0.0
Bob Sweikert,1952,1,0,0,0.0,0,26.0,32.0,6.0,1,0.0,0.0
Bob Sweikert,1953,1,0,0,0.0,0,20.0,29.0,9.0,1,0.0,0.0
Bob Sweikert,1954,1,0,0,0.0,0,14.0,9.0,-5.0,1,0.0,0.0
Bob Sweikert,1955,1,1,1,8.0,1,1.0,14.0,13.0,0,100.0,100.0
Bob Sweikert,1956,1,0,0,0.0,1,6.0,10.0,4.0,0,0.0,0.0
Bob Veith,1956,1,0,0,0.0,1,7.0,23.0,16.0,0,0.0,0.0
Bob Veith,1957,1,0,0,0.0,1,9.0,16.0,7.0,0,0.0,0.0
Bob Veith,1958,1,0,0,0.0,0,26.0,4.0,-22.0,1,0.0,0.0
Bob Veith,1959,1,0,0,0.0,0,12.0,7.0,-5.0,0,0.0,0.0
Bob Veith,1960,1,0,0,0.0,1,8.0,25.0,17.0,0,0.0,0.0
Bobby Ball,1951,1,0,0,2.0,1,5.0,29.0,24.0,0,0.0,0.0
Bobby Ball,1952,1,0,0,0.0,0,32.0,17.0,-15.0,1,0.0,0.0
Bobby Grim,1959,1,0,0,0.0,0,26.0,5.0,-21.0,1,0.0,0.0
Bobby Grim,1960,1,0,0,0.0,0,16.0,21.0,5.0,1,0.0,0.0
Bobby Rahal,1978,2,0,0,0.0,0,15.0,20.0,5.0,2,0.0,0.0
Bobby Unser,1968,1,0,0,0.0,0,17.0,19.0,2.0,1,0.0,0.0
Boy Lunger,1976,1,0,0,0.0,0,14.0,21.0,7.0,1,0.0,0.0
Boy Lunger,1977,6,0,0,0.0,0,23.833333333333332,8.0,7.0,6,0.0,0.0
Brausch Niemann,1963,1,0,0,0.0,0,14.0,15.0,1.0,1,0.0,0.0
Brausch Niemann,1965,1,0,0,0.0,0,24.0,0.0,,1,0.0,0.0
Brendon Hartley,2017,4,0,0,0.0,0,15.75,18.5,2.75,4,0.0,0.0
Brendon Hartley,2018,21,0,0,4.0,3,14.904761904761905,14.666666666666666,0.75,19,0.0,0.0
Brett Lunger,1975,3,0,0,0.0,1,12.0,18.666666666666668,6.666666666666667,3,0.0,0.0
Brett Lunger,1976,12,0,0,0.0,1,16.25,18.416666666666668,7.8,12,0.0,0.0
Brett Lunger,1977,12,0,0,0.0,4,14.666666666666666,18.916666666666668,6.909090909090909,12,0.0,0.0
Brett Lunger,1978,15,0,0,0.0,3,18.466666666666665,14.133333333333333,7.1,15,0.0,0.0
Brian Gubby,1965,1,0,0,0.0,0,23.0,0.0,,1,0.0,0.0
Brian Hart,1967,1,0,0,0.0,0,14.0,25.0,11.0,1,0.0,0.0
Brian Henton,1975,3,0,0,0.0,0,18.666666666666668,20.666666666666668,2.0,3,0.0,0.0
Brian Henton,1977,6,0,0,0.0,1,22.833333333333332,6.833333333333333,8.5,6,0.0,0.0
Brian Henton,1981,12,0,0,0.0,1,26.333333333333332,1.9166666666666667,13.0,12,0.0,0.0
Brian Henton,1982,16,0,0,0.0,7,14.5625,16.6875,6.5,16,0.0,0.0
Brian McGuire,1977,1,0,0,0.0,0,35.0,0.0,,1,0.0,0.0
Brian Naylor,1957,1,0,0,0.0,0,13.0,17.0,4.0,1,0.0,0.0
Brian Naylor,1958,1,0,0,0.0,0,23.0,25.0,2.0,1,0.0,0.0
Brian Naylor,1959,1,0,0,0.0,0,22.0,14.0,-8.0,1,0.0,0.0
Brian Naylor,1960,4,0,0,0.0,0,15.5,10.5,-0.3333333333333333,4,0.0,0.0
Brian Naylor,1961,2,0,0,0.0,0,27.0,15.5,8.0,2,0.0,0.0
Brian Redman,1968,3,0,1,4.0,1,12.333333333333334,15.0,2.6666666666666665,3,0.0,33.33
Brian Redman,1970,1,0,0,0.0,0,22.0,0.0,,1,0.0,0.0
Brian Redman,1971,1,0,0,0.0,1,7.0,17.0,10.0,1,0.0,0.0
Brian Redman,1972,4,0,0,4.0,3,11.25,16.5,5.25,2,0.0,0.0
Brian Redman,1973,1,0,0,0.0,0,24.0,13.0,-11.0,1,0.0,0.0
Brian Redman,1974,3,0,0,0.0,1,16.0,18.333333333333332,2.3333333333333335,3,0.0,0.0
Brian Shawe Taylor,1950,1,0,0,0.0,1,10.0,20.0,10.0,1,0.0,0.0
Brian Shawe Taylor,1951,1,0,0,0.0,1,8.0,12.0,4.0,1,0.0,0.0
Bruce Halford,1956,3,0,0,0.0,1,14.666666666666666,17.666666666666668,3.0,3,0.0,0.0
Bruce Halford,1957,3,0,0,0.0,1,12.0,14.666666666666666,2.6666666666666665,3,0.0,0.0
Bruce Halford,1959,1,0,0,0.0,0,16.0,16.0,0.0,1,0.0,0.0
Bruce Halford,1960,2,0,0,0.0,1,12.5,7.5,7.0,2,0.0,0.0
Bruce Johnstone,1962,1,0,0,0.0,1,9.0,17.0,8.0,1,0.0,0.0
Bruce Kessler,1958,1,0,0,0.0,0,20.0,0.0,,1,0.0,0.0
Bruce McLaren,1958,2,0,0,0.0,1,9.0,16.5,7.5,1,0.0,0.0
Bruce McLaren,1959,7,1,2,16.5,5,7.142857142857143,9.571428571428571,2.4285714285714284,4,14.29,28.57
Bruce McLaren,1960,8,1,6,37.0,7,4.125,9.125,5.0,2,12.5,75.0
Bruce McLaren,1961,8,0,1,11.0,6,7.75,11.0,3.25,4,0.0,12.5
Bruce McLaren,1962,9,1,5,32.0,7,5.888888888888889,4.444444444444445,-1.4444444444444444,4,11.11,55.56
Bruce McLaren,1963,10,0,3,17.0,4,10.7,6.7,-4.0,8,0.0,30.0
Bruce McLaren,1964,10,0,2,13.0,5,10.5,7.1,-3.4,8,0.0,20.0
Bruce McLaren,1965,10,0,1,10.0,6,9.9,9.1,-0.8,10,0.0,10.0
Bruce McLaren,1966,5,0,0,3.0,3,10.4,9.6,3.0,5,0.0,0.0
Bruce McLaren,1967,9,0,0,3.0,2,13.333333333333334,7.777777777777778,-5.555555555555555,9,0.0,0.0
Bruce McLaren,1968,11,1,3,22.0,7,8.090909090909092,7.818181818181818,-0.2727272727272727,9,9.09,27.27
Bruce McLaren,1969,11,0,3,26.0,8,7.090909090909091,7.909090909090909,0.8181818181818182,9,0.0,27.27
Bruce McLaren,1970,3,0,1,6.0,1,11.333333333333334,10.333333333333334,-1.0,3,0.0,33.33
Bruno Giacomelli,1977,1,0,0,0.0,0,13.0,15.0,2.0,1,0.0,0.0
Bruno Giacomelli,1978,5,0,0,0.0,2,12.8,19.6,6.8,5,0.0,0.0
Bruno Giacomelli,1979,4,0,0,0.0,0,19.75,16.75,-3.0,4,0.0,0.0
Bruno Giacomelli,1980,14,0,0,4.0,2,15.571428571428571,10.0,-5.571428571428571,13,0.0,0.0
Bruno Giacomelli,1981,15,0,1,7.0,6,12.2,12.866666666666667,0.6666666666666666,12,0.0,6.67
Bruno Giacomelli,1982,16,0,0,2.0,5,15.25,10.125,-5.125,16,0.0,0.0
Bruno Giacomelli,1983,15,0,0,1.0,4,16.066666666666666,12.4,-2.4285714285714284,12,0.0,0.0
Bruno Giacomelli,1990,12,0,0,0.0,0,34.166666666666664,0.0,,12,0.0,0.0
Bruno Senna,2010,18,0,0,0.0,0,19.27777777777778,22.22222222222222,2.9444444444444446,18,0.0,0.0
Bruno Senna,2011,8,0,0,2.0,1,13.875,11.625,-2.25,6,0.0,0.0
Bruno Senna,2012,20,0,0,31.0,10,13.2,14.25,1.05,7,0.0,0.0
Bud Tingelstad,1960,1,0,0,0.0,1,9.0,28.0,19.0,0,0.0,0.0
Cal Niday,1953,1,0,0,0.0,0,30.0,30.0,0.0,1,0.0,0.0
Cal Niday,1954,1,0,0,0.0,1,10.0,13.0,3.0,0,0.0,0.0
Cal Niday,1955,1,0,0,0.0,0,16.0,9.0,-7.0,1,0.0,0.0
Carel Godin de Beaufort,1957,1,0,0,0.0,0,14.0,20.0,6.0,1,0.0,0.0
Carel Godin de Beaufort,1958,2,0,0,0.0,0,15.0,16.0,1.0,2,0.0,0.0
Carel Godin de Beaufort,1959,2,0,0,0.0,2,9.5,17.0,7.5,2,0.0,0.0
Carel Godin de Beaufort,1960,1,0,0,0.0,1,8.0,18.0,10.0,1,0.0,0.0
Carel Godin de Beaufort,1961,6,0,0,0.0,1,13.333333333333334,16.333333333333332,3.0,6,0.0,0.0
Carel Godin de Beaufort,1962,9,0,0,2.0,4,11.666666666666666,13.222222222222221,4.25,8,0.0,0.0
Carel Godin de Beaufort,1963,9,0,0,2.0,6,12.444444444444445,14.666666666666666,10.0,9,0.0,0.0
Carel Godin de Beaufort,1964,1,0,0,0.0,0,17.0,17.0,0.0,1,0.0,0.0
Carl Forberg,1951,1,0,0,0.0,1,7.0,24.0,17.0,1,0.0,0.0
Carl Scarborough,1951,1,0,0,0.0,0,18.0,15.0,-3.0,1,0.0,0.0
Carl Scarborough,1953,1,0,0,0.0,0,12.0,19.0,7.0,1,0.0,0.0
Carlo Abate,1962,1,0,0,0.0,0,21.0,0.0,,1,0.0,0.0
Carlo Abate,1963,1,0,0,0.0,0,32.0,0.0,,1,0.0,0.0
Carlo Facetti,1974,1,0,0,0.0,0,27.0,0.0,,1,0.0,0.0
Carlo Franchi,1978,1,0,0,0.0,0,28.0,0.0,,1,0.0,0.0
Carlos Menditeguy,1953,1,0,0,0.0,0,14.0,10.0,-4.0,1,0.0,0.0
Carlos Menditeguy,1954,1,0,0,0.0,0,18.0,9.0,-9.0,1,0.0,0.0
Carlos Menditeguy,1955,3,0,0,2.0,2,11.666666666666666,16.333333333333332,4.666666666666667,3,0.0,0.0
Carlos Menditeguy,1956,1,0,0,0.0,1,10.0,6.0,-4.0,1,0.0,0.0
Carlos Menditeguy,1957,4,0,1,4.0,3,9.5,8.75,-0.75,4,0.0,25.0
Carlos Menditeguy,1958,1,0,0,0.0,1,7.0,6.0,-1.0,1,0.0,0.0
Carlos Menditeguy,1960,1,0,0,3.0,1,4.0,12.0,8.0,0,0.0,0.0
Carlos Pace,1972,11,0,0,3.0,3,15.272727272727273,16.272727272727273,1.0,11,0.0,0.0
Carlos Pace,1973,15,0,1,7.0,5,14.2,12.0,-2.2,13,0.0,6.67
Carlos Pace,1974,14,0,1,11.0,5,14.0,10.428571428571429,-1.9230769230769231,12,0.0,7.14
Carlos Pace,1975,14,1,3,24.0,6,11.928571428571429,6.357142857142857,-5.571428571428571,11,7.14,21.43
Carlos Pace,1976,16,0,0,7.0,9,12.375,10.25,-2.125,12,0.0,0.0
Carlos Pace,1977,3,0,1,6.0,2,7.666666666666667,6.666666666666667,-1.0,2,0.0,33.33
Carlos Reutemann,1972,10,0,0,3.0,3,16.1,8.8,-7.3,9,0.0,0.0
Carlos Reutemann,1973,15,0,2,16.0,8,9.933333333333334,7.866666666666666,-2.066666666666667,9,0.0,13.33
Carlos Reutemann,1974,15,3,4,32.0,8,10.8,6.6,-4.2,11,20.0,26.67
Carlos Reutemann,1975,14,1,6,37.0,10,7.857142857142857,7.0,-0.8571428571428571,7,7.14,42.86
Carlos Reutemann,1976,13,0,0,3.0,2,17.46153846153846,12.615384615384615,-4.846153846153846,12,0.0,0.0
Carlos Reutemann,1977,17,1,6,42.0,12,7.882352941176471,6.647058823529412,-1.2352941176470589,8,5.88,35.29
Carlos Reutemann,1978,16,4,7,48.0,11,8.3125,6.125,-2.1875,7,25.0,43.75
Carlos Reutemann,1979,15,0,4,25.0,8,11.2,9.466666666666667,-1.7333333333333334,8,0.0,26.67
Carlos Reutemann,1980,14,1,8,49.0,11,6.785714285714286,4.571428571428571,-2.2142857142857144,4,7.14,57.14
Carlos Reutemann,1981,15,2,7,49.0,12,6.666666666666667,3.533333333333333,-3.1333333333333333,6,13.33,46.67
Carlos Reutemann,1982,2,0,1,6.0,1,10.5,7.0,-3.5,1,0.0,50.0
Carlos Sainz,2015,19,0,0,18.0,7,12.631578947368421,11.31578947368421,-0.8333333333333334,14,0.0,0.0
Carlos Sainz,2016,21,0,0,46.0,10,12.047619047619047,12.047619047619047,0.0,13,0.0,0.0
Carlos Sainz,2017,20,0,0,54.0,10,12.25,11.65,-0.6,14,0.0,0.0
Carlos Sainz,2018,21,0,0,53.0,13,10.285714285714286,10.0,-0.2857142857142857,12,0.0,0.0
Carlos Sainz,2019,21,0,1,96.0,13,10.047619047619047,10.285714285714286,0.23809523809523808,11,0.0,4.76
Carlos Sainz,2020,17,0,1,105.0,12,8.941176470588236,8.352941176470589,-0.5882352941176471,7,0.0,5.88
Carlos Sainz,2021,22,0,4,163.5,20,6.5,7.909090909090909,1.4090909090909092,3,0.0,18.18
Carlos Sainz,2022,22,1,9,228.0,16,7.863636363636363,4.7272727272727275,-3.1363636363636362,6,4.55,40.91
Carlos Sainz,2023,22,1,3,178.0,18,7.5,5.7727272727272725,-1.7272727272727273,3,4.55,13.64
Carlos Sainz,2024,23,2,9,262.0,20,5.695652173913044,4.826086956521739,-0.18181818181818182,3,8.7,39.13
Carroll Shelby,1958,5,0,0,0.0,3,12.2,14.0,1.8,5,0.0,0.0
Carroll Shelby,1959,4,0,0,0.0,2,11.5,12.0,0.5,4,0.0,0.0
Cecil Green,1950,1,0,0,3.0,1,4.0,12.0,8.0,1,0.0,0.0
Cecil Green,1951,1,0,0,0.0,0,22.0,10.0,-12.0,1,0.0,0.0
Cesare Perdisa,1955,3,0,1,2.0,3,7.0,9.0,2.0,3,0.0,33.33
Cesare Perdisa,1956,5,0,1,3.0,4,8.4,8.8,5.5,4,0.0,20.0
Cesare Perdisa,1957,1,0,0,0.0,1,6.0,11.0,5.0,1,0.0,0.0
Charles Leclerc,2018,21,0,0,39.0,10,12.380952380952381,12.428571428571429,0.047619047619047616,14,0.0,0.0
Charles Leclerc,2019,21,2,10,264.0,18,5.571428571428571,4.285714285714286,-1.2857142857142858,4,9.52,47.62
Charles Leclerc,2020,17,0,2,98.0,10,9.882352941176471,8.470588235294118,-1.411764705882353,7,0.0,11.76
Charles Leclerc,2021,22,0,1,159.0,18,7.7272727272727275,6.454545454545454,-1.2727272727272727,6,0.0,4.55
Charles Leclerc,2022,22,3,11,291.0,19,5.5,3.909090909090909,-1.5909090909090908,3,13.64,50.0
Charles Leclerc,2023,22,0,6,185.0,16,8.227272727272727,4.863636363636363,-2.5714285714285716,5,0.0,27.27
Charles Leclerc,2024,24,3,13,327.0,21,4.541666666666667,5.416666666666667,0.875,2,12.5,54.17
Charles Pic,2012,20,0,0,0.0,0,18.4,21.35,2.95,18,0.0,0.0
Charles Pic,2013,19,0,0,0.0,0,17.736842105263158,19.842105263157894,2.1052631578947367,17,0.0,0.0
Charles Pozzi,1950,1,0,0,0.0,1,6.0,15.0,9.0,1,0.0,0.0
Charles de Tornaco,1952,3,0,0,0.0,1,15.333333333333334,10.0,4.5,3,0.0,0.0
Chet Miller,1951,1,0,0,0.0,0,25.0,28.0,3.0,1,0.0,0.0
Chet Miller,1952,1,0,0,0.0,0,30.0,27.0,-3.0,1,0.0,0.0
Chico Landi,1951,1,0,0,0.0,0,20.0,16.0,-4.0,1,0.0,0.0
Chico Landi,1952,2,0,0,0.0,2,8.5,17.0,8.5,2,0.0,0.0
Chico Landi,1953,2,0,0,0.0,1,18.0,20.5,2.5,2,0.0,0.0
Chico Landi,1956,1,0,0,1.5,1,4.0,11.0,7.0,1,0.0,0.0
Chico Serra,1981,14,0,0,0.0,1,22.642857142857142,8.928571428571429,4.166666666666667,14,0.0,0.0
Chico Serra,1982,14,0,0,1.0,2,19.142857142857142,15.0,9.666666666666666,14,0.0,0.0
Chico Serra,1983,4,0,0,0.0,3,10.5,21.0,10.5,4,0.0,0.0
Chris Amon,1963,8,0,0,0.0,2,15.0,11.375,1.3333333333333333,8,0.0,0.0
Chris Amon,1964,9,0,0,2.0,2,14.333333333333334,10.88888888888889,-1.75,9,0.0,0.0
Chris Amon,1965,2,0,0,0.0,0,14.0,12.0,-2.0,2,0.0,0.0
Chris Amon,1966,2,0,0,0.0,1,15.0,3.5,-1.0,2,0.0,0.0
Chris Amon,1967,10,0,4,20.0,10,5.5,6.3,0.8,6,0.0,40.0
Chris Amon,1968,11,0,1,10.0,6,10.454545454545455,2.909090909090909,-7.545454545454546,10,0.0,9.09
Chris Amon,1969,6,0,1,4.0,3,9.5,4.0,-5.5,5,0.0,16.67
Chris Amon,1970,13,0,3,23.0,9,8.538461538461538,6.3076923076923075,-2.230769230769231,9,0.0,23.08
Chris Amon,1971,10,0,1,9.0,5,11.0,6.2,-4.8,7,0.0,10.0
Chris Amon,1972,12,0,1,12.0,6,10.416666666666666,8.416666666666666,-2.0,10,0.0,8.33
Chris Amon,1973,6,0,0,1.0,2,16.833333333333332,16.333333333333332,-0.5,6,0.0,0.0
Chris Amon,1974,6,0,0,0.0,1,22.666666666666668,13.333333333333334,1.25,6,0.0,0.0
Chris Amon,1975,2,0,0,0.0,0,12.0,21.0,9.0,2,0.0,0.0
Chris Amon,1976,9,0,0,2.0,2,16.11111111111111,10.11111111111111,-3.5,9,0.0,0.0
Chris Bristow,1959,1,0,0,0.0,1,10.0,16.0,6.0,1,0.0,0.0
Chris Bristow,1960,3,0,0,0.0,0,13.333333333333334,6.666666666666667,-6.666666666666667,3,0.0,0.0
Chris Craft,1971,2,0,0,0.0,0,25.0,13.5,3.0,2,0.0,0.0
Chris Irwin,1966,1,0,0,0.0,1,7.0,12.0,5.0,1,0.0,0.0
Chris Irwin,1967,9,0,0,2.0,4,11.555555555555555,13.444444444444445,1.8888888888888888,9,0.0,0.0
Chris Lawrence,1966,2,0,0,0.0,0,11.0,22.5,11.5,2,0.0,0.0
Christian Danner,1985,2,0,0,0.0,0,18.0,23.5,5.5,2,0.0,0.0
Christian Danner,1986,16,0,0,1.0,3,15.75,20.25,6.4,16,0.0,0.0
Christian Danner,1987,16,0,0,0.0,6,16.5625,17.5625,2.8,16,0.0,0.0
Christian Danner,1989,13,0,0,3.0,2,23.0,6.846153846153846,12.75,13,0.0,0.0
Christian Fittipaldi,1992,13,0,0,1.0,3,17.0,15.461538461538462,6.2,13,0.0,0.0
Christian Fittipaldi,1993,14,0,0,5.0,8,10.928571428571429,19.428571428571427,8.5,14,0.0,0.0
Christian Fittipaldi,1994,16,0,0,6.0,7,11.6875,16.25,4.5625,15,0.0,0.0
Christian Goethals,1958,1,0,0,0.0,0,16.0,23.0,7.0,1,0.0,0.0
Christian Klien,2004,18,0,0,3.0,4,13.11111111111111,13.666666666666666,0.5555555555555556,16,0.0,0.0
Christian Klien,2005,15,0,0,9.0,9,11.866666666666667,11.0,-0.8666666666666667,9,0.0,0.0
Christian Klien,2006,15,0,0,2.0,2,14.733333333333333,12.733333333333333,-2.0,13,0.0,0.0
Christian Klien,2010,3,0,0,0.0,0,20.666666666666668,23.0,2.3333333333333335,3,0.0,0.0
Christijan Albers,2005,19,0,0,4.0,1,14.68421052631579,17.157894736842106,2.473684210526316,19,0.0,0.0
Christijan Albers,2006,18,0,0,0.0,1,16.0,18.0,2.0,18,0.0,0.0
Christijan Albers,2007,9,0,0,0.0,0,17.11111111111111,21.22222222222222,4.111111111111111,9,0.0,0.0
Chuck Arnold,1959,1,0,0,0.0,0,15.0,21.0,6.0,0,0.0,0.0
Chuck Daigh,1960,6,0,0,0.0,1,17.833333333333332,13.0,3.25,6,0.0,0.0
Chuck Stevenson,1951,1,0,0,0.0,0,20.0,19.0,-1.0,1,0.0,0.0
Chuck Stevenson,1952,1,0,0,0.0,0,18.0,11.0,-7.0,1,0.0,0.0
Chuck Stevenson,1953,3,0,0,0.0,1,20.333333333333332,9.666666666666666,-10.666666666666666,3,0.0,0.0
Chuck Stevenson,1954,1,0,0,0.0,0,12.0,5.0,-7.0,1,0.0,0.0
Chuck Stevenson,1960,1,0,0,0.0,0,15.0,9.0,-6.0,1,0.0,0.0
Chuck Weyant,1955,1,0,0,0.0,0,12.0,25.0,13.0,1,0.0,0.0
Chuck Weyant,1957,1,0,0,0.0,0,14.0,25.0,11.0,1,0.0,0.0
Chuck Weyant,1958,1,0,0,0.0,0,24.0,29.0,5.0,1,0.0,0.0
Chuck Weyant,1959,1,0,0,0.0,0,28.0,29.0,1.0,1,0.0,0.0
Claudio Langes,1990,14,0,0,0.0,0,33.0,0.0,,14,0.0,0.0
Clay Regazzoni,1970,8,1,4,33.0,6,5.0,3.75,-1.25,3,12.5,50.0
Clay Regazzoni,1971,11,0,3,13.0,4,12.818181818181818,5.545454545454546,-7.2727272727272725,8,0.0,27.27
Clay Regazzoni,1972,10,0,2,15.0,5,11.5,4.7,-6.8,7,0.0,20.0
Clay Regazzoni,1973,14,0,0,2.0,9,11.857142857142858,9.857142857142858,-2.0,12,0.0,0.0
Clay Regazzoni,1974,15,1,7,52.0,11,6.266666666666667,4.6,-1.6666666666666667,4,6.67,46.67
Clay Regazzoni,1975,14,1,3,25.0,8,9.285714285714286,6.714285714285714,-2.5714285714285716,7,7.14,21.43
Clay Regazzoni,1976,15,1,4,31.0,10,8.733333333333333,6.266666666666667,-2.466666666666667,7,6.67,26.67
Clay Regazzoni,1977,16,0,0,5.0,6,15.5625,10.6875,-1.8571428571428572,12,0.0,0.0
Clay Regazzoni,1978,16,0,0,4.0,4,16.9375,12.1875,4.545454545454546,16,0.0,0.0
Clay Regazzoni,1979,15,1,5,32.0,9,10.133333333333333,10.066666666666666,-0.06666666666666667,8,6.67,33.33
Clay Regazzoni,1980,4,0,0,0.0,2,13.0,17.5,4.5,4,0.0,0.0
Clemar Bucci,1954,4,0,0,0.0,0,18.25,14.0,-4.25,4,0.0,0.0
Clemar Bucci,1955,1,0,0,0.0,1,9.0,20.0,11.0,1,0.0,0.0
Clemente Biondetti,1950,1,0,0,0.0,0,18.0,25.0,7.0,1,0.0,0.0
Cliff Allison,1958,9,0,0,3.0,6,10.222222222222221,14.444444444444445,4.222222222222222,8,0.0,0.0
Cliff Allison,1959,5,0,0,2.0,3,10.2,12.6,2.4,5,0.0,0.0
Cliff Allison,1960,2,0,1,6.0,1,10.0,3.5,5.0,1,0.0,50.0
Cliff Allison,1961,2,0,0,0.0,1,16.5,7.5,7.0,2,0.0,0.0
Cliff Griffith,1951,1,0,0,0.0,0,28.0,18.0,-10.0,1,0.0,0.0
Cliff Griffith,1952,1,0,0,0.0,1,9.0,9.0,0.0,0,0.0,0.0
Cliff Griffith,1956,1,0,0,0.0,1,10.0,30.0,20.0,1,0.0,0.0
Clive Puzey,1965,1,0,0,0.0,0,26.0,0.0,,1,0.0,0.0
Colin Chapman,1956,1,0,0,0.0,0,20.0,5.0,-15.0,1,0.0,0.0
Colin Davis,1959,2,0,0,0.0,0,15.5,17.5,2.0,2,0.0,0.0
Colin Davis,1962,1,0,0,0.0,0,20.0,0.0,,1,0.0,0.0
Conny Andersson,1976,1,0,0,0.0,0,25.0,18.0,-7.0,1,0.0,0.0
Conny Andersson,1977,4,0,0,0.0,0,30.0,0.0,,4,0.0,0.0
Consalvo Sanesi,1950,1,0,0,0.0,0,23.0,4.0,-19.0,1,0.0,0.0
Consalvo Sanesi,1951,4,0,0,3.0,3,7.75,5.25,-2.5,4,0.0,0.0
Corrado Fabi,1983,15,0,0,0.0,1,21.0,14.866666666666667,7.777777777777778,15,0.0,0.0
Corrado Fabi,1984,3,0,0,0.0,1,13.666666666666666,14.0,0.3333333333333333,3,0.0,0.0
Cristiano da Matta,2003,16,0,0,10.0,8,10.75,11.25,0.5,14,0.0,0.0
Cristiano da Matta,2004,12,0,0,3.0,3,13.916666666666666,11.666666666666666,-2.25,12,0.0,0.0
Cuth Harrison,1950,3,0,0,0.0,2,11.0,16.666666666666668,5.666666666666667,3,0.0,0.0
Damien Magee,1975,1,0,0,0.0,0,14.0,22.0,8.0,1,0.0,0.0
Damien Magee,1976,1,0,0,0.0,0,28.0,0.0,,1,0.0,0.0
Damon Hill,1992,8,0,0,0.0,0,25.5,6.375,12.0,8,0.0,0.0
Damon Hill,1993,16,3,10,69.0,11,7.0625,2.4375,-4.625,5,18.75,62.5
Damon Hill,1994,16,6,11,91.0,13,5.5625,2.6875,-2.875,6,37.5,68.75
Damon Hill,1995,17,4,9,69.0,10,7.823529411764706,2.4705882352941178,-5.352941176470588,7,23.53,52.94
Damon Hill,1996,16,8,10,97.0,12,4.75,1.4375,-3.3125,4,50.0,62.5
Damon Hill,1997,17,0,1,7.0,6,13.294117647058824,12.294117647058824,-1.0,13,0.0,5.88
Damon Hill,1998,16,1,1,20.0,11,9.5625,8.9375,-0.625,10,6.25,6.25
Damon Hill,1999,16,0,0,7.0,7,13.5,9.75,-3.75,12,0.0,0.0
Dan Gurney,1959,4,0,2,13.0,3,6.0,6.25,0.25,2,0.0,50.0
Dan Gurney,1960,7,0,0,0.0,2,13.714285714285714,7.0,-6.714285714285714,7,0.0,0.0
Dan Gurney,1961,8,0,3,21.0,8,5.125,8.75,3.625,3,0.0,37.5
Dan Gurney,1962,8,1,2,15.0,4,10.0,4.625,-3.2857142857142856,6,12.5,25.0
Dan Gurney,1963,10,0,3,19.0,5,8.9,5.8,-3.1,8,0.0,30.0
Dan Gurney,1964,10,2,2,19.0,6,8.8,2.6,-6.2,8,20.0,20.0
Dan Gurney,1965,9,0,5,25.0,7,7.0,6.111111111111111,-0.8888888888888888,4,0.0,55.56
Dan Gurney,1966,8,0,0,4.0,4,11.625,10.75,-0.875,8,0.0,0.0
Dan Gurney,1967,11,1,2,13.0,3,12.0,4.545454545454546,-7.454545454545454,10,9.09,18.18
Dan Gurney,1968,9,0,0,3.0,2,11.88888888888889,9.333333333333334,-2.5555555555555554,8,0.0,0.0
Dan Gurney,1970,3,0,0,1.0,1,12.0,15.666666666666666,3.6666666666666665,2,0.0,0.0
Daniel Ricciardo,2011,11,0,0,0.0,0,19.272727272727273,22.545454545454547,3.272727272727273,11,0.0,0.0
Daniel Ricciardo,2012,20,0,0,10.0,6,12.3,14.7,2.4,5,0.0,0.0
Daniel Ricciardo,2013,19,0,0,20.0,7,13.368421052631579,10.526315789473685,-2.8421052631578947,12,0.0,0.0
Daniel Ricciardo,2014,19,3,8,238.0,16,6.105263157894737,6.2631578947368425,0.15789473684210525,3,15.79,42.11
Daniel Ricciardo,2015,19,0,2,92.0,13,9.157894736842104,8.105263157894736,-1.0526315789473684,11,0.0,10.53
Daniel Ricciardo,2016,21,1,8,256.0,20,4.380952380952381,3.9047619047619047,-0.47619047619047616,1,4.76,38.1
Daniel Ricciardo,2017,20,1,9,200.0,14,8.0,7.0,-0.15789473684210525,6,5.0,45.0
Daniel Ricciardo,2018,21,2,2,170.0,13,9.19047619047619,8.19047619047619,-1.0,8,9.52,9.52
Daniel Ricciardo,2019,21,0,0,54.0,8,12.142857142857142,10.619047619047619,-1.5238095238095237,13,0.0,0.0
Daniel Ricciardo,2020,17,0,2,119.0,14,7.470588235294118,7.588235294117647,0.11764705882352941,5,0.0,11.76
Daniel Ricciardo,2021,22,1,1,114.0,13,8.590909090909092,9.681818181818182,1.0909090909090908,9,4.55,4.55
Daniel Ricciardo,2022,22,0,0,34.0,7,12.5,11.409090909090908,-1.0909090909090908,8,0.0,0.0
Daniel Ricciardo,2023,7,0,0,6.0,1,12.714285714285714,13.714285714285714,1.0,3,0.0,0.0
Daniel Ricciardo,2024,18,0,0,7.0,3,13.38888888888889,13.11111111111111,-0.2777777777777778,12,0.0,0.0
Daniil Kvyat,2014,19,0,0,8.0,5,13.631578947368421,11.157894736842104,-2.473684210526316,13,0.0,0.0
Daniil Kvyat,2015,19,0,1,95.0,14,8.842105263157896,9.68421052631579,0.8421052631578947,11,0.0,5.26
Daniil Kvyat,2016,21,0,1,25.0,5,14.476190476190476,12.666666666666666,-0.8,16,0.0,4.76
Daniil Kvyat,2017,15,0,0,5.0,3,13.4,12.266666666666667,-1.1333333333333333,14,0.0,0.0
Daniil Kvyat,2019,21,0,1,37.0,10,11.857142857142858,13.380952380952381,1.5238095238095237,13,0.0,4.76
Daniil Kvyat,2020,17,0,0,32.0,7,11.058823529411764,12.235294117647058,1.1764705882352942,9,0.0,0.0
Danny Kladis,1954,1,0,0,0.0,0,30.0,29.0,-1.0,1,0.0,0.0
Danny Ongais,1977,2,0,0,0.0,1,16.0,24.0,8.0,2,0.0,0.0
Danny Ongais,1978,4,0,0,0.0,0,25.25,11.0,2.0,4,0.0,0.0
Danny Sullivan,1983,15,0,0,2.0,4,14.866666666666667,20.733333333333334,5.866666666666666,15,0.0,0.0
Dave Charlton,1965,1,0,0,0.0,0,28.0,0.0,,1,0.0,0.0
Dave Charlton,1967,1,0,0,0.0,1,7.0,8.0,1.0,1,0.0,0.0
Dave Charlton,1968,1,0,0,0.0,0,22.0,14.0,-8.0,1,0.0,0.0
Dave Charlton,1970,1,0,0,0.0,0,12.0,13.0,1.0,1,0.0,0.0
Dave Charlton,1971,2,0,0,0.0,0,20.5,14.5,-6.0,2,0.0,0.0
Dave Charlton,1972,4,0,0,0.0,0,24.75,16.75,-2.3333333333333335,4,0.0,0.0
Dave Charlton,1973,1,0,0,0.0,0,22.0,13.0,-9.0,1,0.0,0.0
Dave Charlton,1974,1,0,0,0.0,0,19.0,20.0,1.0,1,0.0,0.0
Dave Charlton,1975,1,0,0,0.0,0,14.0,20.0,6.0,1,0.0,0.0
Dave Kennedy,1980,7,0,0,0.0,0,26.142857142857142,0.0,,7,0.0,0.0
Dave Morgan,1975,1,0,0,0.0,0,18.0,23.0,5.0,1,0.0,0.0
David Brabham,1990,14,0,0,0.0,0,23.714285714285715,13.357142857142858,3.375,14,0.0,0.0
David Brabham,1994,16,0,0,0.0,2,15.625,24.1875,8.5625,16,0.0,0.0
David Clapham,1965,1,0,0,0.0,0,30.0,0.0,,1,0.0,0.0
David Coulthard,1994,8,0,1,14.0,5,8.375,5.625,-2.75,6,0.0,12.5
David Coulthard,1995,17,1,8,49.0,9,10.352941176470589,2.6470588235294117,-7.705882352941177,8,5.88,47.06
David Coulthard,1996,16,0,2,18.0,8,10.1875,8.25,-1.9375,9,0.0,12.5
David Coulthard,1997,17,2,4,36.0,10,10.058823529411764,7.588235294117647,-2.4705882352941178,10,11.76,23.53
David Coulthard,1998,16,1,9,56.0,12,6.5,3.125,-3.375,6,6.25,56.25
David Coulthard,1999,16,2,6,48.0,9,9.0625,2.75,-6.3125,7,12.5,37.5
David Coulthard,2000,17,3,11,73.0,14,5.176470588235294,2.7058823529411766,-2.4705882352941178,4,17.65,64.71
David Coulthard,2001,17,2,10,65.0,13,5.882352941176471,4.764705882352941,-1.1176470588235294,5,11.76,58.82
David Coulthard,2002,17,1,6,41.0,14,7.411764705882353,5.882352941176471,-1.5294117647058822,7,5.88,35.29
David Coulthard,2003,16,1,3,51.0,10,8.3125,8.5,0.1875,6,6.25,18.75
David Coulthard,2004,18,0,0,24.0,12,9.944444444444445,9.277777777777779,-0.6666666666666666,11,0.0,0.0
David Coulthard,2005,19,0,0,24.0,11,10.947368421052632,11.0,0.05263157894736842,12,0.0,0.0
David Coulthard,2006,18,0,1,14.0,8,12.222222222222221,14.166666666666666,1.9444444444444444,14,0.0,5.56
David Coulthard,2007,17,0,0,14.0,6,13.235294117647058,13.352941176470589,0.11764705882352941,12,0.0,0.0
David Coulthard,2008,18,0,1,8.0,6,13.222222222222221,12.833333333333334,-0.3888888888888889,10,0.0,5.56
David Hampshire,1950,2,0,0,0.0,1,12.5,16.5,4.0,2,0.0,0.0
David Hobbs,1967,3,0,0,0.0,3,9.0,16.0,7.0,3,0.0,0.0
David Hobbs,1968,1,0,0,0.0,1,10.0,14.0,4.0,1,0.0,0.0
David Hobbs,1971,1,0,0,0.0,1,10.0,22.0,12.0,1,0.0,0.0
David Hobbs,1974,2,0,0,0.0,2,8.0,20.0,12.0,2,0.0,0.0
David Murray,1950,2,0,0,0.0,1,11.5,21.0,9.5,2,0.0,0.0
David Murray,1951,1,0,0,0.0,0,18.0,15.0,-3.0,1,0.0,0.0
David Murray,1952,1,0,0,0.0,0,28.0,22.0,-6.0,1,0.0,0.0
David Piper,1959,1,0,0,0.0,0,21.0,22.0,1.0,1,0.0,0.0
David Piper,1960,2,0,0,0.0,0,17.0,22.5,5.5,2,0.0,0.0
David Prophet,1963,1,0,0,0.0,0,16.0,14.0,-2.0,1,0.0,0.0
David Prophet,1965,1,0,0,0.0,0,14.0,19.0,5.0,1,0.0,0.0
David Purley,1973,5,0,0,0.0,1,18.4,21.2,2.8,5,0.0,0.0
David Purley,1974,1,0,0,0.0,0,26.0,0.0,,1,0.0,0.0
David Purley,1977,5,0,0,0.0,0,21.8,12.0,4.0,5,0.0,0.0
David Walker,1971,1,0,0,0.0,0,22.0,22.0,0.0,1,0.0,0.0
David Walker,1972,10,0,0,0.0,2,17.1,19.8,2.7,10,0.0,0.0
Dempsey Wilson,1958,1,0,0,0.0,0,15.0,32.0,17.0,1,0.0,0.0
Dempsey Wilson,1960,1,0,0,0.0,0,33.0,33.0,0.0,1,0.0,0.0
Dennis Poore,1952,2,0,0,3.0,1,8.0,13.5,5.5,2,0.0,0.0
Dennis Taylor,1959,1,0,0,0.0,0,28.0,0.0,,1,0.0,0.0
Denny Hulme,1965,6,0,0,5.0,3,10.833333333333334,9.333333333333334,-1.5,5,0.0,0.0
Denny Hulme,1966,9,0,4,18.0,4,9.11111111111111,7.777777777777778,-1.3333333333333333,7,0.0,44.44
Denny Hulme,1967,11,2,8,51.0,9,4.363636363636363,5.454545454545454,1.0909090909090908,5,18.18,72.73
Denny Hulme,1968,12,2,3,33.0,10,7.0,6.833333333333333,-0.16666666666666666,8,16.67,25.0
Denny Hulme,1969,11,1,2,20.0,8,7.545454545454546,4.818181818181818,-2.727272727272727,8,9.09,18.18
Denny Hulme,1970,11,0,4,27.0,8,6.545454545454546,9.0,2.4545454545454546,4,0.0,36.36
Denny Hulme,1971,10,0,0,9.0,4,13.2,8.3,-4.9,8,0.0,0.0
Denny Hulme,1972,12,1,7,39.0,9,6.583333333333333,5.083333333333333,-1.5,4,8.33,58.33
Denny Hulme,1973,15,1,3,26.0,11,7.4,4.533333333333333,-2.8666666666666667,9,6.67,20.0
Denny Hulme,1974,15,1,2,20.0,9,10.866666666666667,12.0,1.1333333333333333,11,6.67,13.33
Derek Bell,1968,2,0,0,0.0,0,19.0,11.5,-7.5,2,0.0,0.0
Derek Bell,1969,1,0,0,0.0,0,16.0,15.0,-1.0,1,0.0,0.0
Derek Bell,1970,2,0,0,1.0,1,11.5,14.0,2.5,2,0.0,0.0
Derek Bell,1971,1,0,0,0.0,0,20.0,23.0,3.0,1,0.0,0.0
Derek Bell,1972,3,0,0,0.0,0,27.666666666666668,18.0,-1.0,3,0.0,0.0
Derek Bell,1974,5,0,0,0.0,0,24.2,5.0,14.0,4,0.0,0.0
Derek Daly,1978,10,0,0,1.0,3,19.0,10.2,3.6666666666666665,8,0.0,0.0
Derek Daly,1979,10,0,0,0.0,2,16.9,12.1,8.833333333333334,10,0.0,0.0
Derek Daly,1980,14,0,0,6.0,5,13.928571428571429,17.642857142857142,3.7142857142857144,13,0.0,0.0
Derek Daly,1981,15,0,0,0.0,2,20.133333333333333,10.466666666666667,5.375,15,0.0,0.0
Derek Daly,1982,15,0,0,8.0,8,12.066666666666666,13.8,1.7333333333333334,13,0.0,0.0
Derek Warwick,1981,12,0,0,0.0,0,27.666666666666668,1.8333333333333333,7.0,12,0.0,0.0
Derek Warwick,1982,14,0,0,0.0,1,20.714285714285715,11.428571428571429,-4.181818181818182,14,0.0,0.0
Derek Warwick,1983,15,0,0,9.0,6,13.933333333333334,10.6,-3.3333333333333335,11,0.0,0.0
Derek Warwick,1984,16,0,4,23.0,7,11.8125,5.75,-6.0625,13,0.0,25.0
Derek Warwick,1985,15,0,0,5.0,7,13.2,10.666666666666666,-2.533333333333333,14,0.0,0.0
Derek Warwick,1986,11,0,0,0.0,4,15.909090909090908,13.0,-2.909090909090909,11,0.0,0.0
Derek Warwick,1987,16,0,0,3.0,4,14.875,11.1875,-3.6875,16,0.0,0.0
Derek Warwick,1988,16,0,0,17.0,10,10.8125,10.4375,-0.375,12,0.0,0.0
Derek Warwick,1989,15,0,0,7.0,9,13.0,14.133333333333333,1.1333333333333333,13,0.0,0.0
Derek Warwick,1990,16,0,0,3.0,6,13.375,14.6875,1.3125,15,0.0,0.0
Derek Warwick,1993,16,0,0,4.0,5,13.1875,13.0625,-0.125,16,0.0,0.0
Desiré Wilson,1980,1,0,0,0.0,0,27.0,0.0,,1,0.0,0.0
Desmond Titterington,1956,1,0,0,0.0,0,14.0,11.0,-3.0,1,0.0,0.0
Dick Gibson,1957,1,0,0,0.0,0,23.0,24.0,1.0,1,0.0,0.0
Dick Gibson,1958,1,0,0,0.0,0,22.0,18.0,-4.0,1,0.0,0.0
Dick Rathmann,1950,1,0,0,0.0,0,32.0,18.0,-14.0,1,0.0,0.0
Dick Rathmann,1956,1,0,0,2.0,1,5.0,4.0,-1.0,0,0.0,0.0
Dick Rathmann,1958,1,0,0,0.0,0,27.0,1.0,-26.0,1,0.0,0.0
Dick Rathmann,1959,1,0,0,0.0,0,20.0,4.0,-16.0,1,0.0,0.0
Dick Rathmann,1960,1,0,0,0.0,0,31.0,4.0,-27.0,1,0.0,0.0
Didier Pironi,1978,16,0,0,7.0,8,12.6875,16.8125,4.125,12,0.0,0.0
Didier Pironi,1979,15,0,2,14.0,11,10.066666666666666,10.066666666666666,0.0,11,0.0,13.33
Didier Pironi,1980,14,1,5,32.0,8,10.071428571428571,6.0,-4.071428571428571,8,7.14,35.71
Didier Pironi,1981,15,0,0,9.0,8,13.0,10.666666666666666,-2.3333333333333335,12,0.0,0.0
Didier Pironi,1982,12,2,6,39.0,8,10.0,4.083333333333333,-4.0,7,16.67,50.0
Dieter Quester,1974,1,0,0,0.0,1,9.0,25.0,16.0,1,0.0,0.0
Divina Galica,1976,1,0,0,0.0,0,28.0,0.0,,1,0.0,0.0
Divina Galica,1978,2,0,0,0.0,0,27.5,0.0,,2,0.0,0.0
Domenico Schiattarella,1994,2,0,0,0.0,0,20.0,26.0,6.0,2,0.0,0.0
Domenico Schiattarella,1995,5,0,0,0.0,1,18.4,22.2,3.8,5,0.0,0.0
Don Beauman,1954,1,0,0,0.0,0,11.0,17.0,6.0,1,0.0,0.0
Don Branson,1959,1,0,0,0.0,0,24.0,10.0,-14.0,1,0.0,0.0
Don Branson,1960,1,0,0,3.0,1,4.0,8.0,4.0,0,0.0,0.0
Don Edmunds,1957,1,0,0,0.0,0,19.0,27.0,8.0,1,0.0,0.0
Don Freeland,1953,1,0,0,0.0,0,27.0,15.0,-12.0,1,0.0,0.0
Don Freeland,1954,1,0,0,0.0,1,7.0,6.0,-1.0,0,0.0,0.0
Don Freeland,1955,1,0,0,0.0,0,15.0,21.0,6.0,1,0.0,0.0
Don Freeland,1956,1,0,1,4.0,1,3.0,26.0,23.0,0,0.0,100.0
Don Freeland,1957,1,0,0,0.0,0,17.0,21.0,4.0,1,0.0,0.0
Don Freeland,1958,1,0,0,0.0,1,7.0,13.0,6.0,0,0.0,0.0
Don Freeland,1959,1,0,0,0.0,0,22.0,25.0,3.0,1,0.0,0.0
Don Freeland,1960,1,0,0,0.0,0,22.0,11.0,-11.0,1,0.0,0.0
Dorino Serafini,1950,1,0,1,3.0,1,2.0,6.0,4.0,0,0.0,100.0
Doug Serrurier,1962,1,0,0,0.0,0,13.0,14.0,1.0,1,0.0,0.0
Doug Serrurier,1963,1,0,0,0.0,0,11.0,18.0,7.0,1,0.0,0.0
Doug Serrurier,1965,1,0,0,0.0,0,23.0,0.0,,1,0.0,0.0
Dries van der Lof,1952,1,0,0,0.0,0,12.0,14.0,2.0,1,0.0,0.0
Duane Carter,1950,1,0,0,0.0,0,12.0,13.0,1.0,1,0.0,0.0
Duane Carter,1951,1,0,0,0.0,1,8.0,4.0,-4.0,1,0.0,0.0
Duane Carter,1952,1,0,0,3.0,1,4.0,6.0,2.0,0,0.0,0.0
Duane Carter,1953,2,0,1,2.0,1,13.5,18.0,4.5,1,0.0,50.0
Duane Carter,1954,2,0,0,1.5,1,9.5,9.5,0.0,1,0.0,0.0
Duane Carter,1955,1,0,0,0.0,0,11.0,18.0,7.0,1,0.0,0.0
Duane Carter,1959,1,0,0,0.0,1,7.0,12.0,5.0,0,0.0,0.0
Duane Carter,1960,1,0,0,0.0,0,12.0,27.0,15.0,0,0.0,0.0
Duke Dinsmore,1950,1,0,0,0.0,0,33.0,7.0,-26.0,1,0.0,0.0
Duke Dinsmore,1951,1,0,0,0.0,0,24.0,32.0,8.0,1,0.0,0.0
Duke Dinsmore,1953,1,0,0,0.0,0,16.0,10.0,-6.0,1,0.0,0.0
Duke Dinsmore,1956,1,0,0,0.0,0,17.0,33.0,16.0,1,0.0,0.0
Duke Nalon,1951,1,0,0,0.0,1,10.0,1.0,-9.0,1,0.0,0.0
Duke Nalon,1952,1,0,0,0.0,0,25.0,4.0,-21.0,1,0.0,0.0
Duke Nalon,1953,1,0,0,0.0,0,11.0,26.0,15.0,1,0.0,0.0
Duncan Hamilton,1951,2,0,0,0.0,0,13.5,15.5,2.0,2,0.0,0.0
Duncan Hamilton,1952,2,0,0,0.0,1,15.5,10.5,-5.0,2,0.0,0.0
Duncan Hamilton,1953,1,0,0,0.0,0,24.0,17.0,-7.0,1,0.0,0.0
Ed Elisian,1954,1,0,0,0.0,0,18.0,31.0,13.0,1,0.0,0.0
Ed Elisian,1955,1,0,0,0.0,0,30.0,29.0,-1.0,1,0.0,0.0
Ed Elisian,1956,1,0,0,0.0,0,23.0,14.0,-9.0,1,0.0,0.0
Ed Elisian,1957,1,0,0,0.0,0,29.0,7.0,-22.0,1,0.0,0.0
Ed Elisian,1958,1,0,0,0.0,0,28.0,2.0,-26.0,1,0.0,0.0
Eddie Cheever,1978,3,0,0,0.0,0,25.666666666666668,8.333333333333334,0.0,3,0.0,0.0
Eddie Cheever,1980,14,0,0,0.0,0,20.642857142857142,13.214285714285714,0.1,14,0.0,0.0
Eddie Cheever,1981,15,0,0,10.0,5,13.533333333333333,15.266666666666667,3.642857142857143,12,0.0,0.0
Eddie Cheever,1982,15,0,3,15.0,5,13.8,14.533333333333333,2.857142857142857,13,0.0,20.0
Eddie Cheever,1983,15,0,4,22.0,7,12.266666666666667,7.666666666666667,-4.6,10,0.0,26.67
Eddie Cheever,1984,16,0,0,3.0,3,16.25,12.625,-2.3333333333333335,16,0.0,0.0
Eddie Cheever,1985,16,0,0,0.0,2,16.8125,15.3125,-1.5,16,0.0,0.0
Eddie Cheever,1986,1,0,0,0.0,0,18.0,10.0,-8.0,1,0.0,0.0
Eddie Cheever,1987,16,0,0,8.0,7,12.8125,11.5625,-1.25,15,0.0,0.0
Eddie Cheever,1988,16,0,1,6.0,7,13.375,13.0,-0.375,15,0.0,6.25
Eddie Cheever,1989,16,0,1,6.0,8,13.1875,19.125,10.785714285714286,14,0.0,6.25
Eddie Irvine,1993,2,0,0,1.0,1,13.5,13.5,0.0,1,0.0,0.0
Eddie Irvine,1994,13,0,0,6.0,4,15.923076923076923,9.23076923076923,-6.6923076923076925,11,0.0,0.0
Eddie Irvine,1995,17,0,1,10.0,8,12.294117647058824,7.588235294117647,-4.705882352941177,15,0.0,5.88
Eddie Irvine,1996,16,0,1,11.0,6,12.0,7.875,-4.125,12,0.0,6.25
Eddie Irvine,1997,17,0,5,24.0,9,10.941176470588236,9.352941176470589,-1.588235294117647,10,0.0,29.41
Eddie Irvine,1998,16,0,8,47.0,13,6.125,5.4375,-0.6875,5,0.0,50.0
Eddie Irvine,1999,16,4,9,74.0,15,3.9375,5.375,1.4375,2,25.0,56.25
Eddie Irvine,2000,16,0,0,4.0,8,11.5625,9.6875,-1.875,11,0.0,0.0
Eddie Irvine,2001,17,0,1,6.0,5,14.588235294117647,12.823529411764707,-1.7647058823529411,14,0.0,5.88
Eddie Irvine,2002,17,0,1,8.0,7,11.941176470588236,15.411764705882353,3.4705882352941178,15,0.0,5.88
Eddie Johnson,1952,1,0,0,0.0,0,16.0,24.0,8.0,1,0.0,0.0
Eddie Johnson,1953,1,0,0,0.0,1,7.0,25.0,18.0,0,0.0,0.0
Eddie Johnson,1954,1,0,0,0.0,0,22.0,16.0,-6.0,1,0.0,0.0
Eddie Johnson,1955,1,0,0,0.0,0,13.0,32.0,19.0,1,0.0,0.0
Eddie Johnson,1956,1,0,0,0.0,0,15.0,32.0,17.0,1,0.0,0.0
Eddie Johnson,1957,1,0,0,0.0,0,25.0,20.0,-5.0,1,0.0,0.0
Eddie Johnson,1958,1,0,0,0.0,1,9.0,26.0,17.0,0,0.0,0.0
Eddie Johnson,1959,1,0,0,0.0,1,8.0,8.0,0.0,0,0.0,0.0
Eddie Johnson,1960,1,0,0,1.0,1,6.0,7.0,1.0,0,0.0,0.0
Eddie Keizan,1973,1,0,0,0.0,0,13.0,22.0,9.0,1,0.0,0.0
Eddie Keizan,1974,1,0,0,0.0,0,14.0,24.0,10.0,1,0.0,0.0
Eddie Keizan,1975,1,0,0,0.0,0,13.0,22.0,9.0,1,0.0,0.0
Eddie Russo,1955,1,0,0,0.0,0,22.0,13.0,-9.0,1,0.0,0.0
Eddie Russo,1956,1,0,0,0.0,0,23.0,14.0,-9.0,1,0.0,0.0
Eddie Russo,1957,1,0,0,0.0,0,32.0,26.0,-6.0,1,0.0,0.0
Eddie Russo,1960,1,0,0,0.0,0,26.0,29.0,3.0,1,0.0,0.0
Eddie Sachs,1957,1,0,0,0.0,0,23.0,2.0,-21.0,1,0.0,0.0
Eddie Sachs,1958,1,0,0,0.0,0,22.0,18.0,-4.0,1,0.0,0.0
Eddie Sachs,1959,1,0,0,0.0,0,17.0,2.0,-15.0,1,0.0,0.0
Eddie Sachs,1960,1,0,0,0.0,0,21.0,1.0,-20.0,1,0.0,0.0
Edgar Barth,1953,1,0,0,0.0,0,20.0,24.0,4.0,1,0.0,0.0
Edgar Barth,1957,1,0,0,0.0,0,12.0,12.0,0.0,1,0.0,0.0
Edgar Barth,1958,1,0,0,0.0,1,6.0,13.0,7.0,0,0.0,0.0
Edgar Barth,1960,1,0,0,0.0,1,7.0,12.0,5.0,1,0.0,0.0
Edgar Barth,1961,2,0,0,0.0,0,30.5,0.0,,2,0.0,0.0
Edgar Barth,1964,1,0,0,0.0,0,18.0,20.0,2.0,1,0.0,0.0
Eitel Cantoni,1952,3,0,0,0.0,0,20.333333333333332,25.333333333333332,5.0,3,0.0,0.0
Elio de Angelis,1979,15,0,0,3.0,4,14.0,19.0,6.857142857142857,14,0.0,0.0
Elio de Angelis,1980,14,0,1,13.0,7,13.714285714285714,11.857142857142858,-1.8571428571428572,11,0.0,7.14
Elio de Angelis,1981,15,0,0,14.0,10,10.666666666666666,10.533333333333333,2.0714285714285716,11,0.0,0.0
Elio de Angelis,1982,15,1,1,23.0,8,10.6,12.866666666666667,2.2666666666666666,13,6.67,6.67
Elio de Angelis,1983,15,0,0,2.0,2,19.0,8.6,-10.4,14,0.0,0.0
Elio de Angelis,1984,16,0,4,34.0,12,7.9375,5.625,-2.3125,11,0.0,25.0
Elio de Angelis,1985,16,1,3,33.0,12,7.875,6.75,-1.125,10,6.25,18.75
Elio de Angelis,1986,4,0,0,0.0,1,14.75,17.0,2.25,4,0.0,0.0
Eliseo Salazar,1981,15,0,0,1.0,1,20.8,13.866666666666667,7.333333333333333,15,0.0,0.0
Eliseo Salazar,1982,16,0,0,2.0,3,18.5625,17.25,5.076923076923077,16,0.0,0.0
Eliseo Salazar,1983,6,0,0,0.0,0,24.0,8.5,7.0,6,0.0,0.0
Elmer George,1957,1,0,0,0.0,0,33.0,9.0,-24.0,1,0.0,0.0
Emanuele Naspetti,1992,5,0,0,0.0,0,14.0,23.4,9.4,5,0.0,0.0
Emanuele Naspetti,1993,1,0,0,0.0,0,26.0,23.0,-3.0,1,0.0,0.0
Emanuele Pirro,1989,10,0,0,2.0,4,13.9,16.7,2.8,10,0.0,0.0
Emanuele Pirro,1990,14,0,0,0.0,1,20.285714285714285,17.928571428571427,-2.357142857142857,14,0.0,0.0
Emanuele Pirro,1991,16,0,0,1.0,7,17.3125,11.3125,0.0,15,0.0,0.0
Emerson Fittipaldi,1970,6,1,1,12.0,3,11.833333333333334,11.833333333333334,5.0,4,16.67,16.67
Emerson Fittipaldi,1971,10,0,3,16.0,6,8.8,9.4,0.6,7,0.0,30.0
Emerson Fittipaldi,1972,12,5,8,61.0,8,6.833333333333333,3.6666666666666665,-3.1666666666666665,5,41.67,66.67
Emerson Fittipaldi,1973,15,3,8,55.0,10,6.933333333333334,5.466666666666667,-1.4666666666666666,5,20.0,53.33
Emerson Fittipaldi,1974,15,3,7,55.0,12,6.666666666666667,5.066666666666666,-1.6,6,20.0,46.67
Emerson Fittipaldi,1975,14,2,6,45.0,10,8.785714285714286,7.928571428571429,-0.8571428571428571,7,14.29,42.86
Emerson Fittipaldi,1976,16,0,0,3.0,4,16.25,16.25,1.8,15,0.0,0.0
Emerson Fittipaldi,1977,16,0,0,11.0,5,14.0625,15.0,4.857142857142857,13,0.0,0.0
Emerson Fittipaldi,1978,16,0,1,17.0,10,11.5625,12.625,1.0625,10,0.0,6.25
Emerson Fittipaldi,1979,15,0,0,1.0,5,14.2,17.733333333333334,3.533333333333333,15,0.0,0.0
Emerson Fittipaldi,1980,14,0,1,5.0,3,14.5,19.928571428571427,5.428571428571429,13,0.0,7.14
Emilio Zapico,1976,1,0,0,0.0,0,27.0,0.0,,1,0.0,0.0
Emilio de Villota,1976,1,0,0,0.0,0,28.0,0.0,,1,0.0,0.0
Emilio de Villota,1977,7,0,0,0.0,0,24.0,7.0,9.5,7,0.0,0.0
Emilio de Villota,1978,1,0,0,0.0,0,27.0,0.0,,1,0.0,0.0
Emilio de Villota,1982,5,0,0,0.0,0,29.8,0.0,,5,0.0,0.0
Enrico Bertaggia,1989,6,0,0,0.0,0,38.833333333333336,0.0,,6,0.0,0.0
Enrique Bernoldi,2001,17,0,0,0.0,3,15.588235294117647,18.529411764705884,2.9411764705882355,17,0.0,0.0
Enrique Bernoldi,2002,12,0,0,0.0,0,16.083333333333332,16.25,2.090909090909091,12,0.0,0.0
Eppie Wietzes,1967,1,0,0,0.0,0,13.0,16.0,3.0,1,0.0,0.0
Eppie Wietzes,1974,1,0,0,0.0,0,25.0,26.0,1.0,1,0.0,0.0
Eric Brandon,1952,4,0,0,0.0,2,12.5,16.75,4.25,4,0.0,0.0
Eric Brandon,1954,1,0,0,0.0,0,29.0,25.0,-4.0,1,0.0,0.0
Eric Thompson,1952,1,0,0,2.0,1,5.0,9.0,4.0,1,0.0,0.0
Eric van de Poele,1991,16,0,0,0.0,1,29.625,1.3125,12.0,16,0.0,0.0
Eric van de Poele,1992,13,0,0,0.0,1,25.307692307692307,6.461538461538462,3.25,13,0.0,0.0
Ernesto Brambilla,1963,1,0,0,0.0,0,26.0,0.0,,1,0.0,0.0
Ernesto Prinoth,1961,1,0,0,0.0,0,37.0,0.0,,1,0.0,0.0
Ernesto Prinoth,1962,1,0,0,0.0,0,27.0,0.0,,1,0.0,0.0
Ernie McCoy,1953,1,0,0,0.0,1,8.0,20.0,12.0,0,0.0,0.0
Ernie McCoy,1954,1,0,0,0.0,0,16.0,20.0,4.0,1,0.0,0.0
Ernie Pieterse,1962,1,0,0,0.0,1,10.0,13.0,3.0,1,0.0,0.0
Ernie Pieterse,1963,1,0,0,0.0,0,19.0,12.0,-7.0,1,0.0,0.0
Ernie Pieterse,1965,1,0,0,0.0,0,25.0,0.0,,1,0.0,0.0
Ernie de Vos,1963,1,0,0,0.0,0,24.0,0.0,,1,0.0,0.0
Ernst Klodwig,1952,1,0,0,0.0,0,12.0,29.0,17.0,1,0.0,0.0
Ernst Klodwig,1953,1,0,0,0.0,0,15.0,32.0,17.0,1,0.0,0.0
Ernst Loof,1953,1,0,0,0.0,0,34.0,31.0,-3.0,1,0.0,0.0
Erwin Bauer,1953,1,0,0,0.0,0,32.0,33.0,1.0,1,0.0,0.0
Esteban Gutiérrez,2013,19,0,0,6.0,1,14.157894736842104,16.31578947368421,2.1578947368421053,9,0.0,0.0
Esteban Gutiérrez,2014,19,0,0,0.0,0,16.0,15.68421052631579,-0.3157894736842105,18,0.0,0.0
Esteban Gutiérrez,2016,21,0,0,0.0,0,15.047619047619047,13.952380952380953,-1.0952380952380953,19,0.0,0.0
Esteban Ocon,2016,9,0,0,0.0,0,17.0,20.444444444444443,3.4444444444444446,8,0.0,0.0
Esteban Ocon,2017,20,0,0,87.0,18,8.45,9.5,1.05,9,0.0,0.0
Esteban Ocon,2018,21,0,0,49.0,10,11.80952380952381,10.19047619047619,-1.619047619047619,13,0.0,0.0
Esteban Ocon,2020,17,0,1,62.0,10,10.411764705882353,10.058823529411764,-0.35294117647058826,8,0.0,5.88
Esteban Ocon,2021,22,1,1,74.0,14,10.590909090909092,10.681818181818182,0.09090909090909091,13,4.55,4.55
Esteban Ocon,2022,22,0,0,89.0,16,8.863636363636363,10.727272727272727,2.4761904761904763,5,0.0,0.0
Esteban Ocon,2023,22,0,1,56.0,12,11.863636363636363,10.409090909090908,-0.8095238095238095,9,0.0,4.55
Esteban Ocon,2024,23,0,1,23.0,5,13.695652173913043,12.565217391304348,0.09523809523809523,16,0.0,4.35
Esteban Tuero,1998,16,0,0,0.0,1,15.4375,20.1875,4.75,16,0.0,0.0
Ettore Chimeri,1960,1,0,0,0.0,0,20.0,21.0,1.0,1,0.0,0.0
Eugenio Castellotti,1955,7,0,2,12.0,4,8.571428571428571,7.428571428571429,-1.1428571428571428,5,0.0,28.57
Eugenio Castellotti,1956,9,0,1,7.5,4,10.11111111111111,3.0,-7.111111111111111,8,0.0,11.11
Eugenio Castellotti,1957,1,0,0,0.0,0,11.0,4.0,-7.0,1,0.0,0.0
Eugène Chaboud,1950,2,0,0,1.0,1,8.0,8.5,0.5,2,0.0,0.0
Eugène Chaboud,1951,1,0,0,0.0,1,8.0,14.0,6.0,1,0.0,0.0
Eugène Martin,1950,2,0,0,0.0,0,16.5,8.0,-8.5,2,0.0,0.0
Fabrizio Barbazza,1991,12,0,0,0.0,0,30.333333333333332,0.0,,12,0.0,0.0
Fabrizio Barbazza,1993,8,0,0,2.0,2,16.375,23.75,7.375,8,0.0,0.0
Felice Bonetto,1950,3,0,0,2.0,2,14.0,15.0,1.0,3,0.0,0.0
Felice Bonetto,1951,4,0,1,7.0,3,6.5,8.0,1.5,4,0.0,25.0
Felice Bonetto,1952,2,0,0,2.0,1,15.0,11.5,-3.5,2,0.0,0.0
Felice Bonetto,1953,8,0,1,6.5,4,9.75,8.875,-0.875,7,0.0,12.5
Felipe Massa,2002,16,0,0,4.0,8,11.8125,11.875,0.0625,14,0.0,0.0
Felipe Massa,2004,18,0,0,12.0,10,10.666666666666666,13.38888888888889,2.7222222222222223,13,0.0,0.0
Felipe Massa,2005,19,0,0,11.0,12,10.789473684210526,11.894736842105264,1.105263157894737,13,0.0,0.0
Felipe Massa,2006,18,2,7,80.0,16,6.166666666666667,6.666666666666667,0.5,4,11.11,38.89
Felipe Massa,2007,17,3,10,94.0,14,5.705882352941177,4.235294117647059,-1.4705882352941178,3,17.65,58.82
Felipe Massa,2008,18,6,10,97.0,13,6.055555555555555,2.9444444444444446,-3.111111111111111,4,33.33,55.56
Felipe Massa,2009,10,0,1,22.0,6,10.1,7.8,-0.3333333333333333,4,0.0,10.0
Felipe Massa,2010,19,0,5,144.0,14,7.842105263157895,7.7368421052631575,-0.10526315789473684,3,0.0,26.32
Felipe Massa,2011,19,0,0,118.0,15,8.68421052631579,5.7894736842105265,-2.8947368421052633,4,0.0,0.0
Felipe Massa,2012,20,0,2,122.0,14,8.45,9.85,1.4,3,0.0,10.0
Felipe Massa,2013,19,0,1,112.0,15,8.736842105263158,7.947368421052632,-0.7894736842105263,3,0.0,5.26
Felipe Massa,2014,19,0,3,134.0,11,9.526315789473685,7.473684210526316,-2.0526315789473686,7,0.0,15.79
Felipe Massa,2015,19,0,2,121.0,13,9.0,7.421052631578948,-1.5789473684210527,6,0.0,10.53
Felipe Massa,2016,21,0,0,53.0,13,11.380952380952381,9.857142857142858,-0.6,11,0.0,0.0
Felipe Massa,2017,19,0,0,43.0,13,10.210526315789474,10.263157894736842,0.05263157894736842,12,0.0,0.0
Felipe Nasr,2015,19,0,0,27.0,6,12.105263157894736,13.894736842105264,1.7894736842105263,11,0.0,0.0
Felipe Nasr,2016,21,0,0,2.0,1,16.0,17.714285714285715,2.65,20,0.0,0.0
Fernando Alonso,2001,17,0,0,0.0,1,15.764705882352942,19.470588235294116,3.7058823529411766,17,0.0,0.0
Fernando Alonso,2003,16,1,4,55.0,11,8.25,7.875,-0.375,6,6.25,25.0
Fernando Alonso,2004,18,0,4,59.0,13,7.388888888888889,7.555555555555555,0.16666666666666666,5,0.0,22.22
Fernando Alonso,2005,19,7,15,133.0,16,3.6315789473684212,3.9473684210526314,0.3157894736842105,3,36.84,78.95
Fernando Alonso,2006,18,7,14,134.0,16,3.5555555555555554,4.277777777777778,0.7222222222222222,2,38.89,77.78
Fernando Alonso,2007,17,4,12,109.0,16,4.0,3.176470588235294,-0.8235294117647058,1,23.53,70.59
Fernando Alonso,2008,18,2,3,61.0,14,7.444444444444445,6.888888888888889,-0.5555555555555556,5,11.11,16.67
Fernando Alonso,2009,17,0,1,26.0,11,9.823529411764707,8.882352941176471,-0.9411764705882353,5,0.0,5.88
Fernando Alonso,2010,19,5,10,252.0,16,5.421052631578948,5.7894736842105265,0.3684210526315789,2,26.32,52.63
Fernando Alonso,2011,19,1,10,257.0,18,4.421052631578948,4.578947368421052,0.15789473684210525,2,5.26,52.63
Fernando Alonso,2012,20,3,13,278.0,18,5.2,6.1,0.9,2,15.0,65.0
Fernando Alonso,2013,19,2,9,242.0,17,5.0,6.0,1.0,1,10.53,47.37
Fernando Alonso,2014,19,0,2,161.0,17,7.105263157894737,6.526315789473684,-0.5789473684210527,2,0.0,10.53
Fernando Alonso,2015,18,0,0,11.0,2,14.88888888888889,15.666666666666666,0.7777777777777778,15,0.0,0.0
Fernando Alonso,2016,20,0,0,54.0,9,11.6,12.15,0.55,12,0.0,0.0
Fernando Alonso,2017,19,0,0,17.0,5,13.789473684210526,12.736842105263158,-1.0526315789473684,16,0.0,0.0
Fernando Alonso,2018,21,0,0,50.0,9,12.666666666666666,12.904761904761905,0.23809523809523808,16,0.0,0.0
Fernando Alonso,2021,22,0,1,81.0,15,9.909090909090908,10.5,0.5909090909090909,11,0.0,4.55
Fernando Alonso,2022,22,0,0,81.0,14,10.863636363636363,9.409090909090908,-1.4545454545454546,10,0.0,0.0
Fernando Alonso,2023,22,0,8,198.0,19,6.636363636363637,6.045454545454546,0.14285714285714285,2,0.0,36.36
Fernando Alonso,2024,24,0,0,70.0,14,10.166666666666666,9.416666666666666,-0.75,8,0.0,0.0
Franck Lagorce,1994,2,0,0,0.0,0,15.0,20.0,5.0,2,0.0,0.0
Franck Montagny,2006,7,0,0,0.0,0,18.714285714285715,20.285714285714285,1.5714285714285714,7,0.0,0.0
Franco Colapinto,2024,9,0,0,5.0,2,13.555555555555555,13.777777777777779,2.0,5,0.0,0.0
Franco Comotti,1950,1,0,0,0.0,0,20.0,26.0,6.0,1,0.0,0.0
Franco Comotti,1952,1,0,0,0.0,0,12.0,16.0,4.0,1,0.0,0.0
Franco Forini,1987,2,0,0,0.0,0,19.5,26.0,6.5,2,0.0,0.0
Franco Rol,1950,3,0,0,0.0,0,14.666666666666666,11.0,-3.6666666666666665,3,0.0,0.0
Franco Rol,1951,1,0,0,0.0,1,9.0,18.0,9.0,1,0.0,0.0
Franco Rol,1952,1,0,0,0.0,0,20.0,16.0,-4.0,1,0.0,0.0
Frank Armi,1954,1,0,0,0.0,0,19.0,33.0,14.0,1,0.0,0.0
Frank Dochnal,1963,1,0,0,0.0,0,22.0,0.0,,1,0.0,0.0
Frank Gardner,1964,1,0,0,0.0,0,23.0,19.0,-4.0,1,0.0,0.0
Frank Gardner,1965,7,0,0,0.0,1,14.142857142857142,14.714285714285714,0.5714285714285714,7,0.0,0.0
Frank Gardner,1968,1,0,0,0.0,0,21.0,0.0,,1,0.0,0.0
François Cevert,1970,9,0,0,1.0,4,12.11111111111111,11.777777777777779,-0.3333333333333333,8,0.0,0.0
François Cevert,1971,11,1,4,26.0,7,8.727272727272727,7.818181818181818,-0.9090909090909091,7,9.09,36.36
François Cevert,1972,12,0,2,15.0,6,11.416666666666666,10.166666666666666,-1.25,8,0.0,16.67
François Cevert,1973,15,0,7,47.0,11,8.333333333333334,6.466666666666667,0.0,6,0.0,46.67
François Hesnault,1984,15,0,0,0.0,5,17.0,18.6,1.6,15,0.0,0.0
François Hesnault,1985,5,0,0,0.0,0,23.6,15.8,-3.5,5,0.0,0.0
François Mazet,1971,1,0,0,0.0,0,13.0,23.0,10.0,1,0.0,0.0
François Migault,1972,1,0,0,0.0,0,21.0,25.0,4.0,1,0.0,0.0
François Migault,1974,11,0,0,0.0,0,17.818181818181817,20.545454545454547,5.7,11,0.0,0.0
François Migault,1975,3,0,0,0.0,0,18.0,22.666666666666668,4.666666666666667,3,0.0,0.0
François Picard,1958,1,0,0,0.0,0,18.0,24.0,6.0,1,0.0,0.0
Fred Agabashian,1950,1,0,0,0.0,0,28.0,2.0,-26.0,1,0.0,0.0
Fred Agabashian,1951,1,0,0,0.0,0,17.0,11.0,-6.0,1,0.0,0.0
Fred Agabashian,1952,1,0,0,0.0,0,27.0,1.0,-26.0,1,0.0,0.0
Fred Agabashian,1953,1,0,0,1.5,1,4.0,2.0,-2.0,0,0.0,0.0
Fred Agabashian,1954,1,0,0,0.0,1,6.0,24.0,18.0,0,0.0,0.0
Fred Agabashian,1955,1,0,0,0.0,0,32.0,4.0,-28.0,1,0.0,0.0
Fred Agabashian,1956,1,0,0,0.0,0,12.0,7.0,-5.0,1,0.0,0.0
Fred Agabashian,1957,1,0,0,0.0,0,22.0,4.0,-18.0,1,0.0,0.0
Fred Gamble,1960,1,0,0,0.0,1,10.0,14.0,4.0,1,0.0,0.0
Fred Wacker,1953,1,0,0,0.0,1,9.0,15.0,6.0,1,0.0,0.0
Fred Wacker,1954,2,0,0,0.0,1,10.0,16.5,6.5,2,0.0,0.0
Fritz Riess,1952,1,0,0,0.0,1,7.0,12.0,5.0,1,0.0,0.0
Fritz d'Orey,1959,3,0,0,0.0,1,12.666666666666666,18.333333333333332,5.666666666666667,3,0.0,0.0
Gabriele Tarquini,1987,1,0,0,0.0,0,20.0,25.0,5.0,1,0.0,0.0
Gabriele Tarquini,1988,16,0,0,0.0,1,22.625,11.4375,7.75,16,0.0,0.0
Gabriele Tarquini,1989,15,0,0,1.0,3,25.466666666666665,7.866666666666666,6.5,15,0.0,0.0
Gabriele Tarquini,1990,16,0,0,0.0,0,26.9375,6.125,7.0,16,0.0,0.0
Gabriele Tarquini,1991,16,0,0,0.0,1,25.3125,7.25,7.2,16,0.0,0.0
Gabriele Tarquini,1992,13,0,0,0.0,0,19.0,17.76923076923077,-1.2307692307692308,13,0.0,0.0
Gabriele Tarquini,1995,1,0,0,0.0,0,14.0,19.0,5.0,1,0.0,0.0
Gaetano Starrabba,1961,1,0,0,0.0,0,15.0,30.0,15.0,1,0.0,0.0
Gaetano Starrabba,1963,1,0,0,0.0,0,33.0,0.0,,1,0.0,0.0
Gary Brabham,1990,2,0,0,0.0,0,34.5,0.0,,2,0.0,0.0
Gary Hocking,1962,1,0,0,0.0,0,18.0,0.0,,1,0.0,0.0
Gastón Mazzacane,2000,17,0,0,0.0,3,13.647058823529411,21.529411764705884,7.882352941176471,16,0.0,0.0
Gastón Mazzacane,2001,4,0,0,0.0,0,16.5,20.0,3.5,4,0.0,0.0
Gene Force,1951,1,0,0,0.0,0,11.0,22.0,11.0,1,0.0,0.0
Gene Force,1960,1,0,0,0.0,0,28.0,20.0,-8.0,1,0.0,0.0
Gene Hartley,1950,1,0,0,0.0,0,16.0,31.0,15.0,1,0.0,0.0
Gene Hartley,1952,1,0,0,0.0,0,28.0,18.0,-10.0,1,0.0,0.0
Gene Hartley,1953,2,0,0,0.0,1,18.5,9.5,-9.0,2,0.0,0.0
Gene Hartley,1954,1,0,0,0.0,0,23.0,17.0,-6.0,1,0.0,0.0
Gene Hartley,1956,1,0,0,0.0,0,11.0,22.0,11.0,1,0.0,0.0
Gene Hartley,1957,1,0,0,0.0,1,10.0,14.0,4.0,0,0.0,0.0
Gene Hartley,1959,1,0,0,0.0,0,11.0,9.0,-2.0,0,0.0,0.0
Gene Hartley,1960,1,0,0,0.0,0,14.0,24.0,10.0,1,0.0,0.0
Geoff Crossley,1950,2,0,0,0.0,1,12.5,14.5,2.0,2,0.0,0.0
Geoff Duke,1961,1,0,0,0.0,0,32.0,0.0,,1,0.0,0.0
Geoff Lees,1978,1,0,0,0.0,0,29.0,0.0,,1,0.0,0.0
Geoff Lees,1979,1,0,0,0.0,1,7.0,16.0,9.0,1,0.0,0.0
Geoff Lees,1980,8,0,0,0.0,0,23.125,6.0,8.5,8,0.0,0.0
Geoff Lees,1982,2,0,0,0.0,0,19.0,24.5,5.5,2,0.0,0.0
George Abecassis,1951,1,0,0,0.0,0,17.0,20.0,3.0,1,0.0,0.0
George Abecassis,1952,1,0,0,0.0,0,17.0,10.0,-7.0,1,0.0,0.0
George Amick,1958,1,0,1,6.0,1,2.0,25.0,23.0,0,0.0,100.0
George Connor,1950,1,0,0,0.0,1,8.0,4.0,-4.0,1,0.0,0.0
George Connor,1951,1,0,0,0.0,0,30.0,21.0,-9.0,1,0.0,0.0
George Connor,1952,1,0,0,0.0,1,8.0,14.0,6.0,0,0.0,0.0
George Constantine,1959,1,0,0,0.0,0,16.0,15.0,-1.0,1,0.0,0.0
George Eaton,1969,2,0,0,0.0,1,12.0,13.0,1.0,2,0.0,0.0
George Eaton,1970,10,0,0,0.0,1,16.1,14.2,2.625,10,0.0,0.0
George Eaton,1971,1,0,0,0.0,0,15.0,21.0,6.0,1,0.0,0.0
George Follmer,1973,12,0,1,5.0,4,14.75,18.916666666666668,4.166666666666667,11,0.0,8.33
George Fonder,1952,1,0,0,0.0,0,15.0,13.0,-2.0,1,0.0,0.0
George Fonder,1954,2,0,0,0.0,0,25.0,29.5,4.5,2,0.0,0.0
George Russell,2019,21,0,0,0.0,0,15.80952380952381,16.761904761904763,1.9,19,0.0,0.0
George Russell,2020,17,0,0,3.0,1,15.294117647058824,13.764705882352942,-0.625,13,0.0,0.0
George Russell,2021,22,0,1,16.0,4,13.909090909090908,13.0,-0.9090909090909091,18,0.0,4.55
George Russell,2022,22,1,8,262.0,20,5.0,5.454545454545454,1.1428571428571428,2,4.55,36.36
George Russell,2023,22,0,2,157.0,17,8.090909090909092,6.454545454545454,-1.6363636363636365,4,0.0,9.09
George Russell,2024,24,2,4,226.0,21,6.75,5.625,-1.125,3,8.33,16.67
Georges Berger,1953,1,0,0,0.0,0,19.0,20.0,1.0,1,0.0,0.0
Georges Berger,1954,1,0,0,0.0,0,18.0,20.0,2.0,1,0.0,0.0
Georges Grignard,1951,1,0,0,0.0,0,16.0,16.0,0.0,1,0.0,0.0
Gerhard Berger,1984,4,0,0,0.0,1,14.0,20.25,6.25,4,0.0,0.0
Gerhard Berger,1985,16,0,0,3.0,7,12.9375,14.4375,1.5,16,0.0,0.0
Gerhard Berger,1986,16,1,2,17.0,8,12.0625,6.5625,-5.5,15,6.25,12.5
Gerhard Berger,1987,16,2,3,36.0,8,12.1875,4.75,-7.4375,10,12.5,18.75
Gerhard Berger,1988,16,1,5,41.0,11,9.5625,3.8125,-5.75,8,6.25,31.25
Gerhard Berger,1989,15,1,3,21.0,4,15.933333333333334,4.8,-11.133333333333333,12,6.67,20.0
Gerhard Berger,1990,16,0,7,43.0,11,7.4375,2.6875,-4.75,5,0.0,43.75
Gerhard Berger,1991,16,1,6,43.0,9,11.5625,3.9375,-7.625,7,6.25,37.5
Gerhard Berger,1992,16,2,5,49.0,10,9.625,4.5625,-5.0625,6,12.5,31.25
Gerhard Berger,1993,16,0,1,12.0,7,13.125,9.375,-3.75,14,0.0,6.25
Gerhard Berger,1994,16,1,6,41.0,8,11.4375,5.8125,-5.625,9,6.25,37.5
Gerhard Berger,1995,17,0,6,31.0,9,9.235294117647058,4.176470588235294,-5.0588235294117645,12,0.0,35.29
Gerhard Berger,1996,16,0,2,21.0,9,8.875,5.75,-3.125,8,0.0,12.5
Gerhard Berger,1997,14,1,2,27.0,13,7.071428571428571,9.071428571428571,2.0,3,7.14,14.29
Gerhard Mitter,1963,3,0,0,3.0,1,17.333333333333332,10.333333333333334,4.0,2,0.0,0.0
Gerhard Mitter,1964,1,0,0,0.0,1,9.0,19.0,10.0,1,0.0,0.0
Gerhard Mitter,1965,1,0,0,0.0,0,12.0,12.0,0.0,1,0.0,0.0
Gerino Gerini,1956,2,0,0,1.5,2,7.0,14.0,7.0,2,0.0,0.0
Gerino Gerini,1958,5,0,0,0.0,1,13.8,13.8,4.75,5,0.0,0.0
Gerry Ashmore,1961,3,0,0,0.0,0,25.333333333333332,25.333333333333332,0.0,3,0.0,0.0
Gerry Ashmore,1962,2,0,0,0.0,0,23.5,0.0,,2,0.0,0.0
Giacomo Russo,1964,1,0,0,0.0,0,22.0,0.0,,1,0.0,0.0
Giacomo Russo,1965,1,0,0,0.0,0,18.0,20.0,2.0,1,0.0,0.0
Giacomo Russo,1966,1,0,0,0.0,1,9.0,20.0,11.0,1,0.0,0.0
Giancarlo Baghetti,1961,3,1,1,9.0,1,14.0,12.333333333333334,-1.6666666666666667,2,33.33,33.33
Giancarlo Baghetti,1962,4,0,0,5.0,3,9.5,14.25,4.75,2,0.0,0.0
Giancarlo Baghetti,1963,9,0,0,0.0,0,20.333333333333332,11.222222222222221,2.4,9,0.0,0.0
Giancarlo Baghetti,1964,7,0,0,0.0,4,12.285714285714286,15.0,6.833333333333333,7,0.0,0.0
Giancarlo Baghetti,1965,1,0,0,0.0,0,22.0,19.0,-3.0,1,0.0,0.0
Giancarlo Baghetti,1966,1,0,0,0.0,1,10.0,16.0,6.0,1,0.0,0.0
Giancarlo Baghetti,1967,1,0,0,0.0,1,10.0,17.0,7.0,1,0.0,0.0
Giancarlo Fisichella,1996,8,0,0,0.0,1,15.25,17.625,2.375,8,0.0,0.0
Giancarlo Fisichella,1997,17,0,2,20.0,11,9.176470588235293,8.294117647058824,-0.8823529411764706,9,0.0,11.76
Giancarlo Fisichella,1998,16,0,2,16.0,13,8.6875,7.0625,-1.625,10,0.0,12.5
Giancarlo Fisichella,1999,16,0,1,13.0,6,11.1875,10.5,-0.6875,12,0.0,6.25
Giancarlo Fisichella,2000,17,0,3,18.0,9,11.176470588235293,10.294117647058824,-0.8823529411764706,13,0.0,17.65
Giancarlo Fisichella,2001,17,0,1,8.0,5,12.411764705882353,15.176470588235293,2.764705882352941,15,0.0,5.88
Giancarlo Fisichella,2002,17,0,0,7.0,8,12.411764705882353,10.529411764705882,-0.625,13,0.0,0.0
Giancarlo Fisichella,2003,16,1,1,12.0,4,13.5,13.9375,0.4375,15,6.25,6.25
Giancarlo Fisichella,2004,18,0,0,22.0,14,8.777777777777779,12.333333333333334,3.5555555555555554,9,0.0,0.0
Giancarlo Fisichella,2005,19,1,3,58.0,13,8.631578947368421,5.7368421052631575,-2.8947368421052633,9,5.26,15.79
Giancarlo Fisichella,2006,18,1,5,72.0,16,6.277777777777778,5.611111111111111,-0.6666666666666666,2,5.56,27.78
Giancarlo Fisichella,2007,17,0,0,21.0,11,10.588235294117647,10.823529411764707,0.23529411764705882,10,0.0,0.0
Giancarlo Fisichella,2008,18,0,0,0.0,1,16.055555555555557,18.333333333333332,2.2777777777777777,16,0.0,0.0
Giancarlo Fisichella,2009,17,0,1,8.0,4,12.411764705882353,16.058823529411764,3.6470588235294117,7,0.0,5.88
Gianfranco Brancatelli,1979,3,0,0,0.0,0,26.666666666666668,0.0,,3,0.0,0.0
Gianmaria Bruni,2004,18,0,0,0.0,0,16.666666666666668,18.333333333333332,1.6666666666666667,18,0.0,0.0
Gianni Morbidelli,1990,4,0,0,0.0,0,21.0,14.0,0.3333333333333333,4,0.0,0.0
Gianni Morbidelli,1991,16,0,0,0.5,5,14.9375,15.875,0.9375,15,0.0,0.0
Gianni Morbidelli,1992,16,0,0,0.0,3,16.1875,17.75,3.466666666666667,16,0.0,0.0
Gianni Morbidelli,1994,16,0,0,3.0,3,17.1875,14.0,-3.1875,15,0.0,0.0
Gianni Morbidelli,1995,10,0,1,5.0,3,12.4,13.8,1.4,10,0.0,10.0
Gianni Morbidelli,1997,8,0,0,0.0,4,13.25,13.625,3.5714285714285716,6,0.0,0.0
Giedo van der Garde,2013,19,0,0,0.0,0,18.05263157894737,19.36842105263158,1.3157894736842106,16,0.0,0.0
Gijs van Lennep,1971,1,0,0,0.0,1,8.0,21.0,13.0,1,0.0,0.0
Gijs van Lennep,1973,3,0,0,1.0,2,12.0,22.0,10.0,3,0.0,0.0
Gijs van Lennep,1974,2,0,0,0.0,0,20.5,15.0,16.0,2,0.0,0.0
Gijs van Lennep,1975,3,0,0,1.0,2,10.333333333333334,22.666666666666668,12.333333333333334,2,0.0,0.0
Gilles Villeneuve,1977,3,0,0,0.0,0,14.0,15.333333333333334,1.3333333333333333,3,0.0,0.0
Gilles Villeneuve,1978,16,1,2,17.0,9,10.6875,6.8125,-3.875,9,6.25,12.5
Gilles Villeneuve,1979,15,3,7,53.0,13,5.533333333333333,5.066666666666666,-0.4666666666666667,7,20.0,46.67
Gilles Villeneuve,1980,14,0,0,6.0,7,11.571428571428571,12.214285714285714,0.6428571428571429,12,0.0,0.0
Gilles Villeneuve,1981,15,2,3,25.0,6,13.533333333333333,7.0,-6.533333333333333,10,13.33,20.0
Gilles Villeneuve,1982,5,0,1,6.0,1,16.0,3.0,-9.25,4,0.0,20.0
Gino Bianco,1952,4,0,0,0.0,0,20.75,20.25,-0.5,4,0.0,0.0
Gino Munaron,1960,4,0,0,0.0,0,14.25,17.75,3.5,4,0.0,0.0
Giorgio Bassi,1965,1,0,0,0.0,0,23.0,22.0,-1.0,1,0.0,0.0
Giorgio Francia,1977,1,0,0,0.0,0,34.0,0.0,,1,0.0,0.0
Giorgio Francia,1981,1,0,0,0.0,0,30.0,0.0,,1,0.0,0.0
Giorgio Pantano,2004,14,0,0,0.0,0,16.142857142857142,16.785714285714285,0.6428571428571429,14,0.0,0.0
Giorgio Scarlatti,1956,2,0,0,0.0,0,17.0,8.5,-2.0,2,0.0,0.0
Giorgio Scarlatti,1957,4,0,0,1.0,4,7.25,12.25,5.0,4,0.0,0.0
Giorgio Scarlatti,1958,2,0,0,0.0,0,13.0,15.0,2.0,2,0.0,0.0
Giorgio Scarlatti,1959,3,0,0,0.0,1,12.666666666666666,11.0,6.5,3,0.0,0.0
Giorgio Scarlatti,1960,3,0,0,0.0,0,19.333333333333332,7.666666666666667,-6.5,3,0.0,0.0
Giorgio Scarlatti,1961,1,0,0,0.0,0,21.0,26.0,5.0,1,0.0,0.0
Giovanna Amati,1992,3,0,0,0.0,0,30.0,0.0,,3,0.0,0.0
Giovanni Lavaggi,1995,4,0,0,0.0,0,18.25,23.75,5.5,4,0.0,0.0
Giovanni Lavaggi,1996,6,0,0,0.0,1,17.0,13.333333333333334,4.5,6,0.0,0.0
Giovanni de Riu,1954,1,0,0,0.0,0,21.0,21.0,0.0,1,0.0,0.0
Giulio Cabianca,1958,2,0,0,0.0,1,16.5,10.0,11.0,2,0.0,0.0
Giulio Cabianca,1959,1,0,0,0.0,0,15.0,21.0,6.0,1,0.0,0.0
Giulio Cabianca,1960,1,0,0,3.0,1,4.0,4.0,0.0,1,0.0,0.0
Graham Hill,1958,9,0,0,0.0,2,13.444444444444445,14.88888888888889,1.4444444444444444,9,0.0,0.0
Graham Hill,1959,7,0,0,0.0,2,13.428571428571429,11.0,-2.4285714285714284,7,0.0,0.0
Graham Hill,1960,8,0,1,4.0,3,12.75,5.125,-7.625,7,0.0,12.5
Graham Hill,1961,8,0,0,3.0,3,14.5,6.875,-7.625,6,0.0,0.0
Graham Hill,1962,9,4,6,52.0,9,3.0,2.3333333333333335,-0.6666666666666666,2,44.44,66.67
Graham Hill,1963,10,2,5,29.0,7,7.1,2.6,-4.5,6,20.0,50.0
Graham Hill,1964,10,2,5,41.0,7,6.8,3.5,-3.3,5,20.0,50.0
Graham Hill,1965,10,2,6,47.0,10,3.4,3.6,0.2,3,20.0,60.0
Graham Hill,1966,9,0,3,17.0,4,9.555555555555555,7.222222222222222,-2.3333333333333335,8,0.0,33.33
Graham Hill,1967,11,0,2,15.0,4,11.0,5.2727272727272725,-5.7272727272727275,10,0.0,18.18
Graham Hill,1968,12,3,6,48.0,8,6.916666666666667,4.666666666666667,-2.25,6,25.0,50.0
Graham Hill,1969,10,1,2,19.0,9,6.6,6.6,0.0,7,10.0,20.0
Graham Hill,1970,12,0,0,7.0,6,10.75,15.5,7.090909090909091,12,0.0,0.0
Graham Hill,1971,11,0,0,2.0,5,13.909090909090908,13.454545454545455,-0.45454545454545453,9,0.0,0.0
Graham Hill,1972,12,0,0,4.0,6,11.416666666666666,18.0,6.583333333333333,9,0.0,0.0
Graham Hill,1973,12,0,0,0.0,2,14.166666666666666,20.5,6.333333333333333,11,0.0,0.0
Graham Hill,1974,15,0,0,1.0,6,11.4,20.466666666666665,9.066666666666666,14,0.0,0.0
Graham Hill,1975,4,0,0,0.0,1,17.75,10.25,9.5,4,0.0,0.0
Graham McRae,1973,1,0,0,0.0,0,28.0,28.0,0.0,1,0.0,0.0
Graham Whitehead,1952,1,0,0,0.0,0,12.0,12.0,0.0,1,0.0,0.0
Gregor Foitek,1989,12,0,0,0.0,0,33.833333333333336,0.0,,12,0.0,0.0
Gregor Foitek,1990,10,0,0,0.0,1,20.2,15.8,6.428571428571429,10,0.0,0.0
Guanyu Zhou,2022,22,0,0,6.0,3,14.318181818181818,13.363636363636363,-0.2857142857142857,12,0.0,0.0
Guanyu Zhou,2023,22,0,0,6.0,3,14.045454545454545,14.772727272727273,1.3333333333333333,10,0.0,0.0
Guanyu Zhou,2024,24,0,0,4.0,1,15.5,16.75,1.9565217391304348,18,0.0,0.0
Gunnar Nilsson,1976,15,0,2,11.0,4,15.4,13.733333333333333,-1.6666666666666667,12,0.0,13.33
Gunnar Nilsson,1977,17,1,2,20.0,6,12.941176470588236,10.058823529411764,-2.8823529411764706,13,5.88,11.76
Gus Hutchison,1970,1,0,0,0.0,0,21.0,22.0,1.0,1,0.0,0.0
Guy Edwards,1974,9,0,0,0.0,2,16.666666666666668,14.11111111111111,4.571428571428571,9,0.0,0.0
Guy Edwards,1976,6,0,0,0.0,0,22.333333333333332,16.333333333333332,5.0,6,0.0,0.0
Guy Edwards,1977,1,0,0,0.0,0,33.0,0.0,,1,0.0,0.0
Guy Ligier,1966,6,0,0,0.0,5,9.833333333333334,11.833333333333334,6.2,6,0.0,0.0
Guy Ligier,1967,7,0,0,1.0,4,10.428571428571429,17.857142857142858,7.428571428571429,7,0.0,0.0
Guy Mairesse,1950,1,0,0,0.0,0,11.0,11.0,0.0,1,0.0,0.0
Guy Mairesse,1951,2,0,0,0.0,1,11.5,20.0,8.5,2,0.0,0.0
Guy Tunmer,1975,1,0,0,0.0,0,11.0,25.0,14.0,1,0.0,0.0
Gérard Larrousse,1974,2,0,0,0.0,0,27.5,5.5,-14.0,2,0.0,0.0
Günther Bechem,1952,1,0,0,0.0,0,18.0,30.0,12.0,1,0.0,0.0
Günther Bechem,1953,1,0,0,0.0,0,29.0,30.0,1.0,1,0.0,0.0
Günther Seiffert,1962,1,0,0,0.0,0,30.0,0.0,,1,0.0,0.0
Günther Seiffert,1963,1,0,0,0.0,0,31.0,0.0,,1,0.0,0.0
Hans Binder,1976,2,0,0,0.0,0,13.0,22.0,9.0,2,0.0,0.0
Hans Binder,1977,12,0,0,0.0,3,14.916666666666666,18.5,6.818181818181818,12,0.0,0.0
Hans Binder,1978,1,0,0,0.0,0,30.0,0.0,,1,0.0,0.0
Hans Herrmann,1953,1,0,0,0.0,1,9.0,14.0,5.0,1,0.0,0.0
Hans Herrmann,1954,5,0,1,8.0,2,9.6,7.0,-2.6,5,0.0,20.0
Hans Herrmann,1955,2,0,0,1.0,1,13.5,5.0,6.0,2,0.0,0.0
Hans Herrmann,1957,2,0,0,0.0,0,17.0,5.5,-5.0,2,0.0,0.0
Hans Herrmann,1958,3,0,0,0.0,1,13.333333333333334,18.666666666666668,5.333333333333333,3,0.0,0.0
Hans Herrmann,1959,2,0,0,0.0,1,14.5,15.0,0.5,2,0.0,0.0
Hans Herrmann,1960,1,0,0,1.0,1,6.0,10.0,4.0,1,0.0,0.0
Hans Herrmann,1961,4,0,0,0.0,1,16.5,9.25,0.0,4,0.0,0.0
Hans Heyer,1977,1,0,0,0.0,0,24.0,25.0,1.0,1,0.0,0.0
Hans Klenk,1952,1,0,0,0.0,0,11.0,8.0,-3.0,1,0.0,0.0
Hans von Stuck,1952,2,0,0,0.0,0,25.5,7.0,-4.0,2,0.0,0.0
Hans von Stuck,1953,2,0,0,0.0,0,23.5,26.0,2.5,2,0.0,0.0
Hans-Joachim Stuck,1974,14,0,0,5.0,3,18.428571428571427,13.0,-1.75,12,0.0,0.0
Hans-Joachim Stuck,1975,5,0,0,0.0,1,17.2,10.8,-6.4,5,0.0,0.0
Hans-Joachim Stuck,1976,16,0,0,8.0,4,15.9375,13.75,-2.1875,13,0.0,0.0
Hans-Joachim Stuck,1977,15,0,2,12.0,8,11.333333333333334,10.266666666666667,-1.0666666666666667,12,0.0,13.33
Hans-Joachim Stuck,1978,16,0,0,2.0,1,17.875,15.0,0.5714285714285714,16,0.0,0.0
Hans-Joachim Stuck,1979,15,0,0,2.0,2,16.933333333333334,14.6,3.4166666666666665,14,0.0,0.0
Hap Sharp,1961,1,0,0,0.0,1,10.0,17.0,7.0,1,0.0,0.0
Hap Sharp,1962,1,0,0,0.0,0,11.0,15.0,4.0,1,0.0,0.0
Hap Sharp,1963,2,0,0,0.0,1,13.0,17.0,4.0,2,0.0,0.0
Hap Sharp,1964,2,0,0,0.0,1,11.5,18.5,7.0,2,0.0,0.0
Harald Ertl,1975,3,0,0,0.0,2,12.0,22.0,10.0,2,0.0,0.0
Harald Ertl,1976,15,0,0,0.0,3,18.4,16.733333333333334,7.181818181818182,15,0.0,0.0
Harald Ertl,1977,5,0,0,0.0,1,18.4,11.6,5.0,5,0.0,0.0
Harald Ertl,1978,5,0,0,0.0,0,23.8,8.2,4.0,5,0.0,0.0
Harald Ertl,1980,1,0,0,0.0,0,26.0,0.0,,1,0.0,0.0
Harry Blanchard,1959,1,0,0,0.0,1,7.0,16.0,9.0,1,0.0,0.0
Harry Schell,1950,2,0,0,0.0,1,13.5,19.0,5.5,2,0.0,0.0
Harry Schell,1951,2,0,0,0.0,0,14.0,19.5,5.5,2,0.0,0.0
Harry Schell,1952,4,0,0,0.0,0,15.5,18.25,2.75,4,0.0,0.0
Harry Schell,1953,7,0,0,0.0,3,15.428571428571429,11.857142857142858,-3.5714285714285716,7,0.0,0.0
Harry Schell,1954,6,0,0,0.0,2,10.833333333333334,13.166666666666666,2.3333333333333335,6,0.0,0.0
Harry Schell,1955,8,0,0,0.0,4,11.875,12.25,2.7142857142857144,8,0.0,0.0
Harry Schell,1956,7,0,0,3.0,3,11.857142857142858,6.857142857142857,-5.0,7,0.0,0.0
Harry Schell,1957,9,0,1,10.0,6,8.444444444444445,7.888888888888889,-0.5555555555555556,7,0.0,11.11
Harry Schell,1958,10,0,1,14.0,7,8.1,7.3,-0.8,7,0.0,10.0
Harry Schell,1959,8,0,0,5.0,6,8.25,6.75,-1.5,8,0.0,0.0
Harry Schell,1960,1,0,0,0.0,0,15.0,9.0,-6.0,1,0.0,0.0
Hector Rebaque,1977,6,0,0,0.0,0,27.833333333333332,4.0,6.0,6,0.0,0.0
Hector Rebaque,1978,16,0,0,1.0,2,21.0625,11.5,4.111111111111111,15,0.0,0.0
Hector Rebaque,1979,14,0,0,0.0,2,17.428571428571427,15.857142857142858,8.4,14,0.0,0.0
Hector Rebaque,1980,7,0,0,1.0,3,15.571428571428571,12.285714285714286,-3.2857142857142856,7,0.0,0.0
Hector Rebaque,1981,15,0,0,11.0,5,13.666666666666666,12.933333333333334,0.8571428571428571,13,0.0,0.0
Heikki Kovalainen,2007,17,0,1,30.0,14,8.411764705882353,10.705882352941176,2.2941176470588234,6,0.0,5.88
Heikki Kovalainen,2008,18,1,3,53.0,14,7.888888888888889,4.388888888888889,-3.5,6,5.56,16.67
Heikki Kovalainen,2009,17,0,0,22.0,8,11.117647058823529,11.0,-0.11764705882352941,6,0.0,0.0
Heikki Kovalainen,2010,19,0,0,0.0,0,17.0,18.894736842105264,1.894736842105263,19,0.0,0.0
Heikki Kovalainen,2011,19,0,0,0.0,0,17.42105263157895,18.105263157894736,0.6842105263157895,18,0.0,0.0
Heikki Kovalainen,2012,20,0,0,0.0,0,16.55,18.45,1.9,17,0.0,0.0
Heikki Kovalainen,2013,2,0,0,0.0,0,14.5,9.5,-5.0,1,0.0,0.0
Heini Walter,1962,1,0,0,0.0,0,14.0,14.0,0.0,1,0.0,0.0
Heinz Schiller,1962,2,0,0,0.0,0,24.5,10.0,-4.0,2,0.0,0.0
Heinz-Harald Frentzen,1994,16,0,0,7.0,7,14.6875,8.1875,-5.266666666666667,15,0.0,0.0
Heinz-Harald Frentzen,1995,17,0,1,15.0,12,9.411764705882353,10.352941176470589,0.9411764705882353,15,0.0,5.88
Heinz-Harald Frentzen,1996,16,0,0,7.0,7,11.625,10.5625,-1.0625,15,0.0,0.0
Heinz-Harald Frentzen,1997,17,1,7,42.0,12,8.352941176470589,3.588235294117647,-4.764705882352941,6,5.88,41.18
Heinz-Harald Frentzen,1998,16,0,1,17.0,11,9.5,7.4375,-2.0625,10,0.0,6.25
Heinz-Harald Frentzen,1999,16,2,6,54.0,12,6.25,5.3125,-0.9375,5,12.5,37.5
Heinz-Harald Frentzen,2000,17,0,2,11.0,7,13.294117647058824,7.882352941176471,-5.411764705882353,12,0.0,11.76
Heinz-Harald Frentzen,2001,15,0,0,6.0,7,11.866666666666667,9.6,-2.2666666666666666,13,0.0,0.0
Heinz-Harald Frentzen,2002,13,0,0,2.0,2,13.76923076923077,12.76923076923077,0.5833333333333334,12,0.0,0.0
Heinz-Harald Frentzen,2003,16,0,1,13.0,5,12.75,13.25,0.5,12,0.0,6.25
Helmut Marko,1971,4,0,0,0.0,0,14.5,16.0,1.5,4,0.0,0.0
Helmut Marko,1972,5,0,0,0.0,3,13.0,17.6,4.6,5,0.0,0.0
Helmut Niedermayr,1952,1,0,0,0.0,1,9.0,22.0,13.0,1,0.0,0.0
Helmuth Koinigg,1974,3,0,0,0.0,1,21.333333333333332,15.0,6.0,3,0.0,0.0
Henri Louveau,1950,1,0,0,0.0,0,19.0,16.0,-3.0,1,0.0,0.0
Henri Louveau,1951,1,0,0,0.0,0,16.0,11.0,-5.0,1,0.0,0.0
Henri Pescarolo,1968,2,0,0,0.0,1,10.0,19.5,9.5,2,0.0,0.0
Henri Pescarolo,1970,13,0,1,8.0,10,8.846153846153847,10.615384615384615,1.7692307692307692,11,0.0,7.69
Henri Pescarolo,1971,10,0,0,4.0,3,12.7,14.5,1.8,9,0.0,0.0
Henri Pescarolo,1972,10,0,0,0.0,1,16.0,16.1,3.0,10,0.0,0.0
Henri Pescarolo,1973,3,0,0,0.0,2,13.666666666666666,17.666666666666668,4.0,2,0.0,0.0
Henri Pescarolo,1974,12,0,0,0.0,3,17.333333333333332,21.75,4.416666666666667,11,0.0,0.0
Henri Pescarolo,1976,9,0,0,0.0,1,18.333333333333332,18.11111111111111,6.857142857142857,9,0.0,0.0
Henry Banks,1950,1,0,0,0.0,0,25.0,21.0,-4.0,1,0.0,0.0
Henry Banks,1951,1,0,0,0.0,1,6.0,17.0,11.0,0,0.0,0.0
Henry Banks,1952,1,0,0,0.0,0,19.0,12.0,-7.0,1,0.0,0.0
Henry Taylor,1959,1,0,0,0.0,0,11.0,21.0,10.0,1,0.0,0.0
Henry Taylor,1960,4,0,0,3.0,3,8.25,14.0,5.75,4,0.0,0.0
Henry Taylor,1961,5,0,0,0.0,1,18.8,13.0,5.0,5,0.0,0.0
Herbert MacKay-Fraser,1957,1,0,0,0.0,0,11.0,12.0,1.0,1,0.0,0.0
Hermann Lang,1953,1,0,0,2.0,1,5.0,11.0,6.0,1,0.0,0.0
Hermann Lang,1954,1,0,0,0.0,0,12.0,13.0,1.0,1,0.0,0.0
Hernando da Silva Ramos,1955,3,0,0,0.0,1,13.0,16.666666666666668,3.6666666666666665,3,0.0,0.0
Hernando da Silva Ramos,1956,5,0,0,2.0,2,13.2,18.2,5.0,5,0.0,0.0
Hideki Noda,1994,3,0,0,0.0,0,24.666666666666668,23.333333333333332,-1.3333333333333333,3,0.0,0.0
Hiroshi Fushida,1975,2,0,0,0.0,0,26.5,0.0,,2,0.0,0.0
Horace Gould,1954,1,0,0,0.0,0,15.0,20.0,5.0,1,0.0,0.0
Horace Gould,1955,3,0,0,0.0,0,14.666666666666666,19.333333333333332,4.666666666666667,3,0.0,0.0
Horace Gould,1956,4,0,0,2.0,2,10.75,14.5,3.75,4,0.0,0.0
Horace Gould,1957,6,0,0,0.0,1,15.833333333333334,14.666666666666666,-1.1666666666666667,6,0.0,0.0
Horace Gould,1958,3,0,0,0.0,1,17.666666666666668,3.3333333333333335,1.0,3,0.0,0.0
Horace Gould,1960,1,0,0,0.0,0,17.0,0.0,,1,0.0,0.0
Howden Ganley,1971,11,0,0,5.0,6,13.181818181818182,11.818181818181818,0.4,9,0.0,0.0
Howden Ganley,1972,10,0,0,4.0,5,12.7,16.0,3.3,8,0.0,0.0
Howden Ganley,1973,14,0,0,1.0,5,11.928571428571429,18.142857142857142,6.214285714285714,14,0.0,0.0
Howden Ganley,1974,4,0,0,0.0,1,23.75,9.75,4.0,4,0.0,0.0
Hubert Hahne,1967,1,0,0,0.0,0,17.0,14.0,-3.0,1,0.0,0.0
Hubert Hahne,1968,1,0,0,0.0,1,10.0,18.0,8.0,0,0.0,0.0
Hubert Hahne,1970,1,0,0,0.0,0,25.0,0.0,,1,0.0,0.0
Huub Rothengatter,1984,8,0,0,0.0,2,16.0,21.375,10.0,8,0.0,0.0
Huub Rothengatter,1985,7,0,0,0.0,2,13.142857142857142,23.714285714285715,10.571428571428571,7,0.0,0.0
Huub Rothengatter,1986,13,0,0,0.0,1,19.53846153846154,22.46153846153846,5.083333333333333,13,0.0,0.0
Ian Ashley,1974,4,0,0,0.0,0,21.5,11.0,8.5,4,0.0,0.0
Ian Ashley,1975,1,0,0,0.0,0,25.0,20.0,-5.0,1,0.0,0.0
Ian Ashley,1976,1,0,0,0.0,0,22.0,21.0,-1.0,1,0.0,0.0
Ian Ashley,1977,5,0,0,0.0,0,26.2,4.4,5.0,5,0.0,0.0
Ian Burgess,1958,2,0,0,0.0,1,10.0,13.5,3.5,1,0.0,0.0
Ian Burgess,1959,4,0,0,0.0,1,14.0,15.75,1.75,4,0.0,0.0
Ian Burgess,1960,4,0,0,0.0,1,18.25,16.25,5.333333333333333,4,0.0,0.0
Ian Burgess,1961,5,0,0,0.0,0,16.2,14.6,11.0,5,0.0,0.0
Ian Burgess,1962,4,0,0,0.0,0,17.5,8.0,4.5,3,0.0,0.0
Ian Burgess,1963,7,0,0,0.0,0,21.714285714285715,5.571428571428571,3.0,7,0.0,0.0
Ian Raby,1963,3,0,0,0.0,0,21.333333333333332,6.333333333333333,2.0,3,0.0,0.0
Ian Raby,1964,2,0,0,0.0,0,21.0,11.5,5.0,2,0.0,0.0
Ian Raby,1965,2,0,0,0.0,0,16.0,10.0,9.0,2,0.0,0.0
Ian Scheckter,1974,2,0,0,0.0,0,19.5,11.0,9.0,2,0.0,0.0
Ian Scheckter,1975,3,0,0,0.0,0,17.0,18.666666666666668,1.6666666666666667,3,0.0,0.0
Ian Scheckter,1976,1,0,0,0.0,0,25.0,16.0,-9.0,1,0.0,0.0
Ian Scheckter,1977,14,0,0,0.0,3,18.0,18.642857142857142,2.6923076923076925,14,0.0,0.0
Ian Stewart,1953,1,0,0,0.0,0,22.0,20.0,-2.0,1,0.0,0.0
Ignazio Giunti,1970,4,0,0,3.0,2,10.25,9.75,-0.5,3,0.0,0.0
Ingo Hoffmann,1976,4,0,0,0.0,0,23.0,5.0,9.0,4,0.0,0.0
Ingo Hoffmann,1977,2,0,0,0.0,1,12.0,19.0,7.0,2,0.0,0.0
Innes Ireland,1959,6,0,0,5.0,2,12.166666666666666,12.666666666666666,0.5,6,0.0,0.0
Innes Ireland,1960,8,0,3,18.0,7,6.125,5.375,-0.75,5,0.0,37.5
Innes Ireland,1961,7,1,1,12.0,3,14.285714285714286,8.285714285714286,-4.166666666666667,5,14.29,14.29
Innes Ireland,1962,8,0,0,2.0,3,12.5,6.875,-5.625,8,0.0,0.0
Innes Ireland,1963,9,0,0,6.0,4,14.666666666666666,6.666666666666667,-3.5714285714285716,9,0.0,0.0
Innes Ireland,1964,8,0,0,4.0,4,11.75,10.875,1.8571428571428572,8,0.0,0.0
Innes Ireland,1965,7,0,0,0.0,2,13.714285714285714,13.857142857142858,3.1666666666666665,7,0.0,0.0
Innes Ireland,1966,2,0,0,0.0,1,10.0,16.5,6.5,2,0.0,0.0
Ivan Capelli,1985,2,0,0,3.0,1,10.5,23.0,12.5,2,0.0,0.0
Ivan Capelli,1986,2,0,0,0.0,0,21.0,25.0,4.0,2,0.0,0.0
Ivan Capelli,1987,16,0,0,1.0,3,15.875,21.6875,5.8125,16,0.0,0.0
Ivan Capelli,1988,16,0,2,17.0,8,13.9375,8.625,-3.8666666666666667,12,0.0,12.5
Ivan Capelli,1989,16,0,0,0.0,0,18.875,15.4375,-3.4375,16,0.0,0.0
Ivan Capelli,1990,16,0,1,6.0,4,16.625,13.75,0.7857142857142857,15,0.0,6.25
Ivan Capelli,1991,14,0,0,1.0,2,18.214285714285715,14.357142857142858,-3.857142857142857,13,0.0,0.0
Ivan Capelli,1992,14,0,0,3.0,4,16.785714285714285,10.642857142857142,-6.142857142857143,14,0.0,0.0
Ivan Capelli,1993,2,0,0,0.0,0,25.0,22.0,-3.0,2,0.0,0.0
Ivor Bueb,1957,2,0,0,0.0,1,9.5,17.5,8.0,2,0.0,0.0
Ivor Bueb,1958,2,0,0,0.0,0,14.0,16.5,2.5,2,0.0,0.0
Ivor Bueb,1959,2,0,0,0.0,0,15.0,9.0,5.0,2,0.0,0.0
Jac Nelleman,1976,1,0,0,0.0,0,27.0,0.0,,1,0.0,0.0
Jack Aitken,2020,1,0,0,0.0,0,16.0,17.0,1.0,0,0.0,0.0
Jack Brabham,1955,1,0,0,0.0,0,12.0,25.0,13.0,1,0.0,0.0
Jack Brabham,1956,1,0,0,0.0,0,26.0,28.0,2.0,1,0.0,0.0
Jack Brabham,1957,6,0,0,0.0,4,10.5,15.0,4.5,6,0.0,0.0
Jack Brabham,1958,9,0,0,3.0,5,11.0,11.0,0.0,8,0.0,0.0
Jack Brabham,1959,8,2,5,34.0,6,4.625,2.375,-2.25,2,25.0,62.5
Jack Brabham,1960,8,5,5,43.0,6,4.5,2.75,-1.75,3,62.5,62.5
Jack Brabham,1961,8,0,0,4.0,2,16.0,9.375,-6.625,6,0.0,0.0
Jack Brabham,1962,8,0,0,9.0,5,10.0,8.75,-1.25,7,0.0,0.0
Jack Brabham,1963,10,0,1,14.0,6,9.1,6.7,-2.4,8,0.0,10.0
Jack Brabham,1964,10,0,2,11.0,4,10.4,5.8,-4.6,8,0.0,20.0
Jack Brabham,1965,7,0,1,9.0,4,9.285714285714286,8.285714285714286,-1.0,5,0.0,14.29
Jack Brabham,1966,9,4,5,45.0,6,5.555555555555555,4.111111111111111,-1.4444444444444444,4,44.44,55.56
Jack Brabham,1967,11,2,6,48.0,9,4.818181818181818,3.909090909090909,-0.9090909090909091,4,18.18,54.55
Jack Brabham,1968,12,0,0,2.0,4,13.083333333333334,9.083333333333334,-3.090909090909091,11,0.0,0.0
Jack Brabham,1969,8,0,2,14.0,5,8.375,6.75,-1.625,5,0.0,25.0
Jack Brabham,1970,13,1,4,25.0,7,9.0,7.615384615384615,-1.3846153846153846,9,7.69,30.77
Jack Doohan,2024,1,0,0,0.0,0,15.0,17.0,2.0,1,0.0,0.0
Jack Fairman,1953,2,0,0,0.0,0,19.0,24.5,5.5,2,0.0,0.0
Jack Fairman,1955,1,0,0,0.0,0,25.0,21.0,-4.0,1,0.0,0.0
Jack Fairman,1956,2,0,0,5.0,2,4.5,18.5,14.0,2,0.0,0.0
Jack Fairman,1957,1,0,0,0.0,0,14.0,16.0,2.0,1,0.0,0.0
Jack Fairman,1958,2,0,0,0.0,1,14.0,15.0,1.0,2,0.0,0.0
Jack Fairman,1959,2,0,0,0.0,0,17.5,13.5,-4.0,2,0.0,0.0
Jack Fairman,1960,1,0,0,0.0,0,23.0,15.0,-8.0,1,0.0,0.0
Jack Fairman,1961,2,0,0,0.0,0,22.0,23.0,1.0,2,0.0,0.0
Jack McGrath,1950,1,0,0,0.0,0,14.0,6.0,-8.0,1,0.0,0.0
Jack McGrath,1951,1,0,1,2.0,1,3.0,3.0,0.0,0,0.0,100.0
Jack McGrath,1952,1,0,0,0.0,0,11.0,3.0,-8.0,0,0.0,0.0
Jack McGrath,1953,1,0,0,2.0,1,5.0,3.0,-2.0,0,0.0,0.0
Jack McGrath,1954,1,0,1,5.0,1,3.0,1.0,-2.0,0,0.0,100.0
Jack McGrath,1955,1,0,0,0.0,0,26.0,3.0,-23.0,1,0.0,0.0
Jack Turner,1956,1,0,0,0.0,0,25.0,24.0,-1.0,1,0.0,0.0
Jack Turner,1957,1,0,0,0.0,0,11.0,19.0,8.0,0,0.0,0.0
Jack Turner,1958,1,0,0,0.0,0,25.0,10.0,-15.0,1,0.0,0.0
Jack Turner,1959,1,0,0,0.0,0,27.0,14.0,-13.0,1,0.0,0.0
Jackie Holmes,1950,1,0,0,0.0,0,23.0,30.0,7.0,1,0.0,0.0
Jackie Holmes,1953,1,0,0,0.0,0,19.0,18.0,-1.0,1,0.0,0.0
Jackie Lewis,1961,5,0,0,3.0,3,15.0,16.0,1.0,3,0.0,0.0
Jackie Lewis,1962,6,0,0,0.0,2,14.5,9.833333333333334,3.0,6,0.0,0.0
Jackie Oliver,1967,1,0,0,0.0,1,5.0,19.0,14.0,0,0.0,0.0
Jackie Oliver,1968,9,0,1,6.0,3,11.222222222222221,10.777777777777779,2.0,8,0.0,11.11
Jackie Oliver,1969,10,0,0,1.0,3,12.6,12.8,0.2,10,0.0,0.0
Jackie Oliver,1970,13,0,0,2.0,3,14.76923076923077,10.692307692307692,-4.076923076923077,13,0.0,0.0
Jackie Oliver,1971,3,0,0,0.0,2,13.333333333333334,17.0,3.6666666666666665,2,0.0,0.0
Jackie Oliver,1972,1,0,0,0.0,0,20.0,14.0,-6.0,1,0.0,0.0
Jackie Oliver,1973,13,0,1,4.0,3,16.692307692307693,18.076923076923077,1.3846153846153846,11,0.0,7.69
Jackie Oliver,1977,1,0,0,0.0,1,9.0,16.0,7.0,0,0.0,0.0
Jackie Pretorius,1965,1,0,0,0.0,0,27.0,0.0,,1,0.0,0.0
Jackie Pretorius,1968,1,0,0,0.0,1,10.0,23.0,13.0,1,0.0,0.0
Jackie Pretorius,1971,1,0,0,0.0,0,22.0,20.0,-2.0,1,0.0,0.0
Jackie Pretorius,1973,1,0,0,0.0,0,18.0,24.0,6.0,1,0.0,0.0
Jackie Stewart,1965,10,1,5,34.0,7,6.7,4.8,-1.9,4,10.0,50.0
Jackie Stewart,1966,8,1,1,14.0,4,10.0,6.25,-3.75,6,12.5,12.5
Jackie Stewart,1967,11,0,2,10.0,3,12.181818181818182,8.636363636363637,-3.5454545454545454,10,0.0,18.18
Jackie Stewart,1968,10,3,4,36.0,9,5.2,5.1,-0.1,7,30.0,40.0
Jackie Stewart,1969,11,6,7,63.0,9,4.2727272727272725,2.6363636363636362,-1.6363636363636365,3,54.55,63.64
Jackie Stewart,1970,13,1,4,25.0,5,10.384615384615385,3.076923076923077,-7.3076923076923075,8,7.69,30.77
Jackie Stewart,1971,11,6,7,62.0,8,5.181818181818182,2.1818181818181817,-3.0,3,54.55,63.64
Jackie Stewart,1972,11,4,5,45.0,7,7.909090909090909,3.272727272727273,-4.636363636363637,5,36.36,45.45
Jackie Stewart,1973,15,5,8,71.0,13,5.466666666666667,5.133333333333334,-0.3333333333333333,4,33.33,53.33
Jacky Ickx,1967,3,0,0,1.0,1,10.0,16.333333333333332,6.333333333333333,3,0.0,0.0
Jacky Ickx,1968,10,1,4,27.0,6,8.3,6.3,0.1111111111111111,6,10.0,40.0
Jacky Ickx,1969,11,2,5,37.0,10,5.818181818181818,6.090909090909091,0.2727272727272727,6,18.18,45.45
Jacky Ickx,1970,13,3,5,40.0,7,9.076923076923077,3.0,-6.076923076923077,9,23.08,38.46
Jacky Ickx,1971,11,1,3,19.0,5,12.181818181818182,4.545454545454546,-7.636363636363637,8,9.09,27.27
Jacky Ickx,1972,12,1,4,27.0,6,9.75,4.833333333333333,-4.916666666666667,7,8.33,33.33
Jacky Ickx,1973,12,0,1,12.0,8,9.916666666666666,9.416666666666666,-0.5,8,0.0,8.33
Jacky Ickx,1974,15,0,2,12.0,4,13.2,13.066666666666666,-0.13333333333333333,12,0.0,13.33
Jacky Ickx,1975,9,0,1,3.0,4,12.444444444444445,17.22222222222222,4.777777777777778,7,0.0,11.11
Jacky Ickx,1976,12,0,0,0.0,4,16.666666666666668,11.166666666666666,4.375,11,0.0,0.0
Jacky Ickx,1977,1,0,0,0.0,1,10.0,17.0,7.0,1,0.0,0.0
Jacky Ickx,1978,4,0,0,0.0,0,18.0,14.75,4.666666666666667,4,0.0,0.0
Jacky Ickx,1979,8,0,0,3.0,2,15.125,17.125,2.0,8,0.0,0.0
Jacques Laffite,1974,5,0,0,0.0,0,18.4,15.8,-2.6,5,0.0,0.0
Jacques Laffite,1975,12,0,1,6.0,1,16.75,15.833333333333334,0.7272727272727273,10,0.0,8.33
Jacques Laffite,1976,16,0,3,20.0,6,12.0625,8.125,-3.9375,11,0.0,18.75
Jacques Laffite,1977,17,1,2,18.0,10,10.882352941176471,8.823529411764707,-2.0588235294117645,14,5.88,11.76
Jacques Laffite,1978,16,0,2,19.0,12,8.1875,10.125,1.9375,10,0.0,12.5
Jacques Laffite,1979,15,2,6,36.0,8,11.4,4.8,-6.6,9,13.33,40.0
Jacques Laffite,1980,14,1,5,34.0,9,8.428571428571429,6.571428571428571,-1.8571428571428572,8,7.14,35.71
Jacques Laffite,1981,15,2,7,44.0,9,9.133333333333333,9.333333333333334,0.2,7,13.33,46.67
Jacques Laffite,1982,15,0,1,5.0,3,16.466666666666665,16.533333333333335,0.06666666666666667,15,0.0,6.67
Jacques Laffite,1983,15,0,1,11.0,8,13.066666666666666,13.0,4.3076923076923075,12,0.0,6.67
Jacques Laffite,1984,16,0,0,5.0,4,16.25,14.4375,-1.8125,16,0.0,0.0
Jacques Laffite,1985,15,0,3,16.0,6,11.666666666666666,16.466666666666665,4.8,13,0.0,20.0
Jacques Laffite,1986,9,0,2,14.0,6,9.222222222222221,10.555555555555555,1.3333333333333333,6,0.0,22.22
Jacques Pollet,1954,2,0,0,0.0,0,17.0,17.0,0.0,2,0.0,0.0
Jacques Pollet,1955,3,0,0,0.0,2,10.666666666666666,17.0,6.333333333333333,3,0.0,0.0
Jacques Swaters,1951,2,0,0,0.0,1,12.5,22.0,9.5,2,0.0,0.0
Jacques Swaters,1953,2,0,0,0.0,1,13.0,16.0,3.0,2,0.0,0.0
Jacques Swaters,1954,3,0,0,0.0,1,13.0,16.333333333333332,3.3333333333333335,3,0.0,0.0
Jacques Villeneuve,1996,16,4,11,78.0,13,4.9375,3.0625,-1.875,5,25.0,68.75
Jacques Villeneuve,1997,17,7,8,81.0,11,6.9411764705882355,2.1176470588235294,-4.823529411764706,6,41.18,47.06
Jacques Villeneuve,1998,16,0,2,21.0,13,7.4375,6.6875,-0.75,10,0.0,12.5
Jacques Villeneuve,1999,16,0,0,0.0,3,15.1875,11.125,-4.0625,15,0.0,0.0
Jacques Villeneuve,2000,17,0,0,17.0,10,9.529411764705882,8.705882352941176,-0.8235294117647058,11,0.0,0.0
Jacques Villeneuve,2001,17,0,2,12.0,11,10.470588235294118,10.764705882352942,0.29411764705882354,12,0.0,11.76
Jacques Villeneuve,2002,17,0,0,4.0,10,11.647058823529411,12.235294117647058,0.5882352941176471,14,0.0,0.0
Jacques Villeneuve,2003,15,0,0,6.0,6,13.333333333333334,11.666666666666666,-1.6666666666666667,12,0.0,0.0
Jacques Villeneuve,2004,3,0,0,0.0,2,10.333333333333334,11.333333333333334,1.0,3,0.0,0.0
Jacques Villeneuve,2005,19,0,0,9.0,5,11.736842105263158,12.473684210526315,0.7368421052631579,15,0.0,0.0
Jacques Villeneuve,2006,12,0,0,7.0,4,11.75,12.75,1.0,7,0.0,0.0
Jacques Villeneuve Sr.,1981,2,0,0,0.0,0,28.0,0.0,,2,0.0,0.0
Jacques Villeneuve Sr.,1983,1,0,0,0.0,0,27.0,0.0,,1,0.0,0.0
Jaime Alguersuari,2009,8,0,0,0.0,0,17.0,16.125,-0.875,8,0.0,0.0
Jaime Alguersuari,2010,19,0,0,5.0,3,12.947368421052632,15.263157894736842,2.3157894736842106,9,0.0,0.0
Jaime Alguersuari,2011,19,0,0,26.0,7,13.526315789473685,14.631578947368421,1.105263157894737,15,0.0,0.0
James Hunt,1973,8,0,2,14.0,6,9.625,9.75,3.7142857142857144,4,0.0,25.0
James Hunt,1974,15,0,3,15.0,6,15.133333333333333,8.4,-6.733333333333333,11,0.0,20.0
James Hunt,1975,14,1,4,33.0,8,9.428571428571429,8.0,-1.4285714285714286,7,7.14,28.57
James Hunt,1976,16,6,8,69.0,11,7.375,4.125,-3.25,7,37.5,50.0
James Hunt,1977,17,3,5,40.0,8,10.294117647058824,3.235294117647059,-7.0588235294117645,11,17.65,29.41
James Hunt,1978,16,0,1,8.0,6,14.25,7.75,-6.5,14,0.0,6.25
James Hunt,1979,7,0,0,0.0,1,16.571428571428573,11.857142857142858,-4.714285714285714,7,0.0,0.0
Jan Flinterman,1952,2,0,0,0.0,1,13.0,15.5,2.5,2,0.0,0.0
Jan Lammers,1979,15,0,0,0.0,3,16.733333333333334,16.733333333333334,6.25,15,0.0,0.0
Jan Lammers,1980,14,0,0,0.0,1,21.428571428571427,7.142857142857143,1.5,14,0.0,0.0
Jan Lammers,1981,4,0,0,0.0,0,20.0,11.0,8.0,4,0.0,0.0
Jan Lammers,1982,6,0,0,0.0,0,25.5,4.333333333333333,9.0,6,0.0,0.0
Jan Lammers,1992,2,0,0,0.0,0,16.0,24.0,8.0,2,0.0,0.0
Jan Magnussen,1995,1,0,0,0.0,1,10.0,12.0,2.0,1,0.0,0.0
Jan Magnussen,1997,17,0,0,0.0,3,15.764705882352942,15.823529411764707,0.058823529411764705,16,0.0,0.0
Jan Magnussen,1998,7,0,0,1.0,2,15.285714285714286,18.714285714285715,3.4285714285714284,7,0.0,0.0
Jarno Trulli,1997,14,0,0,3.0,7,12.142857142857142,14.5,2.357142857142857,11,0.0,0.0
Jarno Trulli,1998,16,0,0,1.0,3,14.1875,13.875,-0.3125,16,0.0,0.0
Jarno Trulli,1999,16,0,1,7.0,7,13.1875,10.6875,-2.5,12,0.0,6.25
Jarno Trulli,2000,17,0,0,6.0,6,13.235294117647058,7.529411764705882,-5.705882352941177,12,0.0,0.0
Jarno Trulli,2001,17,0,0,12.0,7,11.941176470588236,6.764705882352941,-5.176470588235294,13,0.0,0.0
Jarno Trulli,2002,17,0,0,9.0,8,11.294117647058824,8.705882352941176,-2.588235294117647,14,0.0,0.0
Jarno Trulli,2003,16,0,1,33.0,10,9.9375,7.3125,-2.625,9,0.0,6.25
Jarno Trulli,2004,17,1,2,46.0,11,8.294117647058824,6.705882352941177,-1.588235294117647,6,5.88,11.76
Jarno Trulli,2005,19,0,3,43.0,13,8.578947368421053,6.052631578947368,-2.526315789473684,9,0.0,15.79
Jarno Trulli,2006,18,0,0,15.0,9,12.277777777777779,10.444444444444445,-1.8333333333333333,14,0.0,0.0
Jarno Trulli,2007,17,0,0,8.0,6,12.352941176470589,9.176470588235293,-3.176470588235294,12,0.0,0.0
Jarno Trulli,2008,18,0,1,31.0,12,9.5,7.611111111111111,-1.8888888888888888,6,0.0,5.56
Jarno Trulli,2009,17,0,3,32.5,8,10.529411764705882,8.529411764705882,-2.0,6,0.0,17.65
Jarno Trulli,2010,19,0,0,0.0,0,19.263157894736842,18.842105263157894,-0.42105263157894735,19,0.0,0.0
Jarno Trulli,2011,18,0,0,0.0,0,18.11111111111111,19.22222222222222,1.1111111111111112,17,0.0,0.0
Jay Chamberlain,1962,3,0,0,0.0,0,24.333333333333332,6.666666666666667,5.0,3,0.0,0.0
Jean Alesi,1989,8,0,0,8.0,5,11.375,13.875,2.5,7,0.0,0.0
Jean Alesi,1990,16,0,2,13.0,9,13.0,6.625,-6.375,13,0.0,12.5
Jean Alesi,1991,16,0,3,21.0,7,12.25,6.1875,-6.0625,9,0.0,18.75
Jean Alesi,1992,16,0,2,18.0,6,13.1875,7.1875,-6.0,13,0.0,12.5
Jean Alesi,1993,16,0,2,16.0,7,13.0625,7.5,-5.5625,12,0.0,12.5
Jean Alesi,1994,14,0,4,24.0,8,10.857142857142858,5.785714285714286,-5.071428571428571,11,0.0,28.57
Jean Alesi,1995,17,1,5,42.0,9,10.0,5.0588235294117645,-4.9411764705882355,10,5.88,29.41
Jean Alesi,1996,16,0,8,47.0,12,7.0,4.875,-2.125,6,0.0,50.0
Jean Alesi,1997,17,0,5,36.0,12,7.352941176470588,8.176470588235293,0.8235294117647058,6,0.0,29.41
Jean Alesi,1998,16,0,1,9.0,12,9.25,10.5,1.25,11,0.0,6.25
Jean Alesi,1999,16,0,0,2.0,6,13.375,12.5625,-0.8125,12,0.0,0.0
Jean Alesi,2000,17,0,0,0.0,2,16.11764705882353,16.470588235294116,0.35294117647058826,17,0.0,0.0
Jean Alesi,2001,17,0,0,5.0,13,9.588235294117647,14.117647058823529,4.529411764705882,14,0.0,0.0
Jean Behra,1952,6,0,1,6.0,3,11.166666666666666,7.333333333333333,-3.8333333333333335,6,0.0,16.67
Jean Behra,1953,6,0,0,0.0,2,15.333333333333334,15.0,-0.3333333333333333,6,0.0,0.0
Jean Behra,1954,8,0,0,0.0,4,13.25,12.375,-0.875,8,0.0,0.0
Jean Behra,1955,10,0,1,6.0,7,9.5,7.9,-1.6,9,0.0,10.0
Jean Behra,1956,8,0,5,22.0,6,6.125,7.25,1.125,5,0.0,62.5
Jean Behra,1957,6,0,1,6.0,4,8.333333333333334,3.1666666666666665,-5.166666666666667,4,0.0,16.67
Jean Behra,1958,10,0,1,9.0,4,12.0,6.2,-5.8,9,0.0,10.0
Jean Behra,1959,3,0,0,2.0,1,9.666666666666666,3.6666666666666665,-6.0,3,0.0,0.0
Jean Lucas,1955,1,0,0,0.0,0,19.0,22.0,3.0,1,0.0,0.0
Jean Lucienbonnet,1959,1,0,0,0.0,0,23.0,0.0,,1,0.0,0.0
Jean-Christophe Boullion,1995,11,0,0,3.0,5,12.727272727272727,15.545454545454545,2.8181818181818183,11,0.0,0.0
Jean-Denis Délétraz,1994,1,0,0,0.0,0,15.0,25.0,10.0,1,0.0,0.0
Jean-Denis Délétraz,1995,2,0,0,0.0,0,17.5,24.0,6.5,2,0.0,0.0
Jean-Louis Schlesser,1983,1,0,0,0.0,0,29.0,0.0,,1,0.0,0.0
Jean-Louis Schlesser,1988,1,0,0,0.0,0,11.0,22.0,11.0,1,0.0,0.0
Jean-Marc Gounon,1993,2,0,0,0.0,0,17.5,17.5,0.0,2,0.0,0.0
Jean-Marc Gounon,1994,7,0,0,0.0,2,14.714285714285714,25.714285714285715,11.0,7,0.0,0.0
Jean-Pierre Beltoise,1967,3,0,0,0.0,2,10.666666666666666,10.666666666666666,9.0,3,0.0,0.0
Jean-Pierre Beltoise,1968,12,0,1,11.0,8,9.833333333333334,12.75,2.9166666666666665,11,0.0,8.33
Jean-Pierre Beltoise,1969,11,0,3,21.0,10,6.090909090909091,8.363636363636363,2.272727272727273,8,0.0,27.27
Jean-Pierre Beltoise,1970,13,0,2,16.0,8,9.76923076923077,10.0,0.23076923076923078,9,0.0,15.38
Jean-Pierre Beltoise,1971,7,0,0,1.0,5,9.857142857142858,9.714285714285714,-0.14285714285714285,6,0.0,0.0
Jean-Pierre Beltoise,1972,11,1,1,9.0,4,15.090909090909092,13.272727272727273,-1.8181818181818181,8,9.09,9.09
Jean-Pierre Beltoise,1973,15,0,0,9.0,5,12.466666666666667,11.0,-1.4666666666666666,12,0.0,0.0
Jean-Pierre Beltoise,1974,15,0,1,10.0,5,16.6,13.4,-1.2857142857142858,12,0.0,6.67
Jean-Pierre Jabouille,1974,2,0,0,0.0,0,28.0,0.0,,2,0.0,0.0
Jean-Pierre Jabouille,1975,1,0,0,0.0,0,12.0,21.0,9.0,0,0.0,0.0
Jean-Pierre Jabouille,1977,5,0,0,0.0,0,20.4,13.0,-2.5,5,0.0,0.0
Jean-Pierre Jabouille,1978,14,0,0,3.0,2,16.0,10.714285714285714,-5.285714285714286,13,0.0,0.0
Jean-Pierre Jabouille,1979,15,1,1,9.0,3,16.333333333333332,6.2,-9.0,14,6.67,6.67
Jean-Pierre Jabouille,1980,13,1,1,9.0,2,16.46153846153846,6.384615384615385,-10.076923076923077,12,7.69,7.69
Jean-Pierre Jabouille,1981,5,0,0,0.0,0,19.4,10.6,2.0,5,0.0,0.0
Jean-Pierre Jarier,1971,1,0,0,0.0,0,12.0,24.0,12.0,1,0.0,0.0
Jean-Pierre Jarier,1973,10,0,0,0.0,0,15.1,15.9,0.8,10,0.0,0.0
Jean-Pierre Jarier,1974,14,0,1,6.0,5,13.928571428571429,12.714285714285714,-1.2142857142857142,11,0.0,7.14
Jean-Pierre Jarier,1975,14,0,0,1.5,2,16.928571428571427,7.785714285714286,-9.142857142857142,13,0.0,0.0
Jean-Pierre Jarier,1976,16,0,0,0.0,7,12.6875,14.625,1.9375,15,0.0,0.0
Jean-Pierre Jarier,1977,13,0,0,1.0,4,15.461538461538462,15.76923076923077,2.5,12,0.0,0.0
Jean-Pierre Jarier,1978,8,0,0,0.0,1,16.875,9.0,-2.3333333333333335,8,0.0,0.0
Jean-Pierre Jarier,1979,13,0,2,14.0,6,10.615384615384615,11.23076923076923,0.6153846153846154,9,0.0,15.38
Jean-Pierre Jarier,1980,14,0,0,6.0,5,12.857142857142858,14.642857142857142,1.7857142857142858,13,0.0,0.0
Jean-Pierre Jarier,1981,9,0,0,0.0,5,12.11111111111111,18.22222222222222,6.111111111111111,8,0.0,0.0
Jean-Pierre Jarier,1982,16,0,0,3.0,2,20.0,16.1875,-0.5714285714285714,16,0.0,0.0
Jean-Pierre Jarier,1983,15,0,0,0.0,6,16.266666666666666,18.266666666666666,2.0,15,0.0,0.0
Jean-Éric Vergne,2012,20,0,0,16.0,4,14.35,16.95,2.6,9,0.0,0.0
Jean-Éric Vergne,2013,19,0,0,13.0,3,14.631578947368421,13.368421052631579,-1.263157894736842,12,0.0,0.0
Jean-Éric Vergne,2014,19,0,0,22.0,7,12.947368421052632,11.736842105263158,-1.2105263157894737,9,0.0,0.0
Jenson Button,2000,17,0,0,12.0,9,11.235294117647058,11.823529411764707,0.5882352941176471,13,0.0,0.0
Jenson Button,2001,17,0,0,2.0,5,12.882352941176471,16.941176470588236,4.0588235294117645,15,0.0,0.0
Jenson Button,2002,17,0,0,14.0,9,10.529411764705882,10.294117647058824,-0.23529411764705882,11,0.0,0.0
Jenson Button,2003,16,0,0,17.0,10,10.8125,11.875,1.0625,12,0.0,0.0
Jenson Button,2004,18,0,10,85.0,15,5.611111111111111,5.5,-0.1111111111111111,4,0.0,55.56
Jenson Button,2005,17,0,2,37.0,12,8.647058823529411,5.9411764705882355,-2.7058823529411766,8,0.0,11.76
Jenson Button,2006,18,1,3,56.0,13,8.0,7.777777777777778,-0.2222222222222222,7,5.56,16.67
Jenson Button,2007,17,0,0,6.0,4,13.764705882352942,13.882352941176471,0.11764705882352941,14,0.0,0.0
Jenson Button,2008,18,0,0,3.0,3,13.722222222222221,14.722222222222221,1.0,13,0.0,0.0
Jenson Button,2009,17,6,9,95.0,16,4.352941176470588,5.705882352941177,1.3529411764705883,1,35.29,52.94
Jenson Button,2010,19,2,7,214.0,16,6.368421052631579,6.842105263157895,0.47368421052631576,3,10.53,36.84
Jenson Button,2011,19,3,12,270.0,17,4.947368421052632,4.473684210526316,-0.47368421052631576,2,15.79,63.16
Jenson Button,2012,20,3,6,188.0,14,8.55,6.45,-2.1,5,15.0,30.0
Jenson Button,2013,19,0,0,73.0,14,9.105263157894736,10.473684210526315,1.368421052631579,3,0.0,0.0
Jenson Button,2014,19,0,1,126.0,13,8.052631578947368,8.473684210526315,0.42105263157894735,6,0.0,5.26
Jenson Button,2015,19,0,0,16.0,4,13.947368421052632,15.947368421052632,2.0,14,0.0,0.0
Jenson Button,2016,21,0,0,21.0,7,13.904761904761905,13.0,-0.9047619047619048,16,0.0,0.0
Jenson Button,2017,1,0,0,0.0,0,18.0,20.0,2.0,1,0.0,0.0
Jerry Hoyt,1950,1,0,0,0.0,0,21.0,15.0,-6.0,1,0.0,0.0
Jerry Hoyt,1953,1,0,0,0.0,0,23.0,7.0,-16.0,1,0.0,0.0
Jerry Hoyt,1954,2,0,0,0.0,1,17.0,31.0,14.0,1,0.0,0.0
Jerry Hoyt,1955,1,0,0,0.0,0,31.0,1.0,-30.0,1,0.0,0.0
Jerry Unser,1958,1,0,0,0.0,0,31.0,24.0,-7.0,1,0.0,0.0
Jesús Iglesias,1955,1,0,0,0.0,1,10.0,17.0,7.0,1,0.0,0.0
Jim Clark,1960,6,0,1,8.0,3,9.5,8.666666666666666,-0.8333333333333334,5,0.0,16.67
Jim Clark,1961,8,0,2,11.0,5,10.625,8.5,-2.125,5,0.0,25.0
Jim Clark,1962,9,3,3,30.0,6,7.777777777777778,2.7777777777777777,-5.0,5,33.33,33.33
Jim Clark,1963,10,7,9,73.0,10,2.0,2.0,0.0,2,70.0,90.0
Jim Clark,1964,11,3,3,32.0,6,8.181818181818182,2.090909090909091,-6.090909090909091,8,27.27,27.27
Jim Clark,1965,9,6,6,54.0,7,5.333333333333333,2.111111111111111,-3.2222222222222223,3,66.67,66.67
Jim Clark,1966,8,1,2,16.0,5,8.25,3.375,-4.875,7,12.5,25.0
Jim Clark,1967,11,4,5,41.0,7,7.363636363636363,2.5454545454545454,-4.818181818181818,6,36.36,45.45
Jim Clark,1968,1,1,1,9.0,1,1.0,1.0,0.0,0,100.0,100.0
Jim Crawford,1975,2,0,0,0.0,0,17.0,25.0,8.0,2,0.0,0.0
Jim Hall,1960,1,0,0,0.0,1,7.0,12.0,5.0,1,0.0,0.0
Jim Hall,1961,1,0,0,0.0,0,13.0,18.0,5.0,1,0.0,0.0
Jim Hall,1962,1,0,0,0.0,0,20.0,0.0,,1,0.0,0.0
Jim Hall,1963,9,0,0,3.0,6,9.11111111111111,15.333333333333334,6.222222222222222,9,0.0,0.0
Jim Hurtubise,1960,1,0,0,0.0,0,18.0,23.0,5.0,1,0.0,0.0
Jim McWithey,1959,1,0,0,0.0,0,16.0,33.0,17.0,0,0.0,0.0
Jim McWithey,1960,1,0,0,0.0,0,29.0,32.0,3.0,1,0.0,0.0
Jim Rathmann,1950,1,0,0,0.0,0,24.0,28.0,4.0,1,0.0,0.0
Jim Rathmann,1952,1,0,1,6.0,1,2.0,10.0,8.0,0,0.0,100.0
Jim Rathmann,1953,2,0,0,0.0,1,11.0,26.5,15.5,1,0.0,0.0
Jim Rathmann,1954,2,0,0,0.0,0,24.0,19.0,-5.0,2,0.0,0.0
Jim Rathmann,1955,1,0,0,0.0,0,14.0,20.0,6.0,1,0.0,0.0
Jim Rathmann,1956,1,0,0,0.0,0,20.0,2.0,-18.0,1,0.0,0.0
Jim Rathmann,1957,1,0,1,7.0,1,2.0,32.0,30.0,0,0.0,100.0
Jim Rathmann,1958,1,0,0,2.0,1,5.0,20.0,15.0,0,0.0,0.0
Jim Rathmann,1959,1,0,1,6.0,1,2.0,3.0,1.0,0,0.0,100.0
Jim Rathmann,1960,1,1,1,8.0,1,1.0,2.0,1.0,0,100.0,100.0
Jim Rigsby,1952,1,0,0,0.0,0,12.0,26.0,14.0,0,0.0,0.0
Jimmy Bryan,1952,1,0,0,0.0,1,6.0,21.0,15.0,0,0.0,0.0
Jimmy Bryan,1953,1,0,0,0.0,0,14.0,31.0,17.0,1,0.0,0.0
Jimmy Bryan,1954,1,0,1,6.0,1,2.0,3.0,1.0,0,0.0,100.0
Jimmy Bryan,1955,1,0,0,0.0,0,24.0,11.0,-13.0,1,0.0,0.0
Jimmy Bryan,1956,1,0,0,0.0,0,19.0,19.0,0.0,1,0.0,0.0
Jimmy Bryan,1957,1,0,1,4.0,1,3.0,15.0,12.0,0,0.0,100.0
Jimmy Bryan,1958,1,1,1,8.0,1,1.0,7.0,6.0,0,100.0,100.0
Jimmy Bryan,1959,1,0,0,0.0,0,33.0,20.0,-13.0,1,0.0,0.0
Jimmy Bryan,1960,1,0,0,0.0,0,19.0,10.0,-9.0,1,0.0,0.0
Jimmy Davies,1950,1,0,0,0.0,0,17.0,27.0,10.0,1,0.0,0.0
Jimmy Davies,1951,1,0,0,0.0,0,16.0,27.0,11.0,1,0.0,0.0
Jimmy Davies,1953,1,0,0,0.0,1,10.0,32.0,22.0,1,0.0,0.0
Jimmy Davies,1954,2,0,0,0.0,0,15.5,18.5,3.0,1,0.0,0.0
Jimmy Davies,1955,1,0,1,4.0,1,3.0,10.0,7.0,0,0.0,100.0
Jimmy Daywalt,1953,1,0,0,0.0,1,6.0,21.0,15.0,0,0.0,0.0
Jimmy Daywalt,1954,2,0,0,0.0,0,25.5,3.0,-22.5,2,0.0,0.0
Jimmy Daywalt,1955,1,0,0,0.0,1,9.0,17.0,8.0,0,0.0,0.0
Jimmy Daywalt,1956,1,0,0,0.0,0,24.0,16.0,-8.0,1,0.0,0.0
Jimmy Daywalt,1957,1,0,0,0.0,0,28.0,29.0,1.0,1,0.0,0.0
Jimmy Daywalt,1959,1,0,0,0.0,0,14.0,13.0,-1.0,0,0.0,0.0
Jimmy Jackson,1950,1,0,0,0.0,0,29.0,32.0,3.0,1,0.0,0.0
Jimmy Jackson,1954,1,0,0,0.0,0,15.0,8.0,-7.0,1,0.0,0.0
Jimmy Reece,1952,1,0,0,0.0,1,7.0,23.0,16.0,0,0.0,0.0
Jimmy Reece,1954,1,0,0,0.0,0,17.0,7.0,-10.0,1,0.0,0.0
Jimmy Reece,1955,1,0,0,0.0,0,33.0,15.0,-18.0,1,0.0,0.0
Jimmy Reece,1956,1,0,0,0.0,1,9.0,21.0,12.0,0,0.0,0.0
Jimmy Reece,1957,1,0,0,0.0,0,18.0,6.0,-12.0,1,0.0,0.0
Jimmy Reece,1958,1,0,0,0.0,1,6.0,3.0,-3.0,0,0.0,0.0
Jimmy Stewart,1953,1,0,0,0.0,0,11.0,15.0,4.0,1,0.0,0.0
Jo Bonnier,1956,1,0,0,0.0,0,20.0,8.0,-12.0,1,0.0,0.0
Jo Bonnier,1957,4,0,0,0.0,1,13.25,13.0,-0.25,4,0.0,0.0
Jo Bonnier,1958,9,0,0,3.0,5,11.555555555555555,14.11111111111111,2.5555555555555554,8,0.0,0.0
Jo Bonnier,1959,7,1,1,10.0,4,10.857142857142858,6.714285714285714,-4.142857142857143,6,14.29,14.29
Jo Bonnier,1960,8,0,0,4.0,4,10.875,6.125,-4.75,8,0.0,0.0
Jo Bonnier,1961,8,0,0,3.0,4,10.75,8.5,-2.25,5,0.0,0.0
Jo Bonnier,1962,8,0,0,3.0,5,11.625,8.875,0.5714285714285714,7,0.0,0.0
Jo Bonnier,1963,10,0,0,6.0,7,8.5,10.9,2.4,10,0.0,0.0
Jo Bonnier,1964,9,0,0,3.0,3,13.0,10.777777777777779,-2.2222222222222223,9,0.0,0.0
Jo Bonnier,1965,10,0,0,0.0,5,10.7,11.2,0.5,9,0.0,0.0
Jo Bonnier,1966,9,0,0,1.0,4,11.222222222222221,13.11111111111111,1.8888888888888888,9,0.0,0.0
Jo Bonnier,1967,8,0,0,3.0,4,11.375,13.625,2.25,7,0.0,0.0
Jo Bonnier,1968,9,0,0,3.0,3,13.333333333333334,16.22222222222222,5.375,9,0.0,0.0
Jo Bonnier,1969,2,0,0,0.0,1,12.5,19.5,7.0,2,0.0,0.0
Jo Bonnier,1970,2,0,0,0.0,0,21.5,12.0,5.0,2,0.0,0.0
Jo Bonnier,1971,5,0,0,0.0,1,19.0,18.4,5.0,5,0.0,0.0
Jo Gartner,1984,8,0,0,0.0,1,16.125,23.875,7.75,8,0.0,0.0
Jo Schlesser,1967,1,0,0,0.0,0,24.0,21.0,-3.0,1,0.0,0.0
Jo Schlesser,1968,1,0,0,0.0,0,17.0,16.0,-1.0,1,0.0,0.0
Jo Siffert,1962,6,0,0,0.0,1,17.833333333333332,8.166666666666666,3.6666666666666665,5,0.0,0.0
Jo Siffert,1963,9,0,0,1.0,4,11.333333333333334,12.88888888888889,1.5555555555555556,9,0.0,0.0
Jo Siffert,1964,10,0,1,7.0,4,10.9,13.3,2.4,9,0.0,10.0
Jo Siffert,1965,10,0,0,5.0,7,9.1,11.7,2.6,9,0.0,0.0
Jo Siffert,1966,8,0,0,3.0,3,11.125,12.0,0.875,8,0.0,0.0
Jo Siffert,1967,10,0,0,6.0,5,10.3,13.3,3.0,10,0.0,0.0
Jo Siffert,1968,12,1,1,12.0,8,8.666666666666666,8.333333333333334,-0.3333333333333333,11,8.33,8.33
Jo Siffert,1969,11,0,2,15.0,9,8.181818181818182,8.090909090909092,-0.09090909090909091,8,0.0,18.18
Jo Siffert,1970,13,0,0,0.0,6,13.76923076923077,12.846153846153847,0.6666666666666666,13,0.0,0.0
Jo Siffert,1971,11,1,2,19.0,7,9.636363636363637,5.636363636363637,-4.0,8,9.09,18.18
Jo Vonlanthen,1975,1,0,0,0.0,0,22.0,28.0,6.0,1,0.0,0.0
Joachim Winkelhock,1989,7,0,0,0.0,0,36.57142857142857,0.0,,7,0.0,0.0
Jochen Mass,1973,3,0,0,0.0,1,15.666666666666666,15.0,-0.6666666666666666,2,0.0,0.0
Jochen Mass,1974,13,0,0,0.0,1,18.615384615384617,17.53846153846154,-1.0769230769230769,12,0.0,0.0
Jochen Mass,1975,14,1,4,20.0,8,11.285714285714286,10.571428571428571,-0.7142857142857143,7,7.14,28.57
Jochen Mass,1976,16,0,2,19.0,10,10.0,12.3125,2.3125,9,0.0,12.5
Jochen Mass,1977,17,0,2,25.0,9,10.941176470588236,9.411764705882353,-1.5294117647058822,10,0.0,11.76
Jochen Mass,1978,13,0,0,0.0,2,16.615384615384617,14.538461538461538,5.2,12,0.0,0.0
Jochen Mass,1979,15,0,0,3.0,7,14.266666666666667,15.466666666666667,5.3076923076923075,14,0.0,0.0
Jochen Mass,1980,13,0,0,4.0,6,13.76923076923077,15.0,6.454545454545454,12,0.0,0.0
Jochen Mass,1982,10,0,0,0.0,4,12.8,20.5,11.11111111111111,10,0.0,0.0
Jochen Rindt,1964,1,0,0,0.0,1,10.0,13.0,3.0,1,0.0,0.0
Jochen Rindt,1965,10,0,0,4.0,3,12.1,10.6,0.2222222222222222,9,0.0,0.0
Jochen Rindt,1966,9,0,3,24.0,7,6.444444444444445,6.444444444444445,0.0,7,0.0,33.33
Jochen Rindt,1967,10,0,0,6.0,3,12.5,8.2,-4.3,8,0.0,0.0
Jochen Rindt,1968,12,0,2,8.0,3,11.833333333333334,6.083333333333333,-5.75,10,0.0,16.67
Jochen Rindt,1969,10,1,3,22.0,6,7.7,2.2,-5.5,7,10.0,30.0
Jochen Rindt,1970,10,5,5,45.0,5,8.7,3.3,-3.4444444444444446,5,50.0,50.0
Jody Scheckter,1972,1,0,0,0.0,1,9.0,8.0,-1.0,1,0.0,0.0
Jody Scheckter,1973,5,0,0,0.0,1,17.0,4.8,-12.2,5,0.0,0.0
Jody Scheckter,1974,15,2,6,45.0,10,8.6,6.466666666666667,-2.1333333333333333,6,13.33,40.0
Jody Scheckter,1975,14,1,3,20.0,9,9.5,6.857142857142857,-2.642857142857143,10,7.14,21.43
Jody Scheckter,1976,16,1,5,49.0,12,6.6875,7.625,0.9375,4,6.25,31.25
Jody Scheckter,1977,17,3,9,55.0,10,9.117647058823529,6.588235294117647,-2.5294117647058822,9,17.65,52.94
Jody Scheckter,1978,16,0,4,24.0,7,11.125,8.0625,-3.0625,9,0.0,25.0
Jody Scheckter,1979,15,3,6,60.0,14,4.866666666666666,6.133333333333334,1.2666666666666666,6,20.0,40.0
Jody Scheckter,1980,14,0,0,2.0,6,12.928571428571429,15.071428571428571,4.3076923076923075,14,0.0,0.0
Joe Fry,1950,1,0,0,0.0,1,10.0,20.0,10.0,1,0.0,0.0
Joe James,1951,1,0,0,0.0,0,33.0,30.0,-3.0,1,0.0,0.0
Joe James,1952,1,0,0,0.0,0,13.0,16.0,3.0,0,0.0,0.0
Joe Kelly,1950,1,0,0,0.0,0,13.0,19.0,6.0,1,0.0,0.0
Joe Kelly,1951,1,0,0,0.0,0,15.0,18.0,3.0,1,0.0,0.0
John Barber,1953,1,0,0,0.0,1,8.0,16.0,8.0,1,0.0,0.0
John Campbell-Jones,1961,1,0,0,0.0,0,33.0,0.0,,1,0.0,0.0
John Campbell-Jones,1962,2,0,0,0.0,0,17.5,9.5,8.0,2,0.0,0.0
John Campbell-Jones,1963,2,0,0,0.0,0,16.5,11.5,10.0,2,0.0,0.0
John Cannon,1971,1,0,0,0.0,0,14.0,24.0,10.0,1,0.0,0.0
John Cordts,1969,1,0,0,0.0,0,17.0,19.0,2.0,1,0.0,0.0
John Fitch,1953,1,0,0,0.0,0,28.0,26.0,-2.0,1,0.0,0.0
John Fitch,1955,1,0,0,0.0,1,9.0,20.0,11.0,1,0.0,0.0
John James,1951,1,0,0,0.0,0,20.0,17.0,-3.0,1,0.0,0.0
John Love,1962,1,0,0,0.0,1,8.0,12.0,4.0,1,0.0,0.0
John Love,1963,1,0,0,0.0,1,9.0,13.0,4.0,1,0.0,0.0
John Love,1964,1,0,0,0.0,0,23.0,0.0,,1,0.0,0.0
John Love,1965,1,0,0,0.0,0,19.0,18.0,-1.0,1,0.0,0.0
John Love,1967,1,0,1,6.0,1,2.0,5.0,3.0,0,0.0,100.0
John Love,1968,1,0,0,0.0,1,9.0,17.0,8.0,1,0.0,0.0
John Love,1969,1,0,0,0.0,0,16.0,10.0,-6.0,1,0.0,0.0
John Love,1970,1,0,0,0.0,1,8.0,22.0,14.0,1,0.0,0.0
John Love,1971,1,0,0,0.0,0,21.0,21.0,0.0,1,0.0,0.0
John Love,1972,1,0,0,0.0,0,16.0,26.0,10.0,1,0.0,0.0
John Miles,1969,5,0,0,0.0,1,13.0,12.4,-0.6,5,0.0,0.0
John Miles,1970,10,0,0,2.0,3,15.0,8.0,-1.2857142857142858,9,0.0,0.0
John Nicholson,1974,1,0,0,0.0,0,31.0,0.0,,1,0.0,0.0
John Nicholson,1975,1,0,0,0.0,0,17.0,26.0,9.0,1,0.0,0.0
John Rhodes,1965,1,0,0,0.0,0,16.0,21.0,5.0,1,0.0,0.0
John Riseley-Prichard,1954,1,0,0,0.0,0,22.0,21.0,-1.0,1,0.0,0.0
John Surtees,1960,4,0,1,6.0,2,12.5,8.25,-4.25,3,0.0,25.0
John Surtees,1961,8,0,0,4.0,3,15.25,10.0,-5.25,5,0.0,0.0
John Surtees,1962,9,0,2,19.0,5,9.444444444444445,7.444444444444445,-2.0,7,0.0,22.22
John Surtees,1963,10,1,3,22.0,6,9.9,3.9,-6.0,7,10.0,30.0
John Surtees,1964,10,2,6,40.0,6,7.6,3.1,-4.5,4,20.0,60.0
John Surtees,1965,8,0,3,17.0,6,8.125,4.0,-4.125,5,0.0,37.5
John Surtees,1966,9,2,4,28.0,4,8.444444444444445,3.5555555555555554,-4.888888888888889,6,22.22,44.44
John Surtees,1967,9,1,2,20.0,7,7.0,7.222222222222222,0.2222222222222222,7,11.11,22.22
John Surtees,1968,12,0,2,12.0,6,10.416666666666666,6.333333333333333,-4.083333333333333,11,0.0,16.67
John Surtees,1969,10,0,1,6.0,3,11.1,10.7,-0.4,10,0.0,10.0
John Surtees,1970,11,0,0,3.0,5,12.727272727272727,11.818181818181818,-0.9090909090909091,11,0.0,0.0
John Surtees,1971,11,0,0,3.0,5,11.636363636363637,13.090909090909092,1.4545454545454546,9,0.0,0.0
John Surtees,1972,1,0,0,0.0,0,18.0,22.0,4.0,1,0.0,0.0
John Taylor,1964,1,0,0,0.0,0,14.0,20.0,6.0,1,0.0,0.0
John Taylor,1966,4,0,0,1.0,3,10.0,18.25,8.25,4,0.0,0.0
John Watson,1973,2,0,0,0.0,0,19.5,23.5,4.0,2,0.0,0.0
John Watson,1974,15,0,0,6.0,5,12.266666666666667,14.0,1.7333333333333334,12,0.0,0.0
John Watson,1975,13,0,0,0.0,5,14.692307692307692,12.923076923076923,-1.7692307692307692,12,0.0,0.0
John Watson,1976,16,1,3,20.0,9,11.0,11.25,0.25,11,6.25,18.75
John Watson,1977,17,0,1,9.0,5,14.764705882352942,5.588235294117647,-9.176470588235293,14,0.0,5.88
John Watson,1978,16,0,3,25.0,10,10.5625,6.9375,-3.625,8,0.0,18.75
John Watson,1979,15,0,1,15.0,9,9.866666666666667,14.266666666666667,4.4,11,0.0,6.67
John Watson,1980,14,0,0,6.0,4,13.142857142857142,14.785714285714286,3.3846153846153846,13,0.0,0.0
John Watson,1981,15,1,4,27.0,11,8.333333333333334,8.866666666666667,0.5333333333333333,8,6.67,26.67
John Watson,1982,15,2,5,39.0,10,8.333333333333334,11.333333333333334,3.0,8,13.33,33.33
John Watson,1983,15,1,3,22.0,8,13.0,17.066666666666666,6.0,12,6.67,20.0
John Watson,1985,1,0,0,0.0,1,7.0,21.0,14.0,1,0.0,0.0
Johnnie Parsons,1950,1,1,1,9.0,1,1.0,5.0,4.0,0,100.0,100.0
Johnnie Parsons,1951,1,0,0,0.0,0,21.0,8.0,-13.0,1,0.0,0.0
Johnnie Parsons,1952,1,0,0,0.0,1,10.0,31.0,21.0,0,0.0,0.0
Johnnie Parsons,1953,1,0,0,0.0,0,26.0,8.0,-18.0,1,0.0,0.0
Johnnie Parsons,1954,2,0,0,0.0,0,21.5,21.0,-0.5,1,0.0,0.0
Johnnie Parsons,1955,1,0,0,0.0,0,21.0,27.0,6.0,1,0.0,0.0
Johnnie Parsons,1956,1,0,0,3.0,1,4.0,6.0,2.0,0,0.0,0.0
Johnnie Parsons,1957,1,0,0,0.0,0,16.0,17.0,1.0,1,0.0,0.0
Johnnie Parsons,1958,1,0,0,0.0,0,12.0,6.0,-6.0,0,0.0,0.0
Johnnie Tolan,1956,1,0,0,0.0,0,21.0,31.0,10.0,1,0.0,0.0
Johnnie Tolan,1957,1,0,0,0.0,0,20.0,31.0,11.0,1,0.0,0.0
Johnnie Tolan,1958,1,0,0,0.0,0,13.0,30.0,17.0,0,0.0,0.0
Johnny Boyd,1955,1,0,0,0.0,0,29.0,26.0,-3.0,1,0.0,0.0
Johnny Boyd,1956,1,0,0,0.0,0,30.0,12.0,-18.0,1,0.0,0.0
Johnny Boyd,1957,1,0,0,0.0,1,6.0,5.0,-1.0,0,0.0,0.0
Johnny Boyd,1958,1,0,1,4.0,1,3.0,8.0,5.0,0,0.0,100.0
Johnny Boyd,1959,1,0,0,0.0,1,6.0,11.0,5.0,0,0.0,0.0
Johnny Boyd,1960,1,0,0,0.0,0,27.0,13.0,-14.0,1,0.0,0.0
Johnny Cecotto,1983,13,0,0,1.0,2,17.76923076923077,15.23076923076923,8.555555555555555,13,0.0,0.0
Johnny Cecotto,1984,10,0,0,0.0,1,19.2,15.9,-0.5555555555555556,10,0.0,0.0
Johnny Claes,1950,6,0,0,0.0,3,10.5,17.333333333333332,6.833333333333333,6,0.0,0.0
Johnny Claes,1951,7,0,0,0.0,1,12.285714285714286,15.571428571428571,3.2857142857142856,7,0.0,0.0
Johnny Claes,1952,5,0,0,0.0,2,17.0,18.8,11.0,5,0.0,0.0
Johnny Claes,1953,5,0,0,0.0,0,17.4,20.6,3.2,5,0.0,0.0
Johnny Claes,1955,2,0,0,0.0,0,12.5,8.0,5.0,2,0.0,0.0
Johnny Dumfries,1986,16,0,0,3.0,7,14.375,12.5625,-0.4666666666666667,16,0.0,0.0
Johnny Herbert,1989,8,0,0,5.0,2,16.375,14.5,6.833333333333333,7,0.0,0.0
Johnny Herbert,1990,2,0,0,0.0,0,14.5,15.0,0.5,2,0.0,0.0
Johnny Herbert,1991,8,0,0,0.0,3,15.375,20.0,9.571428571428571,6,0.0,0.0
Johnny Herbert,1992,16,0,0,2.0,3,17.75,13.0625,-4.6875,16,0.0,0.0
Johnny Herbert,1993,16,0,0,11.0,7,13.0,14.0625,1.0625,14,0.0,0.0
Johnny Herbert,1994,16,0,0,0.0,6,13.6875,16.3125,2.625,16,0.0,0.0
Johnny Herbert,1995,17,2,4,45.0,14,7.411764705882353,7.352941176470588,-0.058823529411764705,11,11.76,23.53
Johnny Herbert,1996,16,0,1,4.0,9,11.6875,12.9375,1.25,13,0.0,6.25
Johnny Herbert,1997,17,0,1,15.0,11,10.0,10.882352941176471,0.8823529411764706,7,0.0,5.88
Johnny Herbert,1998,16,0,0,1.0,7,13.4375,11.75,-1.6875,16,0.0,0.0
Johnny Herbert,1999,16,1,1,15.0,5,12.75,11.0625,-1.6875,12,6.25,6.25
Johnny Herbert,2000,17,0,0,0.0,5,13.705882352941176,14.117647058823529,0.4117647058823529,16,0.0,0.0
Johnny Mantz,1953,1,0,0,0.0,0,17.0,14.0,-3.0,1,0.0,0.0
Johnny McDowell,1950,1,0,0,0.0,0,18.0,33.0,15.0,1,0.0,0.0
Johnny McDowell,1951,1,0,0,0.0,0,32.0,26.0,-6.0,1,0.0,0.0
Johnny McDowell,1952,1,0,0,0.0,0,21.0,33.0,12.0,1,0.0,0.0
Johnny Servoz-Gavin,1967,1,0,0,0.0,0,15.0,11.0,-4.0,1,0.0,0.0
Johnny Servoz-Gavin,1968,5,0,1,6.0,2,10.4,11.8,1.4,4,0.0,20.0
Johnny Servoz-Gavin,1969,3,0,0,1.0,3,7.0,14.666666666666666,7.666666666666667,3,0.0,0.0
Johnny Servoz-Gavin,1970,3,0,0,2.0,1,14.333333333333334,10.333333333333334,4.5,3,0.0,0.0
Johnny Thomson,1953,2,0,0,0.0,0,25.5,25.5,0.0,2,0.0,0.0
Johnny Thomson,1954,1,0,0,0.0,0,24.0,4.0,-20.0,1,0.0,0.0
Johnny Thomson,1955,1,0,0,3.0,1,4.0,33.0,29.0,0,0.0,0.0
Johnny Thomson,1956,1,0,0,0.0,0,32.0,18.0,-14.0,1,0.0,0.0
Johnny Thomson,1957,1,0,0,0.0,0,12.0,11.0,-1.0,1,0.0,0.0
Johnny Thomson,1958,1,0,0,0.0,0,23.0,22.0,-1.0,1,0.0,0.0
Johnny Thomson,1959,1,0,1,5.0,1,3.0,1.0,-2.0,0,0.0,100.0
Johnny Thomson,1960,1,0,0,2.0,1,5.0,17.0,12.0,0,0.0,0.0
Joie Chitwood,1950,1,0,0,1.0,1,5.0,9.0,4.0,1,0.0,0.0
Jolyon Palmer,2016,21,0,0,1.0,1,16.0,17.238095238095237,1.2380952380952381,18,0.0,0.0
Jolyon Palmer,2017,16,0,0,8.0,1,14.3125,15.125,0.8125,13,0.0,0.0
Jonathan Palmer,1983,1,0,0,0.0,0,13.0,25.0,12.0,1,0.0,0.0
Jonathan Palmer,1984,15,0,0,0.0,5,16.2,22.333333333333332,8.357142857142858,15,0.0,0.0
Jonathan Palmer,1985,8,0,0,0.0,0,21.75,22.125,0.375,8,0.0,0.0
Jonathan Palmer,1986,16,0,0,0.0,5,14.3125,20.25,5.9375,16,0.0,0.0
Jonathan Palmer,1987,16,0,0,7.0,10,10.6875,20.3125,9.625,16,0.0,0.0
Jonathan Palmer,1988,16,0,0,5.0,3,16.625,17.125,4.5,16,0.0,0.0
Jonathan Palmer,1989,16,0,0,2.0,7,14.1875,17.0,4.8,16,0.0,0.0
Jonathan Williams,1967,1,0,0,0.0,1,8.0,16.0,8.0,1,0.0,0.0
Jorge Daponte,1954,2,0,0,0.0,0,13.0,18.5,5.5,2,0.0,0.0
Jos Verstappen,1994,10,0,2,10.0,4,13.7,10.6,-3.1,7,0.0,20.0
Jos Verstappen,1995,5,0,0,0.0,0,19.8,18.8,-1.0,5,0.0,0.0
Jos Verstappen,1996,16,0,0,1.0,4,15.0625,14.0625,-1.0,15,0.0,0.0
Jos Verstappen,1997,17,0,0,0.0,3,13.882352941176471,19.705882352941178,5.823529411764706,17,0.0,0.0
Jos Verstappen,1998,9,0,0,0.0,0,14.666666666666666,16.555555555555557,1.8888888888888888,9,0.0,0.0
Jos Verstappen,2000,17,0,0,5.0,4,14.470588235294118,13.941176470588236,-0.5294117647058824,15,0.0,0.0
Jos Verstappen,2001,17,0,0,1.0,8,12.352941176470589,18.0,5.647058823529412,16,0.0,0.0
Jos Verstappen,2003,16,0,0,0.0,2,13.9375,18.4375,4.5,16,0.0,0.0
Josef Peters,1952,1,0,0,0.0,0,28.0,20.0,-8.0,1,0.0,0.0
José Dolhem,1974,3,0,0,0.0,0,25.0,8.666666666666666,5.0,3,0.0,0.0
José Froilán González,1950,2,0,0,0.0,1,14.0,5.5,-8.5,2,0.0,0.0
José Froilán González,1951,6,1,5,27.0,5,5.0,4.833333333333333,-0.16666666666666666,1,16.67,83.33
José Froilán González,1952,1,0,1,6.5,1,2.0,5.0,3.0,0,0.0,100.0
José Froilán González,1953,6,0,3,14.5,4,7.5,5.5,-2.0,5,0.0,50.0
José Froilán González,1954,9,1,5,26.64,6,6.666666666666667,4.333333333333333,-2.3333333333333335,5,11.11,55.56
José Froilán González,1955,1,0,1,2.0,1,2.0,1.0,-1.0,0,0.0,100.0
José Froilán González,1956,2,0,0,0.0,0,20.0,5.5,-14.5,2,0.0,0.0
José Froilán González,1957,1,0,0,1.0,1,5.0,10.0,5.0,1,0.0,0.0
José Froilán González,1960,1,0,0,0.0,1,10.0,11.0,1.0,1,0.0,0.0
Juan Fangio,1950,7,3,3,27.0,3,7.857142857142857,2.2857142857142856,-5.571428571428571,4,42.86,42.86
Juan Fangio,1951,8,3,5,37.0,7,4.625,2.25,-2.375,3,37.5,62.5
Juan Fangio,1953,10,1,4,29.5,5,7.8,3.8,-4.0,6,10.0,40.0
Juan Fangio,1954,8,6,7,57.14,8,1.625,1.5,-0.125,2,75.0,87.5
Juan Fangio,1955,6,4,5,41.0,5,3.5,1.6666666666666667,-1.8333333333333333,1,66.67,83.33
Juan Fangio,1956,10,3,5,34.5,9,4.5,2.7,-1.8,4,30.0,50.0
Juan Fangio,1957,7,4,6,46.0,6,3.0,2.0,-1.0,1,57.14,85.71
Juan Fangio,1958,2,0,0,7.0,2,4.0,4.5,0.5,0,0.0,0.0
Juan Jover,1951,1,0,0,0.0,0,20.0,18.0,-2.0,1,0.0,0.0
Juan Manuel Bordeu,1961,1,0,0,0.0,0,28.0,0.0,,1,0.0,0.0
Juan Pablo Montoya,2001,17,1,4,31.0,6,11.823529411764707,5.411764705882353,-6.411764705882353,12,5.88,23.53
Juan Pablo Montoya,2002,17,0,7,50.0,12,6.823529411764706,2.9411764705882355,-3.8823529411764706,5,0.0,41.18
Juan Pablo Montoya,2003,16,2,9,82.0,12,6.1875,4.1875,-2.0,5,12.5,56.25
Juan Pablo Montoya,2004,18,1,3,58.0,13,7.277777777777778,5.611111111111111,-1.6666666666666667,7,5.56,16.67
Juan Pablo Montoya,2005,17,3,5,60.0,10,9.235294117647058,7.529411764705882,-1.7058823529411764,8,17.65,29.41
Juan Pablo Montoya,2006,10,0,2,26.0,5,10.6,7.2,-3.4,5,0.0,20.0
Jud Larson,1958,1,0,0,0.0,1,8.0,19.0,11.0,0,0.0,0.0
Jud Larson,1959,1,0,0,0.0,0,29.0,19.0,-10.0,1,0.0,0.0
Jules Bianchi,2013,19,0,0,0.0,0,17.63157894736842,19.63157894736842,2.0,17,0.0,0.0
Jules Bianchi,2014,15,0,0,2.0,1,16.466666666666665,17.8,1.3333333333333333,14,0.0,0.0
Julian Bailey,1988,16,0,0,0.0,1,24.0,8.875,7.5,16,0.0,0.0
Julian Bailey,1991,4,0,0,1.0,1,23.25,6.5,20.0,4,0.0,0.0
Justin Wilson,2003,16,0,0,1.0,1,14.5625,17.1875,2.625,16,0.0,0.0
Jyrki Järvilehto,1989,4,0,0,0.0,1,24.75,8.5,1.5,4,0.0,0.0
Jyrki Järvilehto,1990,10,0,0,0.0,0,21.9,12.4,10.2,10,0.0,0.0
Jyrki Järvilehto,1991,16,0,1,4.0,2,15.9375,16.125,0.1875,15,0.0,6.25
Jyrki Järvilehto,1992,16,0,0,0.0,8,12.0,16.875,7.066666666666666,15,0.0,0.0
Jyrki Järvilehto,1993,16,0,0,5.0,7,14.0,11.9375,-2.0625,16,0.0,0.0
Jyrki Järvilehto,1994,8,0,0,1.0,4,14.0,14.0,0.0,8,0.0,0.0
Jérôme d'Ambrosio,2011,19,0,0,0.0,0,18.63157894736842,21.894736842105264,3.263157894736842,19,0.0,0.0
Jérôme d'Ambrosio,2012,1,0,0,0.0,0,13.0,15.0,2.0,0,0.0,0.0
Kamui Kobayashi,2009,2,0,0,3.0,2,8.0,11.5,3.5,0,0.0,0.0
Kamui Kobayashi,2010,19,0,0,32.0,8,14.68421052631579,13.947368421052632,-0.7368421052631579,12,0.0,0.0
Kamui Kobayashi,2011,19,0,0,30.0,9,12.789473684210526,13.842105263157896,1.0526315789473684,12,0.0,0.0
Kamui Kobayashi,2012,20,0,1,60.0,9,12.25,11.6,-0.65,6,0.0,5.0
Kamui Kobayashi,2014,16,0,0,0.0,0,17.5,18.75,1.25,15,0.0,0.0
Karl Kling,1954,6,0,1,12.0,5,6.833333333333333,8.666666666666666,1.8333333333333333,4,0.0,16.67
Karl Kling,1955,6,0,1,5.0,3,10.166666666666666,5.333333333333333,-4.833333333333333,5,0.0,16.67
Karl Wendlinger,1991,2,0,0,0.0,0,22.5,24.0,1.5,2,0.0,0.0
Karl Wendlinger,1992,14,0,0,3.0,3,16.0,15.428571428571429,-0.5714285714285714,14,0.0,0.0
Karl Wendlinger,1993,16,0,0,7.0,5,13.4375,11.125,-2.3125,16,0.0,0.0
Karl Wendlinger,1994,4,0,0,4.0,2,12.25,9.0,4.333333333333333,3,0.0,0.0
Karl Wendlinger,1995,6,0,0,0.0,1,16.833333333333332,19.0,2.1666666666666665,6,0.0,0.0
Karun Chandhok,2010,10,0,0,0.0,0,18.0,23.3,5.3,10,0.0,0.0
Karun Chandhok,2011,1,0,0,0.0,0,20.0,20.0,0.0,1,0.0,0.0
Kazuki Nakajima,2007,1,0,0,0.0,1,10.0,19.0,9.0,1,0.0,0.0
Kazuki Nakajima,2008,18,0,0,9.0,5,12.666666666666666,15.055555555555555,2.388888888888889,12,0.0,0.0
Kazuki Nakajima,2009,17,0,0,0.0,3,13.705882352941176,12.176470588235293,-1.5294117647058822,8,0.0,0.0
Kazuyoshi Hoshino,1976,1,0,0,0.0,0,19.0,21.0,2.0,1,0.0,0.0
Kazuyoshi Hoshino,1977,1,0,0,0.0,0,11.0,11.0,0.0,1,0.0,0.0
Keith Andrews,1955,1,0,0,0.0,0,20.0,28.0,8.0,1,0.0,0.0
Keith Andrews,1956,1,0,0,0.0,0,26.0,20.0,-6.0,1,0.0,0.0
Keith Greene,1959,1,0,0,0.0,0,25.0,0.0,,1,0.0,0.0
Keith Greene,1960,1,0,0,0.0,0,24.0,22.0,-2.0,1,0.0,0.0
Keith Greene,1961,1,0,0,0.0,0,15.0,26.0,11.0,1,0.0,0.0
Keith Greene,1962,4,0,0,0.0,0,22.5,4.75,-1.0,4,0.0,0.0
Keke Rosberg,1978,14,0,0,0.0,1,20.142857142857142,14.214285714285714,6.111111111111111,14,0.0,0.0
Keke Rosberg,1979,8,0,0,0.0,1,16.5,13.625,0.5714285714285714,8,0.0,0.0
Keke Rosberg,1980,14,0,1,6.0,6,14.785714285714286,11.928571428571429,3.4545454545454546,13,0.0,7.14
Keke Rosberg,1981,14,0,0,0.0,2,19.357142857142858,9.142857142857142,-1.7777777777777777,14,0.0,0.0
Keke Rosberg,1982,15,1,6,44.0,11,6.0,6.066666666666666,0.06666666666666667,6,6.67,40.0
Keke Rosberg,1983,15,1,2,27.0,9,9.266666666666667,11.133333333333333,1.8666666666666667,11,6.67,13.33
Keke Rosberg,1984,16,1,2,20.5,7,14.0625,8.0625,-6.0,13,6.25,12.5
Keke Rosberg,1985,16,2,5,40.0,8,10.5625,3.8125,-6.75,9,12.5,31.25
Keke Rosberg,1986,16,0,1,22.0,8,12.1875,6.5,-5.6875,12,0.0,6.25
Ken Downing,1952,2,0,0,0.0,1,11.0,9.0,-2.0,2,0.0,0.0
Ken Kavanagh,1958,1,0,0,0.0,0,18.0,0.0,,1,0.0,0.0
Ken Miles,1961,1,0,0,0.0,0,20.0,0.0,,1,0.0,0.0
Ken Richardson,1951,1,0,0,0.0,0,22.0,10.0,-12.0,1,0.0,0.0
Ken Wharton,1952,4,0,0,3.0,3,10.5,10.5,0.0,4,0.0,0.0
Ken Wharton,1953,5,0,0,0.0,2,14.8,14.2,-0.6,5,0.0,0.0
Ken Wharton,1954,5,0,0,0.0,3,11.4,13.8,2.4,5,0.0,0.0
Ken Wharton,1955,2,0,0,0.0,1,14.5,16.0,1.5,2,0.0,0.0
Kenneth McAlpine,1952,2,0,0,0.0,0,19.0,9.5,-9.5,2,0.0,0.0
Kenneth McAlpine,1953,4,0,0,0.0,0,18.25,15.25,-3.0,4,0.0,0.0
Kenneth McAlpine,1955,1,0,0,0.0,0,13.0,17.0,4.0,1,0.0,0.0
Kenny Acheson,1983,7,0,0,0.0,0,26.0,3.4285714285714284,12.0,7,0.0,0.0
Kenny Acheson,1985,2,0,0,0.0,0,20.5,23.5,3.0,2,0.0,0.0
Kevin Cogan,1980,1,0,0,0.0,0,28.0,0.0,,1,0.0,0.0
Kevin Cogan,1981,1,0,0,0.0,0,25.0,0.0,,1,0.0,0.0
Kevin Magnussen,2014,19,0,1,55.0,12,9.842105263157896,8.789473684210526,-1.0526315789473684,7,0.0,5.26
Kevin Magnussen,2015,1,0,0,0.0,0,17.0,17.0,0.0,1,0.0,0.0
Kevin Magnussen,2016,21,0,0,7.0,2,15.047619047619047,17.142857142857142,2.0952380952380953,18,0.0,0.0
Kevin Magnussen,2017,20,0,0,19.0,5,12.85,14.2,1.35,16,0.0,0.0
Kevin Magnussen,2018,21,0,0,56.0,11,11.380952380952381,10.285714285714286,-1.0952380952380953,12,0.0,0.0
Kevin Magnussen,2019,21,0,0,20.0,4,13.761904761904763,10.952380952380953,-2.1,15,0.0,0.0
Kevin Magnussen,2020,17,0,0,1.0,1,15.941176470588236,15.764705882352942,0.4375,14,0.0,0.0
Kevin Magnussen,2022,22,0,0,21.0,6,14.136363636363637,12.954545454545455,-1.1818181818181819,13,0.0,0.0
Kevin Magnussen,2023,22,0,0,3.0,3,15.590909090909092,12.545454545454545,-1.0,15,0.0,0.0
Kevin Magnussen,2024,22,0,0,14.0,5,13.363636363636363,13.727272727272727,1.2380952380952381,10,0.0,0.0
Kimi Räikkönen,2001,17,0,0,9.0,10,11.823529411764707,10.411764705882353,-1.411764705882353,12,0.0,0.0
Kimi Räikkönen,2002,17,0,4,24.0,6,11.352941176470589,5.352941176470588,-6.0,11,0.0,23.53
Kimi Räikkönen,2003,16,1,10,91.0,13,5.875,6.8125,0.9375,3,6.25,62.5
Kimi Räikkönen,2004,18,1,4,45.0,9,11.0,8.222222222222221,-2.7777777777777777,12,5.56,22.22
Kimi Räikkönen,2005,19,7,12,112.0,16,5.0,5.684210526315789,0.6842105263157895,4,36.84,63.16
Kimi Räikkönen,2006,18,0,6,65.0,12,8.88888888888889,5.833333333333333,-3.0555555555555554,6,0.0,33.33
Kimi Räikkönen,2007,17,6,12,110.0,15,4.235294117647059,3.5294117647058822,-0.7058823529411765,3,35.29,70.59
Kimi Räikkönen,2008,18,2,9,75.0,14,7.0,4.388888888888889,-2.611111111111111,6,11.11,50.0
Kimi Räikkönen,2009,17,1,5,48.0,12,8.235294117647058,7.588235294117647,-0.6470588235294118,4,5.88,29.41
Kimi Räikkönen,2012,20,1,7,207.0,19,5.45,7.45,2.0,1,5.0,35.0
Kimi Räikkönen,2013,17,1,8,183.0,14,6.647058823529412,8.352941176470589,1.7058823529411764,3,5.88,47.06
Kimi Räikkönen,2014,19,0,0,55.0,13,9.842105263157896,9.368421052631579,-0.47368421052631576,7,0.0,0.0
Kimi Räikkönen,2015,19,0,3,150.0,14,7.947368421052632,7.473684210526316,-0.47368421052631576,6,0.0,15.79
Kimi Räikkönen,2016,21,0,4,186.0,17,7.523809523809524,5.333333333333333,-2.1904761904761907,4,0.0,19.05
Kimi Räikkönen,2017,20,0,7,205.0,16,6.8,3.75,-2.1578947368421053,4,0.0,35.0
Kimi Räikkönen,2018,21,1,12,251.0,17,6.0,3.761904761904762,-2.238095238095238,4,4.76,57.14
Kimi Räikkönen,2019,21,0,0,43.0,9,11.619047619047619,10.523809523809524,0.10526315789473684,15,0.0,0.0
Kimi Räikkönen,2020,17,0,0,4.0,2,13.058823529411764,16.352941176470587,3.2941176470588234,11,0.0,0.0
Kimi Räikkönen,2021,20,0,0,10.0,4,13.2,13.4,1.8888888888888888,15,0.0,0.0
Kunimitsu Takahashi,1977,1,0,0,0.0,1,9.0,22.0,13.0,1,0.0,0.0
Kurt Adolff,1953,1,0,0,0.0,0,28.0,27.0,-1.0,1,0.0,0.0
Kurt Ahrens,1967,1,0,0,0.0,0,21.0,23.0,2.0,1,0.0,0.0
Kurt Ahrens,1968,1,0,0,0.0,0,12.0,17.0,5.0,1,0.0,0.0
Kurt Kuhnke,1962,1,0,0,0.0,0,31.0,0.0,,1,0.0,0.0
Kurt Kuhnke,1963,1,0,0,0.0,0,26.0,0.0,,1,0.0,0.0
Lamberto Leoni,1977,1,0,0,0.0,0,27.0,0.0,,1,0.0,0.0
Lamberto Leoni,1978,4,0,0,0.0,0,25.0,9.75,-3.0,4,0.0,0.0
Lance Macklin,1952,6,0,0,0.0,2,14.666666666666666,13.0,4.4,6,0.0,0.0
Lance Macklin,1953,6,0,0,0.0,0,20.0,17.0,-3.0,6,0.0,0.0
Lance Macklin,1954,1,0,0,0.0,0,17.0,15.0,-2.0,1,0.0,0.0
Lance Macklin,1955,2,0,0,0.0,1,14.5,8.0,8.0,2,0.0,0.0
Lance Reventlow,1960,4,0,0,0.0,0,21.25,4.0,-1.0,4,0.0,0.0
Lance Stroll,2017,20,0,1,40.0,7,12.4,14.15,1.75,16,0.0,5.0
Lance Stroll,2018,21,0,0,6.0,2,14.285714285714286,16.38095238095238,2.0952380952380953,17,0.0,0.0
Lance Stroll,2019,21,0,0,21.0,6,12.761904761904763,15.285714285714286,2.5238095238095237,15,0.0,0.0
Lance Stroll,2020,16,0,2,75.0,10,10.4375,8.4375,-2.0,6,0.0,12.5
Lance Stroll,2021,22,0,0,34.0,9,11.954545454545455,13.090909090909092,1.1363636363636365,12,0.0,0.0
Lance Stroll,2022,22,0,0,18.0,8,12.045454545454545,14.227272727272727,2.761904761904762,9,0.0,0.0
Lance Stroll,2023,22,0,0,68.0,12,11.181818181818182,10.090909090909092,1.0526315789473684,6,0.0,0.0
Lance Stroll,2024,24,0,0,24.0,6,13.375,12.666666666666666,-0.7083333333333334,14,0.0,0.0
Lando Norris,2019,21,0,0,49.0,11,11.333333333333334,9.333333333333334,-2.0,13,0.0,0.0
Lando Norris,2020,17,0,1,97.0,13,8.294117647058824,8.764705882352942,0.47058823529411764,5,0.0,5.88
Lando Norris,2021,22,0,4,160.0,20,7.0,6.863636363636363,-0.13636363636363635,7,0.0,18.18
Lando Norris,2022,22,0,1,116.0,17,8.772727272727273,8.045454545454545,-0.7272727272727273,4,0.0,4.55
Lando Norris,2023,22,0,7,184.0,16,8.0,7.954545454545454,-0.045454545454545456,4,0.0,31.82
Lando Norris,2024,24,4,13,344.0,23,4.291666666666667,3.375,-0.9166666666666666,1,16.67,54.17
Larry Crockett,1954,1,0,0,0.0,1,9.0,25.0,16.0,0,0.0,0.0
Larry Perkins,1974,1,0,0,0.0,0,30.0,0.0,,1,0.0,0.0
Larry Perkins,1976,9,0,0,0.0,1,18.88888888888889,16.333333333333332,0.0,9,0.0,0.0
Larry Perkins,1977,5,0,0,0.0,0,20.6,13.4,6.0,5,0.0,0.0
Lee Wallard,1950,1,0,0,0.0,1,6.0,23.0,17.0,1,0.0,0.0
Lee Wallard,1951,1,1,1,9.0,1,1.0,2.0,1.0,0,100.0,100.0
Lella Lombardi,1974,1,0,0,0.0,0,29.0,0.0,,1,0.0,0.0
Lella Lombardi,1975,12,0,0,0.5,2,18.083333333333332,21.333333333333332,5.818181818181818,11,0.0,0.0
Lella Lombardi,1976,4,0,0,0.0,0,20.75,11.5,10.0,4,0.0,0.0
Len Duncan,1954,1,0,0,0.0,0,31.0,26.0,-5.0,1,0.0,0.0
Len Sutton,1958,1,0,0,0.0,0,32.0,27.0,-5.0,1,0.0,0.0
Len Sutton,1959,1,0,0,0.0,0,32.0,22.0,-10.0,1,0.0,0.0
Len Sutton,1960,1,0,0,0.0,0,30.0,5.0,-25.0,1,0.0,0.0
Leo Kinnunen,1974,6,0,0,0.0,0,29.166666666666668,4.166666666666667,3.0,6,0.0,0.0
Les Leston,1956,1,0,0,0.0,0,23.0,20.0,-3.0,1,0.0,0.0
Les Leston,1957,2,0,0,0.0,0,18.0,6.0,-3.0,2,0.0,0.0
Leslie Johnson,1950,1,0,0,0.0,0,21.0,12.0,-9.0,1,0.0,0.0
Leslie Marr,1954,1,0,0,0.0,0,13.0,22.0,9.0,1,0.0,0.0
Leslie Marr,1955,1,0,0,0.0,0,20.0,19.0,-1.0,1,0.0,0.0
Leslie Thorne,1954,1,0,0,0.0,0,14.0,23.0,9.0,1,0.0,0.0
Lewis Hamilton,2007,17,4,12,109.0,16,3.9411764705882355,2.588235294117647,-1.3529411764705883,3,23.53,70.59
Lewis Hamilton,2008,18,5,10,98.0,15,5.222222222222222,3.888888888888889,-1.3333333333333333,2,27.78,55.56
Lewis Hamilton,2009,17,2,5,49.0,9,9.705882352941176,9.176470588235293,-0.5294117647058824,8,11.76,29.41
Lewis Hamilton,2010,19,3,9,240.0,15,6.421052631578948,5.157894736842105,-1.263157894736842,4,15.79,47.37
Lewis Hamilton,2011,19,3,6,227.0,16,6.7368421052631575,3.5789473684210527,-3.1578947368421053,3,15.79,31.58
Lewis Hamilton,2012,20,4,7,190.0,14,9.6,4.3,-5.3,6,20.0,35.0
Lewis Hamilton,2013,19,1,5,189.0,17,5.947368421052632,3.473684210526316,-2.473684210526316,2,5.26,26.32
Lewis Hamilton,2014,19,11,16,384.0,16,4.105263157894737,4.2105263157894735,0.10526315789473684,3,57.89,84.21
Lewis Hamilton,2015,19,10,17,381.0,18,2.5789473684210527,1.5789473684210527,-1.0,1,52.63,89.47
Lewis Hamilton,2016,21,10,17,380.0,19,3.761904761904762,4.142857142857143,0.38095238095238093,2,47.62,80.95
Lewis Hamilton,2017,20,9,13,363.0,20,2.7,3.6,0.9,1,45.0,65.0
Lewis Hamilton,2018,21,11,17,408.0,20,2.619047619047619,2.7142857142857144,0.09523809523809523,1,52.38,80.95
Lewis Hamilton,2019,21,11,17,413.0,21,2.380952380952381,2.3333333333333335,-0.047619047619047616,0,52.38,80.95
Lewis Hamilton,2020,16,11,14,347.0,16,1.875,1.875,0.0,0,68.75,87.5
Lewis Hamilton,2021,22,8,17,385.5,20,3.409090909090909,3.090909090909091,-0.3181818181818182,1,36.36,77.27
Lewis Hamilton,2022,22,0,9,233.0,19,6.045454545454546,6.5,0.45454545454545453,3,0.0,40.91
Lewis Hamilton,2023,22,0,6,217.0,20,6.181818181818182,6.090909090909091,-0.09090909090909091,2,0.0,27.27
Lewis Hamilton,2024,24,2,5,207.0,21,6.958333333333333,8.041666666666666,1.5217391304347827,2,8.33,20.83
Liam Lawson,2023,5,0,0,2.0,1,12.2,13.8,1.6,2,0.0,0.0
Liam Lawson,2024,6,0,0,4.0,2,13.5,13.166666666666666,-0.3333333333333333,2,0.0,0.0
Lloyd Ruby,1960,1,0,0,0.0,1,7.0,12.0,5.0,0,0.0,0.0
Lloyd Ruby,1961,1,0,0,0.0,0,14.0,19.0,5.0,1,0.0,0.0
Logan Sargeant,2023,22,0,0,1.0,1,15.818181818181818,15.909090909090908,0.9047619047619048,13,0.0,0.0
Logan Sargeant,2024,14,0,0,0.0,0,17.142857142857142,17.142857142857142,0.0,11,0.0,0.0
Lorenzo Bandini,1961,4,0,0,0.0,1,14.0,19.5,5.5,4,0.0,0.0
Lorenzo Bandini,1962,3,0,1,4.0,2,11.333333333333334,15.0,3.6666666666666665,2,0.0,33.33
Lorenzo Bandini,1963,9,0,0,6.0,4,13.88888888888889,6.555555555555555,-2.7142857142857144,9,0.0,0.0
Lorenzo Bandini,1964,10,1,4,23.0,7,7.5,7.1,-0.4,7,10.0,40.0
Lorenzo Bandini,1965,10,0,1,13.0,8,8.5,7.3,-1.2,7,0.0,10.0
Lorenzo Bandini,1966,7,0,2,12.0,4,8.0,4.857142857142857,-3.142857142857143,5,0.0,28.57
Lorenzo Bandini,1967,1,0,0,0.0,1,7.0,2.0,-5.0,1,0.0,0.0
Loris Kessel,1976,5,0,0,0.0,0,21.0,14.8,8.333333333333334,5,0.0,0.0
Loris Kessel,1977,1,0,0,0.0,0,33.0,0.0,,1,0.0,0.0
Louis Chiron,1950,5,0,1,4.0,2,13.4,13.4,0.0,5,0.0,20.0
Louis Chiron,1951,7,0,0,0.0,3,13.285714285714286,13.0,-0.2857142857142857,7,0.0,0.0
Louis Chiron,1953,2,0,0,0.0,1,12.5,25.0,12.5,2,0.0,0.0
Louis Chiron,1955,1,0,0,0.0,1,6.0,19.0,13.0,1,0.0,0.0
Louis Chiron,1956,1,0,0,0.0,0,18.0,0.0,,1,0.0,0.0
Louis Chiron,1958,1,0,0,0.0,0,30.0,0.0,,1,0.0,0.0
Louis Rosier,1950,7,0,2,13.0,5,6.571428571428571,10.142857142857142,3.5714285714285716,6,0.0,28.57
Louis Rosier,1951,7,0,0,3.0,6,8.285714285714286,12.428571428571429,4.142857142857143,7,0.0,0.0
Louis Rosier,1952,4,0,0,0.0,1,16.75,15.75,-1.0,4,0.0,0.0
Louis Rosier,1953,7,0,0,0.0,5,11.285714285714286,15.428571428571429,4.142857142857143,7,0.0,0.0
Louis Rosier,1954,6,0,0,0.0,4,13.0,18.166666666666668,5.166666666666667,6,0.0,0.0
Louis Rosier,1955,3,0,0,0.0,2,12.333333333333334,14.0,1.6666666666666667,3,0.0,0.0
Louis Rosier,1956,5,0,0,2.0,4,10.0,15.6,5.6,5,0.0,0.0
Luca Badoer,1993,14,0,0,0.0,2,17.071428571428573,20.785714285714285,8.666666666666666,14,0.0,0.0
Luca Badoer,1995,17,0,0,0.0,4,14.235294117647058,17.11764705882353,2.8823529411764706,17,0.0,0.0
Luca Badoer,1996,10,0,0,0.0,3,16.4,20.8,4.4,10,0.0,0.0
Luca Badoer,1999,15,0,0,0.0,5,13.8,20.333333333333332,6.533333333333333,15,0.0,0.0
Luca Badoer,2009,2,0,0,0.0,0,15.5,20.0,4.5,1,0.0,0.0
Lucas di Grassi,2010,19,0,0,0.0,0,19.31578947368421,22.05263157894737,2.736842105263158,19,0.0,0.0
Luciano Burti,2000,1,0,0,0.0,0,11.0,21.0,10.0,1,0.0,0.0
Luciano Burti,2001,14,0,0,0.0,4,13.714285714285714,16.928571428571427,3.2142857142857144,14,0.0,0.0
Lucien Bianchi,1959,1,0,0,0.0,0,20.0,0.0,,1,0.0,0.0
Lucien Bianchi,1960,3,0,0,1.0,1,12.666666666666666,15.666666666666666,3.0,3,0.0,0.0
Lucien Bianchi,1961,4,0,0,0.0,0,19.75,18.0,4.333333333333333,4,0.0,0.0
Lucien Bianchi,1962,2,0,0,0.0,1,12.5,21.5,9.0,2,0.0,0.0
Lucien Bianchi,1963,1,0,0,0.0,0,11.0,16.0,5.0,1,0.0,0.0
Lucien Bianchi,1965,1,0,0,0.0,0,12.0,17.0,5.0,1,0.0,0.0
Lucien Bianchi,1968,7,0,1,5.0,4,11.285714285714286,17.428571428571427,6.142857142857143,7,0.0,14.29
Ludovico Scarfiotti,1963,3,0,0,1.0,1,16.0,3.6666666666666665,5.0,3,0.0,0.0
Ludovico Scarfiotti,1964,1,0,0,0.0,1,9.0,16.0,7.0,1,0.0,0.0
Ludovico Scarfiotti,1965,1,0,0,0.0,0,19.0,0.0,,1,0.0,0.0
Ludovico Scarfiotti,1966,2,1,1,9.0,1,6.5,3.0,-3.5,1,50.0,50.0
Ludovico Scarfiotti,1967,3,0,0,1.0,1,11.333333333333334,11.333333333333334,0.0,3,0.0,0.0
Ludovico Scarfiotti,1968,3,0,0,6.0,2,10.333333333333334,14.0,3.6666666666666665,3,0.0,0.0
Luigi Fagioli,1950,6,0,5,28.0,5,3.8333333333333335,3.5,-0.3333333333333333,1,0.0,83.33
Luigi Fagioli,1951,2,1,1,4.0,1,6.0,4.0,-2.0,1,50.0,50.0
Luigi Musso,1953,1,0,0,0.0,1,7.0,12.0,5.0,1,0.0,0.0
Luigi Musso,1954,3,0,1,6.0,1,11.666666666666666,9.333333333333334,-2.3333333333333335,2,0.0,33.33
Luigi Musso,1955,7,0,1,6.0,5,8.857142857142858,10.714285714285714,1.8571428571428572,6,0.0,14.29
Luigi Musso,1956,4,1,1,4.0,1,9.75,4.75,-5.0,3,25.0,25.0
Luigi Musso,1957,6,0,2,16.0,5,6.166666666666667,6.5,0.3333333333333333,3,0.0,33.33
Luigi Musso,1958,5,0,2,12.0,3,8.8,6.2,-2.6,3,0.0,40.0
Luigi Piotti,1955,1,0,0,0.0,0,23.0,0.0,,1,0.0,0.0
Luigi Piotti,1956,3,0,0,0.0,2,12.333333333333334,9.0,6.0,3,0.0,0.0
Luigi Piotti,1957,4,0,0,0.0,1,16.0,11.0,0.0,4,0.0,0.0
Luigi Piotti,1958,1,0,0,0.0,0,25.0,0.0,,1,0.0,0.0
Luigi Taramazzo,1958,1,0,0,0.0,0,29.0,0.0,,1,0.0,0.0
Luigi Villoresi,1950,3,0,0,0.0,2,10.0,4.666666666666667,-5.333333333333333,3,0.0,0.0
Luigi Villoresi,1951,7,0,3,18.0,5,6.714285714285714,4.285714285714286,-2.4285714285714284,5,0.0,42.86
Luigi Villoresi,1952,2,0,2,8.0,2,3.0,3.0,0.0,0,0.0,100.0
Luigi Villoresi,1953,9,0,3,17.0,7,7.444444444444445,4.333333333333333,-3.111111111111111,7,0.0,33.33
Luigi Villoresi,1954,5,0,0,2.0,1,16.2,12.4,-3.8,5,0.0,0.0
Luigi Villoresi,1955,4,0,0,2.0,1,14.5,9.5,-5.0,4,0.0,0.0
Luigi Villoresi,1956,5,0,0,2.0,2,11.4,13.6,2.2,5,0.0,0.0
Luis Pérez-Sala,1988,16,0,0,0.0,3,16.125,17.6875,5.642857142857143,16,0.0,0.0
Luis Pérez-Sala,1989,16,0,0,1.0,2,18.3125,15.0,4.75,16,0.0,0.0
Luiz Bueno,1973,1,0,0,0.0,0,12.0,20.0,8.0,1,0.0,0.0
Luki Botha,1967,1,0,0,0.0,1,8.0,17.0,9.0,1,0.0,0.0
Mack Hellings,1950,1,0,0,0.0,0,13.0,26.0,13.0,1,0.0,0.0
Mack Hellings,1951,1,0,0,0.0,0,31.0,23.0,-8.0,1,0.0,0.0
Manfred Winkelhock,1980,1,0,0,0.0,0,26.0,0.0,,1,0.0,0.0
Manfred Winkelhock,1982,16,0,0,2.0,3,18.0625,13.875,1.1538461538461537,16,0.0,0.0
Manfred Winkelhock,1983,15,0,0,0.0,2,17.4,11.6,-4.142857142857143,15,0.0,0.0
Manfred Winkelhock,1984,14,0,0,0.0,3,17.642857142857142,11.714285714285714,-4.3076923076923075,14,0.0,0.0
Manfred Winkelhock,1985,9,0,0,0.0,1,17.77777777777778,16.444444444444443,1.5,9,0.0,0.0
Manny Ayulo,1951,1,0,1,2.0,1,3.0,3.0,0.0,0,0.0,100.0
Manny Ayulo,1952,1,0,0,0.0,0,20.0,28.0,8.0,1,0.0,0.0
Manny Ayulo,1953,1,0,0,0.0,0,13.0,4.0,-9.0,1,0.0,0.0
Manny Ayulo,1954,1,0,0,0.0,0,13.0,22.0,9.0,1,0.0,0.0
Marc Gené,1999,16,0,0,1.0,6,13.75,20.5,6.75,14,0.0,0.0
Marc Gené,2000,17,0,0,0.0,3,14.176470588235293,20.529411764705884,6.352941176470588,17,0.0,0.0
Marc Gené,2003,1,0,0,4.0,1,5.0,5.0,0.0,0,0.0,0.0
Marc Gené,2004,2,0,0,0.0,1,11.0,9.5,-1.5,0,0.0,0.0
Marc Surer,1979,3,0,0,0.0,0,21.666666666666668,7.0,8.0,3,0.0,0.0
Marc Surer,1980,11,0,0,0.0,3,14.727272727272727,14.181818181818182,5.0,11,0.0,0.0
Marc Surer,1981,14,0,0,4.0,6,12.928571428571429,18.571428571428573,8.0,13,0.0,0.0
Marc Surer,1982,12,0,0,3.0,7,10.166666666666666,19.333333333333332,9.166666666666666,12,0.0,0.0
Marc Surer,1983,15,0,0,4.0,9,11.8,16.266666666666666,4.466666666666667,14,0.0,0.0
Marc Surer,1984,16,0,0,1.0,4,16.3125,17.9375,3.1333333333333333,16,0.0,0.0
Marc Surer,1985,12,0,0,5.0,7,10.833333333333334,10.833333333333334,0.0,11,0.0,0.0
Marc Surer,1986,5,0,0,0.0,3,11.6,19.0,7.4,5,0.0,0.0
Marcel Balsa,1952,1,0,0,0.0,0,17.0,25.0,8.0,1,0.0,0.0
Marco Apicella,1993,1,0,0,0.0,0,26.0,23.0,-3.0,1,0.0,0.0
Marcus Ericsson,2014,16,0,0,0.0,0,17.9375,20.1875,2.25,15,0.0,0.0
Marcus Ericsson,2015,19,0,0,9.0,5,13.0,14.0,1.0,14,0.0,0.0
Marcus Ericsson,2016,21,0,0,0.0,0,15.857142857142858,18.61904761904762,2.761904761904762,21,0.0,0.0
Marcus Ericsson,2017,20,0,0,0.0,0,15.35,16.85,1.5,18,0.0,0.0
Marcus Ericsson,2018,21,0,0,9.0,6,13.19047619047619,15.238095238095237,2.0476190476190474,17,0.0,0.0
Maria de Filippis,1958,4,0,0,0.0,2,13.75,13.75,7.333333333333333,4,0.0,0.0
Maria de Filippis,1959,1,0,0,0.0,0,21.0,0.0,,1,0.0,0.0
Mario Andretti,1968,1,0,0,0.0,0,18.0,1.0,-17.0,1,0.0,0.0
Mario Andretti,1969,3,0,0,0.0,0,15.0,8.666666666666666,-6.333333333333333,3,0.0,0.0
Mario Andretti,1970,5,0,1,4.0,1,15.2,12.6,-2.6,5,0.0,20.0
Mario Andretti,1971,6,1,1,12.0,2,12.333333333333334,8.666666666666666,-0.4,4,16.67,16.67
Mario Andretti,1972,5,0,0,4.0,3,10.4,7.4,-3.0,4,0.0,0.0
Mario Andretti,1974,2,0,0,0.0,1,16.5,9.5,-7.0,2,0.0,0.0
Mario Andretti,1975,12,0,0,5.0,4,14.416666666666666,12.083333333333334,-2.3333333333333335,9,0.0,0.0
Mario Andretti,1976,15,1,3,22.0,6,12.866666666666667,8.933333333333334,-3.933333333333333,9,6.67,20.0
Mario Andretti,1977,17,4,5,47.0,9,10.588235294117647,3.5294117647058822,-7.0588235294117645,10,23.53,29.41
Mario Andretti,1978,16,6,7,64.0,11,8.125,2.25,-5.875,7,37.5,43.75
Mario Andretti,1979,15,0,1,14.0,6,14.0,9.866666666666667,-4.133333333333334,11,0.0,6.67
Mario Andretti,1980,14,0,0,1.0,4,14.928571428571429,12.785714285714286,-2.142857142857143,13,0.0,0.0
Mario Andretti,1981,15,0,0,3.0,7,11.933333333333334,11.6,-0.3333333333333333,13,0.0,0.0
Mario Andretti,1982,3,0,1,4.0,1,14.0,7.333333333333333,-6.666666666666667,2,0.0,33.33
Mark Blundell,1991,16,0,0,1.0,2,17.5,15.0625,1.5,15,0.0,0.0
Mark Blundell,1993,16,0,2,10.0,8,12.9375,11.8125,-1.125,14,0.0,12.5
Mark Blundell,1994,16,0,1,8.0,6,13.375,12.5625,-0.8125,15,0.0,6.25
Mark Blundell,1995,15,0,0,13.0,9,10.333333333333334,11.333333333333334,1.0,12,0.0,0.0
Mark Donohue,1971,1,0,1,4.0,1,3.0,8.0,5.0,0,0.0,100.0
Mark Donohue,1974,2,0,0,0.0,0,16.0,19.0,3.0,2,0.0,0.0
Mark Donohue,1975,12,0,0,4.0,6,14.0,17.416666666666668,3.4166666666666665,11,0.0,0.0
Mark Webber,2002,17,0,0,2.0,3,14.117647058823529,19.58823529411765,5.470588235294118,17,0.0,0.0
Mark Webber,2003,16,0,0,17.0,8,10.9375,9.875,-1.0625,13,0.0,0.0
Mark Webber,2004,18,0,0,7.0,9,12.555555555555555,9.722222222222221,-2.8333333333333335,13,0.0,0.0
Mark Webber,2005,19,0,1,36.0,10,10.31578947368421,7.947368421052632,-2.3684210526315788,10,0.0,5.26
Mark Webber,2006,18,0,0,7.0,6,15.055555555555555,11.0,-4.055555555555555,14,0.0,0.0
Mark Webber,2007,17,0,1,10.0,8,13.647058823529411,9.058823529411764,-4.588235294117647,9,0.0,5.88
Mark Webber,2008,18,0,0,21.0,12,10.0,9.166666666666666,-0.8333333333333334,5,0.0,0.0
Mark Webber,2009,17,2,8,69.5,12,7.176470588235294,6.705882352941177,-0.47058823529411764,4,11.76,47.06
Mark Webber,2010,19,4,10,242.0,17,6.052631578947368,2.789473684210526,-3.263157894736842,2,21.05,52.63
Mark Webber,2011,19,1,10,258.0,18,4.2105263157894735,3.789473684210526,-0.42105263157894735,1,5.26,52.63
Mark Webber,2012,20,2,4,179.0,15,7.7,5.85,-1.85,4,10.0,20.0
Mark Webber,2013,19,0,8,199.0,15,7.0,5.421052631578948,-1.5789473684210527,4,0.0,42.11
Markus Winkelhock,2007,1,0,0,0.0,0,17.0,22.0,5.0,1,0.0,0.0
Marshall Teague,1953,1,0,0,0.0,0,18.0,22.0,4.0,1,0.0,0.0
Marshall Teague,1954,2,0,0,0.0,0,19.0,12.5,-6.5,2,0.0,0.0
Marshall Teague,1957,1,0,0,0.0,1,7.0,28.0,21.0,0,0.0,0.0
Martin Brundle,1984,9,0,0,0.0,2,14.0,15.777777777777779,9.142857142857142,9,0.0,0.0
Martin Brundle,1985,16,0,0,0.0,8,12.25,19.0625,9.066666666666666,16,0.0,0.0
Martin Brundle,1986,16,0,0,8.0,9,11.6875,15.25,3.5625,16,0.0,0.0
Martin Brundle,1987,16,0,0,2.0,3,15.5625,16.9375,1.375,16,0.0,0.0
Martin Brundle,1988,1,0,0,0.0,1,7.0,12.0,5.0,1,0.0,0.0
Martin Brundle,1989,16,0,0,4.0,6,14.5625,11.625,1.1428571428571428,16,0.0,0.0
Martin Brundle,1991,16,0,0,2.0,3,15.875,15.0,3.142857142857143,16,0.0,0.0
Martin Brundle,1992,16,0,5,38.0,11,8.75,7.375,-1.375,6,0.0,31.25
Martin Brundle,1993,16,0,1,13.0,11,10.75,11.4375,0.6875,15,0.0,6.25
Martin Brundle,1994,16,0,2,16.0,6,13.125,10.8125,-2.3125,12,0.0,12.5
Martin Brundle,1995,11,0,1,7.0,6,11.545454545454545,10.636363636363637,-0.9090909090909091,9,0.0,9.09
Martin Brundle,1996,16,0,0,8.0,8,10.625,11.125,0.5,13,0.0,0.0
Martin Donnelly,1989,1,0,0,0.0,0,12.0,14.0,2.0,1,0.0,0.0
Martin Donnelly,1990,14,0,0,0.0,3,16.928571428571427,14.0,-1.1538461538461537,13,0.0,0.0
Masahiro Hasemi,1976,1,0,0,0.0,0,11.0,10.0,-1.0,1,0.0,0.0
Massimiliano Papis,1995,7,0,0,0.0,1,17.285714285714285,17.714285714285715,0.42857142857142855,7,0.0,0.0
Massimo Natili,1961,2,0,0,0.0,0,32.5,14.0,-2.0,2,0.0,0.0
Masten Gregory,1957,4,0,1,10.0,4,4.75,9.5,4.75,3,0.0,25.0
Masten Gregory,1958,4,0,0,0.0,2,11.25,10.25,-1.0,4,0.0,0.0
Masten Gregory,1959,6,0,2,10.0,4,8.833333333333334,6.333333333333333,-2.5,5,0.0,33.33
Masten Gregory,1960,6,0,0,0.0,1,14.5,9.666666666666666,2.5,6,0.0,0.0
Masten Gregory,1961,9,0,0,0.0,1,16.0,9.666666666666666,1.0,9,0.0,0.0
Masten Gregory,1962,7,0,0,1.0,2,12.571428571428571,8.285714285714286,-1.8333333333333333,7,0.0,0.0
Masten Gregory,1963,6,0,0,0.0,0,18.166666666666668,12.5,-1.0,6,0.0,0.0
Masten Gregory,1965,4,0,0,0.0,1,14.0,20.25,6.25,4,0.0,0.0
Mauri Rose,1950,1,0,1,4.0,1,3.0,3.0,0.0,1,0.0,100.0
Mauri Rose,1951,1,0,0,0.0,0,14.0,5.0,-9.0,1,0.0,0.0
Maurice Trintignant,1950,2,0,0,0.0,0,18.5,12.5,-6.0,2,0.0,0.0
Maurice Trintignant,1951,4,0,0,0.0,0,14.0,13.75,-0.25,4,0.0,0.0
Maurice Trintignant,1952,5,0,0,2.0,2,16.2,7.8,-8.4,5,0.0,0.0
Maurice Trintignant,1953,8,0,0,4.0,4,13.75,9.375,-4.375,8,0.0,0.0
Maurice Trintignant,1954,8,0,2,17.0,7,6.25,7.25,1.0,6,0.0,25.0
Maurice Trintignant,1955,8,1,3,11.33,6,6.625,9.375,2.75,6,12.5,37.5
Maurice Trintignant,1956,5,0,0,0.0,1,14.2,11.6,-2.6,5,0.0,0.0
Maurice Trintignant,1957,3,0,0,5.0,2,7.0,7.666666666666667,0.6666666666666666,3,0.0,0.0
Maurice Trintignant,1958,9,1,2,12.0,6,10.11111111111111,9.555555555555555,-0.5555555555555556,7,11.11,22.22
Maurice Trintignant,1959,8,0,2,19.0,7,5.75,7.875,2.125,7,0.0,25.0
Maurice Trintignant,1960,6,0,1,0.0,1,13.0,16.5,3.5,5,0.0,16.67
Maurice Trintignant,1961,5,0,0,0.0,2,12.4,20.4,8.0,5,0.0,0.0
Maurice Trintignant,1962,8,0,0,0.0,2,16.5,10.625,-0.3333333333333333,8,0.0,0.0
Maurice Trintignant,1963,3,0,0,0.0,2,9.666666666666666,16.333333333333332,6.666666666666667,3,0.0,0.0
Maurice Trintignant,1964,5,0,0,2.0,1,13.8,17.8,4.0,5,0.0,0.0
Mauro Baldi,1982,15,0,0,2.0,5,16.933333333333334,16.4,9.0,15,0.0,0.0
Mauro Baldi,1983,15,0,0,3.0,5,16.0,13.733333333333333,-2.2666666666666666,14,0.0,0.0
Mauro Baldi,1984,8,0,0,0.0,3,14.5,20.625,10.714285714285714,8,0.0,0.0
Mauro Baldi,1985,3,0,0,0.0,0,21.0,26.333333333333332,5.333333333333333,3,0.0,0.0
Maurício Gugelmin,1988,16,0,0,5.0,7,13.0,12.9375,-0.0625,13,0.0,0.0
Maurício Gugelmin,1989,16,0,1,4.0,5,15.0,15.125,2.0,15,0.0,6.25
Maurício Gugelmin,1990,16,0,0,1.0,3,19.3125,10.9375,-1.5,15,0.0,0.0
Maurício Gugelmin,1991,16,0,0,0.0,4,15.125,14.625,-0.5,16,0.0,0.0
Maurício Gugelmin,1992,16,0,0,0.0,2,17.875,20.5625,2.6875,16,0.0,0.0
Max Chilton,2013,19,0,0,0.0,0,18.157894736842106,20.57894736842105,2.4210526315789473,16,0.0,0.0
Max Chilton,2014,16,0,0,0.0,0,17.125,19.5,2.375,15,0.0,0.0
Max Jean,1971,1,0,0,0.0,0,14.0,22.0,8.0,1,0.0,0.0
Max Verstappen,2015,19,0,0,49.0,10,11.157894736842104,11.368421052631579,0.21052631578947367,11,0.0,0.0
Max Verstappen,2016,21,1,7,204.0,17,6.904761904761905,5.0476190476190474,-1.05,3,4.76,33.33
Max Verstappen,2017,20,2,4,168.0,13,9.3,6.1,-3.2,8,10.0,20.0
Max Verstappen,2018,21,2,11,249.0,17,6.095238095238095,7.0476190476190474,0.9523809523809523,4,9.52,52.38
Max Verstappen,2019,21,3,9,278.0,19,5.0,4.714285714285714,-0.2857142857142857,2,14.29,42.86
Max Verstappen,2020,17,2,11,214.0,12,7.117647058823529,3.0588235294117645,-4.0588235294117645,5,11.76,64.71
Max Verstappen,2021,22,10,18,388.5,19,4.136363636363637,2.8636363636363638,-1.2727272727272727,3,45.45,81.82
Max Verstappen,2022,22,15,17,433.0,20,3.5,3.409090909090909,-0.09090909090909091,2,68.18,77.27
Max Verstappen,2023,22,19,21,530.0,22,1.2727272727272727,3.1818181818181817,1.9090909090909092,0,86.36,95.45
Max Verstappen,2024,24,9,14,399.0,23,3.625,3.5416666666666665,-0.08333333333333333,1,37.5,58.33
Max de Terra,1952,1,0,0,0.0,0,21.0,21.0,0.0,1,0.0,0.0
Max de Terra,1953,1,0,0,0.0,1,8.0,19.0,11.0,1,0.0,0.0
Menato Boffa,1961,1,0,0,0.0,0,38.0,0.0,,1,0.0,0.0
Michael Andretti,1993,13,0,1,7.0,5,15.461538461538462,9.76923076923077,-5.6923076923076925,13,0.0,7.69
Michael Bartels,1991,4,0,0,0.0,0,28.75,0.0,,4,0.0,0.0
Michael Bleekemolen,1977,1,0,0,0.0,0,34.0,0.0,,1,0.0,0.0
Michael Bleekemolen,1978,4,0,0,0.0,0,25.5,6.25,7.0,4,0.0,0.0
Michael May,1961,4,0,0,0.0,0,23.25,9.0,5.5,4,0.0,0.0
Michael Schumacher,1991,6,0,0,4.0,3,13.166666666666666,7.333333333333333,-5.833333333333333,3,0.0,0.0
Michael Schumacher,1992,16,1,8,53.0,12,7.25,4.6875,-2.5625,6,6.25,50.0
Michael Schumacher,1993,16,1,9,52.0,9,9.1875,3.75,-5.4375,7,6.25,56.25
Michael Schumacher,1994,14,8,10,92.0,10,5.285714285714286,1.7857142857142858,-3.5,4,57.14,71.43
Michael Schumacher,1995,17,9,11,102.0,12,5.9411764705882355,2.9411764705882355,-3.0,5,52.94,64.71
Michael Schumacher,1996,16,3,8,59.0,10,7.75,2.625,-5.125,8,18.75,50.0
Michael Schumacher,1997,17,5,8,78.0,13,6.529411764705882,3.6470588235294117,-2.8823529411764706,4,29.41,47.06
Michael Schumacher,1998,16,6,11,86.0,14,4.6875,3.0625,-1.625,4,37.5,68.75
Michael Schumacher,1999,10,2,6,44.0,8,6.1,2.7,-3.4,3,20.0,60.0
Michael Schumacher,2000,17,9,12,108.0,13,5.294117647058823,2.0,-3.2941176470588234,4,52.94,70.59
Michael Schumacher,2001,17,9,14,123.0,15,3.3529411764705883,1.7058823529411764,-1.6470588235294117,2,52.94,82.35
Michael Schumacher,2002,17,11,17,144.0,17,1.411764705882353,1.8235294117647058,0.4117647058823529,0,64.71,100.0
Michael Schumacher,2003,16,6,8,93.0,15,4.25,4.25,0.0,4,37.5,50.0
Michael Schumacher,2004,18,13,15,148.0,16,2.611111111111111,3.9444444444444446,1.3333333333333333,2,72.22,83.33
Michael Schumacher,2005,19,1,5,62.0,13,8.736842105263158,8.210526315789474,-0.5263157894736842,6,5.26,26.32
Michael Schumacher,2006,18,7,12,121.0,16,4.333333333333333,5.444444444444445,1.1111111111111112,3,38.89,66.67
Michael Schumacher,2010,19,0,0,72.0,12,10.052631578947368,9.947368421052632,-0.10526315789473684,6,0.0,0.0
Michael Schumacher,2011,19,0,0,76.0,11,11.894736842105264,10.31578947368421,-1.5789473684210527,9,0.0,0.0
Michael Schumacher,2012,20,0,1,49.0,8,14.2,9.65,-4.55,9,0.0,5.0
Michel Leclère,1975,1,0,0,0.0,0,20.0,20.0,0.0,1,0.0,0.0
Michel Leclère,1976,7,0,0,0.0,1,14.142857142857142,19.285714285714285,9.5,7,0.0,0.0
Michele Alboreto,1981,12,0,0,0.0,2,16.416666666666668,17.166666666666668,6.3,12,0.0,0.0
Michele Alboreto,1982,16,1,2,25.0,11,9.0,10.25,1.25,11,6.25,12.5
Michele Alboreto,1983,15,1,1,10.0,5,14.866666666666667,15.533333333333333,0.6666666666666666,14,6.67,6.67
Michele Alboreto,1984,16,1,4,30.5,8,11.5625,7.4375,-4.125,11,6.25,25.0
Michele Alboreto,1985,16,2,8,53.0,10,8.75,6.6875,-2.0625,8,12.5,50.0
Michele Alboreto,1986,16,0,1,14.0,7,12.5625,9.8125,-2.75,14,0.0,6.25
Michele Alboreto,1987,16,0,3,17.0,5,13.3125,6.25,-7.0625,12,0.0,18.75
Michele Alboreto,1988,16,0,3,24.0,7,11.5,6.4375,-5.0625,10,0.0,18.75
Michele Alboreto,1989,14,0,1,6.0,3,20.642857142857142,12.571428571428571,0.7,13,0.0,7.14
Michele Alboreto,1990,16,0,0,0.0,4,17.375,17.1875,6.153846153846154,16,0.0,0.0
Michele Alboreto,1991,16,0,0,0.0,0,23.0625,12.875,4.0,15,0.0,0.0
Michele Alboreto,1992,16,0,0,6.0,12,9.8125,14.4375,4.625,16,0.0,0.0
Michele Alboreto,1993,14,0,0,0.0,1,18.928571428571427,15.428571428571429,9.0,14,0.0,0.0
Michele Alboreto,1994,16,0,0,1.0,3,15.9375,18.3125,2.375,16,0.0,0.0
Mick Schumacher,2021,22,0,0,0.0,0,16.90909090909091,17.545454545454547,0.6363636363636364,19,0.0,0.0
Mick Schumacher,2022,22,0,0,12.0,2,14.409090909090908,13.136363636363637,-0.38095238095238093,13,0.0,0.0
Miguel Ángel Guerra,1981,4,0,0,0.0,0,25.75,5.5,-2.0,4,0.0,0.0
Mika Häkkinen,1991,16,0,0,2.0,3,15.75,21.6875,8.133333333333333,16,0.0,0.0
Mika Häkkinen,1992,16,0,0,11.0,9,12.25,12.5,2.066666666666667,13,0.0,0.0
Mika Häkkinen,1993,3,0,1,4.0,1,14.333333333333334,3.6666666666666665,-10.666666666666666,2,0.0,33.33
Mika Häkkinen,1994,15,0,6,26.0,7,10.666666666666666,6.266666666666667,-4.4,8,0.0,40.0
Mika Häkkinen,1995,16,0,2,17.0,7,14.8125,7.9375,-6.875,14,0.0,12.5
Mika Häkkinen,1996,16,0,4,31.0,13,7.4375,6.625,-0.8125,9,0.0,25.0
Mika Häkkinen,1997,17,1,3,27.0,9,10.705882352941176,5.823529411764706,-4.882352941176471,9,5.88,17.65
Mika Häkkinen,1998,16,8,11,100.0,13,4.75,1.6875,-3.0625,4,50.0,68.75
Mika Häkkinen,1999,16,5,10,76.0,11,6.4375,2.25,-4.1875,5,31.25,62.5
Mika Häkkinen,2000,17,4,11,89.0,14,4.823529411764706,2.5294117647058822,-2.2941176470588234,4,23.53,64.71
Mika Häkkinen,2001,17,2,3,37.0,10,10.647058823529411,4.529411764705882,-6.117647058823529,8,11.76,17.65
Mika Salo,1994,2,0,0,0.0,1,13.0,23.5,10.5,2,0.0,0.0
Mika Salo,1995,17,0,0,5.0,9,11.235294117647058,14.352941176470589,3.1176470588235294,16,0.0,0.0
Mika Salo,1996,16,0,0,5.0,7,11.625,13.25,1.625,15,0.0,0.0
Mika Salo,1997,17,0,0,2.0,4,12.823529411764707,18.941176470588236,6.117647058823529,17,0.0,0.0
Mika Salo,1998,16,0,0,3.0,2,16.1875,15.125,-1.0625,15,0.0,0.0
Mika Salo,1999,9,0,2,10.0,6,8.555555555555555,11.444444444444445,2.888888888888889,6,0.0,22.22
Mika Salo,2000,17,0,0,6.0,13,10.588235294117647,13.352941176470589,4.3125,14,0.0,0.0
Mika Salo,2002,17,0,0,2.0,7,12.058823529411764,13.235294117647058,1.1764705882352942,15,0.0,0.0
Mike Beuttler,1971,5,0,0,0.0,0,16.6,19.8,3.2,5,0.0,0.0
Mike Beuttler,1972,10,0,0,0.0,2,16.0,21.1,8.555555555555555,9,0.0,0.0
Mike Beuttler,1973,14,0,0,0.0,4,15.285714285714286,19.714285714285715,4.428571428571429,14,0.0,0.0
Mike Fisher,1967,2,0,0,0.0,0,15.0,13.5,-1.5,2,0.0,0.0
Mike Hailwood,1963,3,0,0,0.0,2,13.666666666666666,11.666666666666666,8.5,3,0.0,0.0
Mike Hailwood,1964,9,0,0,1.0,4,13.222222222222221,14.88888888888889,1.6666666666666667,9,0.0,0.0
Mike Hailwood,1965,1,0,0,0.0,0,15.0,12.0,-3.0,1,0.0,0.0
Mike Hailwood,1971,2,0,0,3.0,1,9.5,15.5,6.0,1,0.0,0.0
Mike Hailwood,1972,10,0,1,13.0,4,13.8,10.6,-3.2,6,0.0,10.0
Mike Hailwood,1973,15,0,0,0.0,4,15.933333333333334,12.466666666666667,-3.466666666666667,14,0.0,0.0
Mike Hailwood,1974,11,0,1,12.0,7,9.818181818181818,10.181818181818182,0.36363636363636365,8,0.0,9.09
Mike Harris,1962,1,0,0,0.0,0,15.0,15.0,0.0,1,0.0,0.0
Mike Hawthorn,1952,5,0,1,10.0,3,8.8,8.6,-0.2,5,0.0,20.0
Mike Hawthorn,1953,8,1,3,27.0,8,3.75,5.75,2.0,5,12.5,37.5
Mike Hawthorn,1954,9,1,4,24.64,5,7.666666666666667,4.888888888888889,-2.7777777777777777,6,11.11,44.44
Mike Hawthorn,1955,5,0,0,0.0,3,10.6,10.4,-0.2,5,0.0,0.0
Mike Hawthorn,1956,4,0,1,4.0,2,12.25,4.25,-5.333333333333333,4,0.0,25.0
Mike Hawthorn,1957,7,0,2,13.0,5,7.142857142857143,6.428571428571429,-0.7142857142857143,5,0.0,28.57
Mike Hawthorn,1958,10,1,7,49.0,8,4.2,2.7,-1.5,3,10.0,70.0
Mike MacDowel,1957,1,0,0,0.0,1,7.0,15.0,8.0,1,0.0,0.0
Mike Magill,1957,1,0,0,0.0,0,24.0,18.0,-6.0,1,0.0,0.0
Mike Magill,1958,1,0,0,0.0,0,17.0,31.0,14.0,1,0.0,0.0
Mike Magill,1959,1,0,0,0.0,0,30.0,31.0,1.0,1,0.0,0.0
Mike Nazaruk,1951,1,0,1,6.0,1,2.0,7.0,5.0,0,0.0,100.0
Mike Nazaruk,1953,1,0,0,0.0,0,21.0,23.0,2.0,1,0.0,0.0
Mike Nazaruk,1954,1,0,0,2.0,1,5.0,14.0,9.0,0,0.0,0.0
Mike Parkes,1959,1,0,0,0.0,0,27.0,0.0,,1,0.0,0.0
Mike Parkes,1966,4,0,2,12.0,2,8.25,4.0,-4.25,2,0.0,50.0
Mike Parkes,1967,2,0,0,2.0,1,11.5,9.0,-2.5,2,0.0,0.0
Mike Sparken,1955,1,0,0,0.0,1,7.0,23.0,16.0,1,0.0,0.0
Mike Spence,1963,1,0,0,0.0,0,13.0,9.0,-4.0,1,0.0,0.0
Mike Spence,1964,6,0,0,4.0,4,8.833333333333334,8.666666666666666,-0.16666666666666666,5,0.0,0.0
Mike Spence,1965,9,0,1,10.0,6,8.0,7.111111111111111,-0.8888888888888888,6,0.0,11.11
Mike Spence,1966,8,0,0,4.0,5,10.25,11.125,0.875,8,0.0,0.0
Mike Spence,1967,11,0,0,9.0,6,10.272727272727273,11.636363636363637,1.3636363636363635,11,0.0,0.0
Mike Spence,1968,1,0,0,0.0,0,20.0,14.0,-6.0,1,0.0,0.0
Mike Taylor,1959,1,0,0,0.0,0,23.0,24.0,1.0,1,0.0,0.0
Mike Taylor,1960,1,0,0,0.0,0,19.0,19.0,0.0,1,0.0,0.0
Mike Thackwell,1980,3,0,0,0.0,0,25.666666666666668,8.0,0.0,3,0.0,0.0
Mike Thackwell,1984,2,0,0,0.0,0,25.0,12.5,2.0,2,0.0,0.0
Mike Wilds,1974,5,0,0,0.0,0,26.6,4.4,8.0,5,0.0,0.0
Mike Wilds,1975,2,0,0,0.0,0,19.5,22.0,2.5,2,0.0,0.0
Mike Wilds,1976,1,0,0,0.0,0,29.0,0.0,,1,0.0,0.0
Mikko Kozarowitzky,1977,2,0,0,0.0,0,33.5,0.0,,2,0.0,0.0
Moisés Solana,1963,1,0,0,0.0,0,11.0,11.0,0.0,1,0.0,0.0
Moisés Solana,1964,1,0,0,0.0,1,10.0,14.0,4.0,1,0.0,0.0
Moisés Solana,1965,2,0,0,0.0,1,11.0,13.0,2.0,2,0.0,0.0
Moisés Solana,1966,1,0,0,0.0,0,18.0,15.0,-3.0,1,0.0,0.0
Moisés Solana,1967,2,0,0,0.0,0,17.5,8.0,-9.5,2,0.0,0.0
Moisés Solana,1968,1,0,0,0.0,0,17.0,11.0,-6.0,1,0.0,0.0
Myron Fohr,1950,1,0,0,0.0,0,11.0,16.0,5.0,1,0.0,0.0
Mário de Araújo Cabral,1959,1,0,0,0.0,1,10.0,14.0,4.0,1,0.0,0.0
Mário de Araújo Cabral,1960,1,0,0,0.0,1,9.0,15.0,6.0,1,0.0,0.0
Mário de Araújo Cabral,1963,2,0,0,0.0,0,18.0,10.0,6.0,2,0.0,0.0
Mário de Araújo Cabral,1964,1,0,0,0.0,0,16.0,19.0,3.0,1,0.0,0.0
Nanni Galli,1970,1,0,0,0.0,0,26.0,0.0,,1,0.0,0.0
Nanni Galli,1971,6,0,0,0.0,0,16.166666666666668,19.833333333333332,3.6666666666666665,6,0.0,0.0
Nanni Galli,1972,5,0,0,0.0,0,19.2,21.4,2.2,5,0.0,0.0
Nanni Galli,1973,5,0,0,0.0,1,16.4,18.4,2.0,5,0.0,0.0
Naoki Hattori,1991,2,0,0,0.0,0,32.0,0.0,,2,0.0,0.0
Narain Karthikeyan,2005,19,0,0,5.0,1,14.894736842105264,16.63157894736842,1.736842105263158,19,0.0,0.0
Narain Karthikeyan,2011,9,0,0,0.0,0,20.444444444444443,20.444444444444443,3.0,9,0.0,0.0
Narain Karthikeyan,2012,20,0,0,0.0,0,20.95,21.95,2.3157894736842106,20,0.0,0.0
Nasif Estéfano,1960,1,0,0,0.0,0,14.0,20.0,6.0,1,0.0,0.0
Nasif Estéfano,1962,1,0,0,0.0,0,30.0,0.0,,1,0.0,0.0
Nasif Estéfano,1963,3,0,0,0.0,0,23.666666666666668,0.0,,3,0.0,0.0
Nello Pagani,1950,1,0,0,0.0,1,7.0,15.0,8.0,1,0.0,0.0
Nelson Piquet,1978,5,0,0,0.0,1,16.4,20.8,4.4,4,0.0,0.0
Nelson Piquet,1979,15,0,0,3.0,5,15.066666666666666,9.133333333333333,-5.933333333333334,15,0.0,0.0
Nelson Piquet,1980,14,3,6,54.0,10,6.857142857142857,4.785714285714286,-2.0714285714285716,4,21.43,42.86
Nelson Piquet,1981,15,3,7,50.0,11,7.266666666666667,3.8,-3.466666666666667,7,20.0,46.67
Nelson Piquet,1982,15,1,2,20.0,4,14.066666666666666,5.133333333333334,-7.571428571428571,13,6.67,13.33
Nelson Piquet,1983,15,3,8,59.0,10,7.066666666666666,4.8,-2.2666666666666666,5,20.0,53.33
Nelson Piquet,1984,16,2,4,29.0,7,11.6875,3.5,-8.1875,12,12.5,25.0
Nelson Piquet,1985,16,1,2,21.0,7,13.1875,6.5,-6.6875,14,6.25,12.5
Nelson Piquet,1986,16,4,10,69.0,12,5.625,3.625,-2.0,6,25.0,62.5
Nelson Piquet,1987,16,3,11,76.0,12,5.8125,2.5,-1.8,4,18.75,68.75
Nelson Piquet,1988,16,0,3,22.0,9,11.9375,7.0,-4.9375,11,0.0,18.75
Nelson Piquet,1989,16,0,0,12.0,7,12.4375,14.0625,3.6,12,0.0,0.0
Nelson Piquet,1990,16,2,4,44.0,13,6.9375,8.125,1.1875,5,12.5,25.0
Nelson Piquet,1991,16,1,3,26.5,10,10.1875,8.0,-2.1875,9,6.25,18.75
Nelson Piquet Jr.,2008,18,0,1,19.0,6,13.055555555555555,13.444444444444445,0.3888888888888889,10,0.0,5.56
Nelson Piquet Jr.,2009,10,0,0,0.0,1,14.0,14.1,0.1,7,0.0,0.0
Neville Lederle,1962,1,0,0,1.0,1,6.0,10.0,4.0,1,0.0,0.0
Neville Lederle,1963,1,0,0,0.0,0,22.0,0.0,,1,0.0,0.0
Neville Lederle,1965,1,0,0,0.0,0,22.0,0.0,,1,0.0,0.0
Nicholas Latifi,2020,17,0,0,0.0,0,15.764705882352942,17.470588235294116,3.0,11,0.0,0.0
Nicholas Latifi,2021,22,0,0,7.0,2,15.545454545454545,15.227272727272727,0.42857142857142855,17,0.0,0.0
Nicholas Latifi,2022,22,0,0,2.0,1,16.227272727272727,17.5,1.2727272727272727,15,0.0,0.0
Nick Heidfeld,2000,16,0,0,0.0,3,15.625,17.3125,1.6875,16,0.0,0.0
Nick Heidfeld,2001,17,0,1,12.0,10,11.058823529411764,9.705882352941176,-1.3529411764705883,14,0.0,5.88
Nick Heidfeld,2002,17,0,0,7.0,13,9.352941176470589,10.0,0.6470588235294118,15,0.0,0.0
Nick Heidfeld,2003,16,0,0,6.0,9,11.5,12.3125,0.8125,14,0.0,0.0
Nick Heidfeld,2004,18,0,0,3.0,3,14.0,16.0,2.0,18,0.0,0.0
Nick Heidfeld,2005,14,0,3,28.0,6,10.857142857142858,9.571428571428571,-1.2857142857142858,9,0.0,21.43
Nick Heidfeld,2006,18,0,1,23.0,11,10.11111111111111,10.166666666666666,0.05555555555555555,12,0.0,5.56
Nick Heidfeld,2007,17,0,2,61.0,14,6.647058823529412,5.411764705882353,-1.2352941176470589,4,0.0,11.76
Nick Heidfeld,2008,18,0,4,60.0,16,6.5,9.0,2.5,2,0.0,22.22
Nick Heidfeld,2009,17,0,1,19.0,8,10.470588235294118,12.0,1.5294117647058822,5,0.0,5.88
Nick Heidfeld,2010,5,0,0,6.0,2,12.6,13.4,0.8,2,0.0,0.0
Nick Heidfeld,2011,11,0,1,34.0,6,12.272727272727273,13.363636363636363,1.0909090909090908,7,0.0,9.09
Nico Hülkenberg,2010,19,0,0,22.0,7,14.052631578947368,11.210526315789474,-2.8421052631578947,12,0.0,0.0
Nico Hülkenberg,2012,20,0,0,63.0,11,11.1,11.45,0.35,4,0.0,0.0
Nico Hülkenberg,2013,19,0,0,51.0,10,11.263157894736842,9.631578947368421,-1.631578947368421,6,0.0,0.0
Nico Hülkenberg,2014,19,0,0,96.0,15,8.789473684210526,10.947368421052632,2.1578947368421053,4,0.0,0.0
Nico Hülkenberg,2015,19,0,0,58.0,9,11.947368421052632,9.894736842105264,-2.0526315789473686,13,0.0,0.0
Nico Hülkenberg,2016,21,0,0,72.0,14,11.333333333333334,8.380952380952381,-2.9523809523809526,9,0.0,0.0
Nico Hülkenberg,2017,20,0,0,43.0,8,12.4,9.65,-2.75,14,0.0,0.0
Nico Hülkenberg,2018,21,0,0,69.0,11,11.857142857142858,11.285714285714286,-0.5714285714285714,13,0.0,0.0
Nico Hülkenberg,2019,21,0,0,37.0,10,11.80952380952381,10.428571428571429,-0.8,14,0.0,0.0
Nico Hülkenberg,2020,3,0,0,10.0,2,11.666666666666666,12.0,0.3333333333333333,1,0.0,0.0
Nico Hülkenberg,2022,2,0,0,0.0,0,14.5,17.0,2.5,0,0.0,0.0
Nico Hülkenberg,2023,22,0,0,6.0,1,14.545454545454545,9.681818181818182,-3.210526315789474,12,0.0,0.0
Nico Hülkenberg,2024,24,0,0,36.0,10,11.625,11.833333333333334,0.20833333333333334,11,0.0,0.0
Nico Rosberg,2006,18,0,0,4.0,5,15.0,13.222222222222221,-1.7777777777777777,14,0.0,0.0
Nico Rosberg,2007,17,0,0,20.0,10,10.882352941176471,9.882352941176471,-1.0,8,0.0,0.0
Nico Rosberg,2008,18,0,2,17.0,8,10.88888888888889,12.11111111111111,1.2222222222222223,9,0.0,11.11
Nico Rosberg,2009,17,0,0,34.5,13,8.235294117647058,8.058823529411764,-0.17647058823529413,3,0.0,0.0
Nico Rosberg,2010,19,0,3,142.0,15,8.263157894736842,7.368421052631579,-0.8947368421052632,5,0.0,15.79
Nico Rosberg,2011,19,0,0,89.0,14,8.947368421052632,7.526315789473684,-1.4210526315789473,9,0.0,0.0
Nico Rosberg,2012,20,1,2,93.0,10,10.95,9.4,-1.55,4,5.0,10.0
Nico Rosberg,2013,19,2,4,171.0,16,7.421052631578948,4.2631578947368425,-3.1578947368421053,3,10.53,21.05
Nico Rosberg,2014,19,5,15,317.0,16,4.315789473684211,1.6842105263157894,-2.6315789473684212,3,26.32,78.95
Nico Rosberg,2015,19,6,15,322.0,17,3.8421052631578947,2.0526315789473686,-1.7894736842105263,2,31.58,78.95
Nico Rosberg,2016,21,9,16,385.0,20,3.1904761904761907,1.8095238095238095,-1.380952380952381,1,42.86,76.19
Nicola Larini,1987,2,0,0,0.0,0,26.5,13.0,0.0,2,0.0,0.0
Nicola Larini,1988,16,0,0,0.0,1,23.1875,14.0625,2.9,16,0.0,0.0
Nicola Larini,1989,16,0,0,0.0,0,26.3125,7.5625,-5.0,16,0.0,0.0
Nicola Larini,1990,16,0,0,0.0,7,13.0625,19.9375,6.875,16,0.0,0.0
Nicola Larini,1991,16,0,0,0.0,1,26.625,6.6875,3.6,16,0.0,0.0
Nicola Larini,1992,2,0,0,0.0,0,11.5,15.0,3.5,2,0.0,0.0
Nicola Larini,1994,2,0,1,6.0,1,13.5,6.5,-7.0,1,0.0,50.0
Nicola Larini,1997,5,0,0,1.0,2,9.6,13.8,4.2,4,0.0,0.0
Nicolas Kiesa,2003,5,0,0,0.0,0,12.8,19.4,6.6,5,0.0,0.0
Nigel Mansell,1980,3,0,0,0.0,0,21.0,13.333333333333334,1.0,3,0.0,0.0
Nigel Mansell,1981,15,0,1,8.0,4,16.2,9.4,-3.3076923076923075,12,0.0,6.67
Nigel Mansell,1982,13,0,1,7.0,6,13.692307692307692,16.23076923076923,2.5384615384615383,12,0.0,7.69
Nigel Mansell,1983,15,0,1,10.0,5,13.066666666666666,13.133333333333333,0.06666666666666667,12,0.0,6.67
Nigel Mansell,1984,16,0,2,13.0,5,13.1875,7.5,-5.6875,13,0.0,12.5
Nigel Mansell,1985,16,2,3,31.0,9,11.125,5.5625,-5.5625,11,12.5,18.75
Nigel Mansell,1986,16,5,9,72.0,12,6.25,3.0,-3.25,7,31.25,56.25
Nigel Mansell,1987,15,6,7,61.0,9,8.8,1.3333333333333333,-6.071428571428571,8,40.0,46.67
Nigel Mansell,1988,14,0,2,12.0,2,16.428571428571427,7.142857142857143,-9.285714285714286,12,0.0,14.29
Nigel Mansell,1989,15,2,6,38.0,6,11.266666666666667,4.666666666666667,-6.6,9,13.33,40.0
Nigel Mansell,1990,16,1,5,37.0,8,10.1875,4.6875,-5.5,9,6.25,31.25
Nigel Mansell,1991,16,5,9,72.0,10,8.5,2.875,-5.625,7,31.25,56.25
Nigel Mansell,1992,16,9,12,108.0,12,5.4375,1.1875,-4.25,4,56.25,75.0
Nigel Mansell,1994,4,1,1,13.0,2,9.75,2.5,-7.25,2,25.0,25.0
Nigel Mansell,1995,2,0,0,0.0,1,17.0,9.5,-7.5,2,0.0,0.0
Niki Lauda,1971,1,0,0,0.0,0,17.0,21.0,4.0,1,0.0,0.0
Niki Lauda,1972,12,0,0,0.0,3,15.333333333333334,22.083333333333332,6.75,12,0.0,0.0
Niki Lauda,1973,14,0,0,2.0,3,15.214285714285714,12.0,-3.2142857142857144,13,0.0,0.0
Niki Lauda,1974,15,2,5,38.0,6,11.666666666666666,3.6666666666666665,-8.0,10,13.33,33.33
Niki Lauda,1975,14,5,8,64.5,13,4.857142857142857,2.0714285714285716,-2.7857142857142856,2,35.71,57.14
Niki Lauda,1976,14,5,9,68.0,11,7.071428571428571,2.9285714285714284,-4.142857142857143,3,35.71,64.29
Niki Lauda,1977,15,3,10,72.0,12,6.133333333333334,5.866666666666666,-0.26666666666666666,3,20.0,66.67
Niki Lauda,1978,16,2,7,44.0,7,11.8125,4.1875,-7.625,9,12.5,43.75
Niki Lauda,1979,14,0,0,4.0,2,17.214285714285715,8.142857142857142,-7.461538461538462,13,0.0,0.0
Niki Lauda,1982,14,2,3,30.0,8,9.357142857142858,8.071428571428571,-1.2857142857142858,9,14.29,21.43
Niki Lauda,1983,15,0,2,12.0,4,14.6,14.533333333333333,1.5,13,0.0,13.33
Niki Lauda,1984,16,5,9,72.0,11,6.25,7.6875,1.4375,6,31.25,56.25
Niki Lauda,1985,14,1,1,14.0,4,12.214285714285714,10.571428571428571,-1.6428571428571428,12,7.14,7.14
Nikita Mazepin,2021,22,0,0,0.0,0,17.863636363636363,18.5,0.6363636363636364,20,0.0,0.0
Nino Farina,1950,6,3,3,30.0,5,4.166666666666667,1.8333333333333333,-2.3333333333333335,2,50.0,50.0
Nino Farina,1951,8,1,4,22.0,5,7.875,3.25,-4.625,5,12.5,50.0
Nino Farina,1952,8,0,4,27.0,7,5.375,2.125,-3.25,4,0.0,50.0
Nino Farina,1953,8,1,5,32.0,6,5.25,3.875,-1.375,3,12.5,62.5
Nino Farina,1954,2,0,1,6.0,2,5.0,2.0,-3.0,1,0.0,50.0
Nino Farina,1955,5,0,3,10.33,4,6.6,5.8,-0.8,3,0.0,60.0
Nino Vaccarella,1961,1,0,0,0.0,0,19.0,20.0,1.0,1,0.0,0.0
Nino Vaccarella,1962,3,0,0,0.0,1,15.0,9.666666666666666,2.5,3,0.0,0.0
Nino Vaccarella,1965,1,0,0,0.0,0,12.0,15.0,3.0,1,0.0,0.0
Norberto Fontana,1997,4,0,0,0.0,2,12.0,17.5,5.5,4,0.0,0.0
Noritake Takahara,1976,1,0,0,0.0,1,9.0,24.0,15.0,1,0.0,0.0
Noritake Takahara,1977,1,0,0,0.0,0,22.0,19.0,-3.0,1,0.0,0.0
Nyck de Vries,2022,1,0,0,2.0,1,9.0,8.0,-1.0,0,0.0,0.0
Nyck de Vries,2023,10,0,0,0.0,0,15.9,14.6,0.4444444444444444,7,0.0,0.0
Oliver Bearman,2024,3,0,0,7.0,2,9.666666666666666,12.0,2.3333333333333335,0,0.0,0.0
Olivier Beretta,1994,10,0,0,0.0,3,16.7,22.2,5.5,10,0.0,0.0
Olivier Gendebien,1956,2,0,0,2.0,1,9.5,10.5,1.0,2,0.0,0.0
Olivier Gendebien,1958,3,0,0,0.0,1,14.333333333333334,5.666666666666667,-8.666666666666666,3,0.0,0.0
Olivier Gendebien,1959,2,0,0,3.0,2,5.0,8.5,3.5,1,0.0,0.0
Olivier Gendebien,1960,5,0,2,10.0,4,6.6,9.6,3.0,4,0.0,40.0
Olivier Gendebien,1961,5,0,0,3.0,1,19.4,3.6,1.5,4,0.0,0.0
Olivier Grouillard,1989,16,0,0,1.0,4,18.4375,14.3125,3.9166666666666665,16,0.0,0.0
Olivier Grouillard,1990,16,0,0,0.0,0,22.0,10.9375,2.3333333333333335,16,0.0,0.0
Olivier Grouillard,1991,14,0,0,0.0,1,27.214285714285715,6.5,6.25,14,0.0,0.0
Olivier Grouillard,1992,16,0,0,0.0,1,17.9375,18.5625,0.625,16,0.0,0.0
Olivier Panis,1994,16,0,1,9.0,9,9.9375,15.4375,5.5,15,0.0,6.25
Olivier Panis,1995,17,0,1,16.0,11,10.764705882352942,11.647058823529411,0.8823529411764706,14,0.0,5.88
Olivier Panis,1996,16,1,1,13.0,9,10.5,12.4375,1.9375,12,6.25,6.25
Olivier Panis,1997,10,0,2,16.0,7,8.2,8.5,0.3,4,0.0,20.0
Olivier Panis,1998,16,0,0,0.0,1,14.0,14.875,0.875,16,0.0,0.0
Olivier Panis,1999,16,0,0,2.0,7,12.25,12.375,0.125,12,0.0,0.0
Olivier Panis,2001,17,0,0,5.0,8,11.941176470588236,11.411764705882353,-0.5294117647058824,13,0.0,0.0
Olivier Panis,2002,17,0,0,3.0,4,13.705882352941176,13.176470588235293,-0.5294117647058824,16,0.0,0.0
Olivier Panis,2003,16,0,0,6.0,5,13.25,9.0,-4.25,14,0.0,0.0
Olivier Panis,2004,17,0,0,6.0,4,13.058823529411764,11.588235294117647,-1.4705882352941178,15,0.0,0.0
Onofre Marimón,1951,1,0,0,0.0,0,21.0,15.0,-6.0,1,0.0,0.0
Onofre Marimón,1953,6,0,1,4.0,2,12.666666666666666,8.0,-4.666666666666667,6,0.0,16.67
Onofre Marimón,1954,5,0,1,4.14,2,11.4,10.2,-1.2,5,0.0,20.0
Oscar Gálvez,1953,1,0,0,2.0,1,5.0,9.0,4.0,1,0.0,0.0
Oscar Larrauri,1988,16,0,0,0.0,0,24.4375,12.125,4.25,16,0.0,0.0
Oscar Larrauri,1989,5,0,0,0.0,0,35.6,0.0,,5,0.0,0.0
Oscar Piastri,2023,22,0,2,82.0,11,10.909090909090908,9.636363636363637,-1.2727272727272727,8,0.0,9.09
Oscar Piastri,2024,24,2,8,265.0,23,5.125,5.416666666666667,0.2916666666666667,0,8.33,33.33
Oswald Karch,1953,1,0,0,0.0,0,22.0,34.0,12.0,1,0.0,0.0
Otto Stuppacher,1976,3,0,0,0.0,0,27.666666666666668,0.0,,3,0.0,0.0
Ottorino Volonterio,1954,1,0,0,0.0,0,11.0,21.0,10.0,1,0.0,0.0
Ottorino Volonterio,1956,1,0,0,0.0,1,7.0,19.0,12.0,1,0.0,0.0
Ottorino Volonterio,1957,1,0,0,0.0,0,11.0,16.0,5.0,1,0.0,0.0
Pablo Birger,1953,1,0,0,0.0,0,15.0,14.0,-1.0,1,0.0,0.0
Pablo Birger,1955,1,0,0,0.0,0,20.0,9.0,-11.0,1,0.0,0.0
Paco Godia,1951,1,0,0,0.0,1,10.0,17.0,7.0,1,0.0,0.0
Paco Godia,1954,1,0,0,0.0,1,6.0,13.0,7.0,1,0.0,0.0
Paco Godia,1956,5,0,0,6.0,4,7.6,17.8,10.2,5,0.0,0.0
Paco Godia,1957,3,0,0,0.0,2,12.333333333333334,16.0,3.6666666666666665,3,0.0,0.0
Paco Godia,1958,4,0,0,0.0,1,16.5,9.5,1.0,4,0.0,0.0
Paddy Driver,1963,1,0,0,0.0,0,21.0,0.0,,1,0.0,0.0
Paddy Driver,1974,1,0,0,0.0,0,25.0,26.0,1.0,1,0.0,0.0
Paolo Barilla,1989,1,0,0,0.0,0,26.0,19.0,-7.0,1,0.0,0.0
Paolo Barilla,1990,14,0,0,0.0,1,20.642857142857142,11.714285714285714,5.375,14,0.0,0.0
Pascal Fabre,1987,12,0,0,0.0,3,15.083333333333334,22.833333333333332,11.0,12,0.0,0.0
Pascal Wehrlein,2016,21,0,0,1.0,1,17.285714285714285,18.19047619047619,0.9047619047619048,20,0.0,0.0
Pascal Wehrlein,2017,18,0,0,5.0,2,14.777777777777779,16.444444444444443,1.6666666666666667,17,0.0,0.0
Pastor Maldonado,2011,19,0,0,1.0,1,16.842105263157894,14.578947368421053,-2.263157894736842,17,0.0,0.0
Pastor Maldonado,2012,20,1,1,45.0,5,14.15,10.85,-3.3,10,5.0,5.0
Pastor Maldonado,2013,19,0,0,1.0,1,14.631578947368421,16.05263157894737,1.4210526315789473,10,0.0,0.0
Pastor Maldonado,2014,19,0,0,2.0,1,15.578947368421053,17.68421052631579,2.1052631578947367,15,0.0,0.0
Pastor Maldonado,2015,19,0,0,27.0,6,13.894736842105264,11.842105263157896,-2.0526315789473686,12,0.0,0.0
Pat Flaherty,1950,1,0,0,0.0,1,10.0,11.0,1.0,1,0.0,0.0
Pat Flaherty,1953,1,0,0,0.0,0,22.0,24.0,2.0,1,0.0,0.0
Pat Flaherty,1954,1,0,0,0.0,0,28.0,28.0,0.0,1,0.0,0.0
Pat Flaherty,1955,1,0,0,0.0,1,10.0,12.0,2.0,0,0.0,0.0
Pat Flaherty,1956,1,1,1,8.0,1,1.0,1.0,0.0,0,100.0,100.0
Pat Flaherty,1959,1,0,0,0.0,0,19.0,18.0,-1.0,1,0.0,0.0
Pat O'Connor,1954,1,0,0,0.0,0,21.0,12.0,-9.0,1,0.0,0.0
Pat O'Connor,1955,1,0,0,0.0,1,8.0,19.0,11.0,0,0.0,0.0
Pat O'Connor,1956,1,0,0,0.0,0,18.0,3.0,-15.0,1,0.0,0.0
Pat O'Connor,1957,1,0,0,0.0,1,8.0,1.0,-7.0,0,0.0,0.0
Pat O'Connor,1958,1,0,0,0.0,0,29.0,5.0,-24.0,1,0.0,0.0
Patrick Depailler,1972,2,0,0,0.0,1,13.5,13.5,0.0,2,0.0,0.0
Patrick Depailler,1974,15,0,1,14.0,10,10.0,11.4,1.4,9,0.0,6.67
Patrick Depailler,1975,14,0,1,12.0,9,10.0,9.214285714285714,-0.7857142857142857,9,0.0,7.14
Patrick Depailler,1976,16,0,7,39.0,10,9.75,6.125,-3.625,8,0.0,43.75
Patrick Depailler,1977,17,0,3,20.0,6,11.941176470588236,9.529411764705882,-2.411764705882353,12,0.0,17.65
Patrick Depailler,1978,16,1,5,34.0,7,12.5625,11.8125,-0.75,8,6.25,31.25
Patrick Depailler,1979,7,1,2,22.0,5,7.428571428571429,2.857142857142857,-4.571428571428571,3,14.29,28.57
Patrick Depailler,1980,8,0,0,0.0,1,15.75,11.125,-4.625,8,0.0,0.0
Patrick Friesacher,2005,11,0,0,3.0,1,16.0,17.818181818181817,1.8181818181818181,11,0.0,0.0
Patrick Gaillard,1979,5,0,0,0.0,0,20.2,9.4,11.0,5,0.0,0.0
Patrick Nève,1976,2,0,0,0.0,0,19.5,22.5,3.0,2,0.0,0.0
Patrick Nève,1977,11,0,0,0.0,4,15.545454545454545,16.636363636363637,11.0,11,0.0,0.0
Patrick Tambay,1977,9,0,0,5.0,3,17.11111111111111,10.333333333333334,-0.7142857142857143,7,0.0,0.0
Patrick Tambay,1978,15,0,0,8.0,9,10.4,12.533333333333333,2.1333333333333333,10,0.0,0.0
Patrick Tambay,1979,15,0,0,0.0,4,17.133333333333333,14.666666666666666,0.7692307692307693,15,0.0,0.0
Patrick Tambay,1981,15,0,0,1.0,3,16.6,13.8,-0.9285714285714286,15,0.0,0.0
Patrick Tambay,1982,8,1,3,25.0,6,9.125,6.75,-2.375,4,12.5,37.5
Patrick Tambay,1983,15,1,5,40.0,9,9.666666666666666,3.066666666666667,-6.6,6,6.67,33.33
Patrick Tambay,1984,15,0,1,11.0,7,11.0,7.066666666666666,-3.933333333333333,13,0.0,6.67
Patrick Tambay,1985,15,0,2,11.0,7,12.733333333333333,11.666666666666666,-1.0666666666666667,14,0.0,13.33
Patrick Tambay,1986,15,0,0,2.0,4,15.466666666666667,12.666666666666666,-2.8,15,0.0,0.0
Paul Belmondo,1992,11,0,0,0.0,1,20.818181818181817,9.636363636363637,9.0,11,0.0,0.0
Paul Belmondo,1994,16,0,0,0.0,0,26.75,4.875,4.0,16,0.0,0.0
Paul Emery,1956,1,0,0,0.0,0,25.0,23.0,-2.0,1,0.0,0.0
Paul Emery,1958,1,0,0,0.0,0,21.0,0.0,,1,0.0,0.0
Paul England,1957,1,0,0,0.0,0,22.0,23.0,1.0,1,0.0,0.0
Paul Frère,1952,3,0,0,2.0,1,15.333333333333334,10.666666666666666,-4.666666666666667,3,0.0,0.0
Paul Frère,1953,2,0,0,0.0,1,14.0,13.5,-0.5,2,0.0,0.0
Paul Frère,1954,3,0,0,0.0,2,10.666666666666666,11.0,0.3333333333333333,3,0.0,0.0
Paul Frère,1955,2,0,0,3.0,2,6.0,11.5,5.5,1,0.0,0.0
Paul Frère,1956,1,0,1,6.0,1,2.0,8.0,6.0,0,0.0,100.0
Paul Goldsmith,1958,1,0,0,0.0,0,30.0,16.0,-14.0,1,0.0,0.0
Paul Goldsmith,1959,1,0,0,2.0,1,5.0,16.0,11.0,0,0.0,0.0
Paul Goldsmith,1960,1,0,1,4.0,1,3.0,26.0,23.0,0,0.0,100.0
Paul Hawkins,1965,3,0,0,0.0,2,12.0,16.666666666666668,4.666666666666667,3,0.0,0.0
Paul Pietsch,1950,1,0,0,0.0,0,26.0,27.0,1.0,1,0.0,0.0
Paul Pietsch,1951,1,0,0,0.0,0,16.0,7.0,-9.0,1,0.0,0.0
Paul Pietsch,1952,1,0,0,0.0,0,24.0,7.0,-17.0,1,0.0,0.0
Paul Russo,1950,1,0,0,0.0,1,9.0,19.0,10.0,1,0.0,0.0
Paul Russo,1953,2,0,0,1.5,1,14.5,9.5,-5.0,1,0.0,0.0
Paul Russo,1954,1,0,0,0.0,1,8.0,32.0,24.0,0,0.0,0.0
Paul Russo,1955,1,0,1,3.0,1,2.0,2.0,0.0,0,0.0,100.0
Paul Russo,1956,1,0,0,1.0,0,33.0,8.0,-25.0,1,0.0,0.0
Paul Russo,1957,1,0,0,3.0,1,4.0,10.0,6.0,0,0.0,0.0
Paul Russo,1958,1,0,0,0.0,0,18.0,14.0,-4.0,1,0.0,0.0
Paul Russo,1959,1,0,0,0.0,1,9.0,27.0,18.0,0,0.0,0.0
Paul di Resta,2011,19,0,0,27.0,8,11.68421052631579,11.68421052631579,0.0,12,0.0,0.0
Paul di Resta,2012,20,0,0,46.0,9,11.05,11.45,0.4,4,0.0,0.0
Paul di Resta,2013,19,0,0,48.0,9,12.526315789473685,12.894736842105264,0.3684210526315789,8,0.0,0.0
Paul di Resta,2017,1,0,0,0.0,0,18.0,19.0,1.0,1,0.0,0.0
Pedro Chaves,1991,13,0,0,0.0,0,33.61538461538461,0.0,,13,0.0,0.0
Pedro Diniz,1995,17,0,0,0.0,5,15.705882352941176,22.823529411764707,7.117647058823529,17,0.0,0.0
Pedro Diniz,1996,16,0,0,2.0,6,13.25,16.4375,3.1875,16,0.0,0.0
Pedro Diniz,1997,17,0,0,2.0,4,14.764705882352942,16.705882352941178,1.9411764705882353,15,0.0,0.0
Pedro Diniz,1998,16,0,0,3.0,3,15.9375,16.6875,0.75,15,0.0,0.0
Pedro Diniz,1999,16,0,0,3.0,3,14.5625,14.8125,0.25,13,0.0,0.0
Pedro Diniz,2000,17,0,0,0.0,6,13.176470588235293,14.588235294117647,2.8125,15,0.0,0.0
Pedro Lamy,1993,4,0,0,0.0,0,16.25,21.75,5.5,4,0.0,0.0
Pedro Lamy,1994,4,0,0,0.0,2,13.5,22.25,8.75,4,0.0,0.0
Pedro Lamy,1995,8,0,0,1.0,4,12.75,16.375,3.625,7,0.0,0.0
Pedro Lamy,1996,16,0,0,0.0,4,13.125,18.4375,5.3125,16,0.0,0.0
Pedro Rodríguez,1963,2,0,0,0.0,0,15.5,16.5,1.0,2,0.0,0.0
Pedro Rodríguez,1964,1,0,0,1.0,1,6.0,9.0,3.0,1,0.0,0.0
Pedro Rodríguez,1965,2,0,0,2.0,2,6.0,14.5,8.5,2,0.0,0.0
Pedro Rodríguez,1966,3,0,0,0.0,2,12.0,10.333333333333334,-1.6666666666666667,3,0.0,0.0
Pedro Rodríguez,1967,8,1,1,15.0,6,7.125,10.375,3.25,7,12.5,12.5
Pedro Rodríguez,1968,12,0,3,18.0,7,8.5,10.583333333333334,2.0833333333333335,9,0.0,25.0
Pedro Rodríguez,1969,8,0,0,3.0,4,9.0,12.875,3.875,8,0.0,0.0
Pedro Rodríguez,1970,13,1,2,23.0,8,9.384615384615385,9.538461538461538,0.15384615384615385,10,7.69,15.38
Pedro Rodríguez,1971,5,0,1,9.0,3,10.2,5.4,-4.8,3,0.0,20.0
Pedro de la Rosa,1999,16,0,0,1.0,2,14.25,20.0625,5.8125,15,0.0,0.0
Pedro de la Rosa,2000,17,0,0,2.0,3,16.0,13.823529411764707,-2.176470588235294,16,0.0,0.0
Pedro de la Rosa,2001,13,0,0,3.0,3,13.615384615384615,13.76923076923077,0.15384615384615385,12,0.0,0.0
Pedro de la Rosa,2002,17,0,0,0.0,6,14.176470588235293,16.352941176470587,2.176470588235294,17,0.0,0.0
Pedro de la Rosa,2005,1,0,0,4.0,1,5.0,8.0,3.0,0,0.0,0.0
Pedro de la Rosa,2006,8,0,1,19.0,5,9.5,8.875,-0.625,3,0.0,12.5
Pedro de la Rosa,2010,14,0,0,6.0,1,16.5,14.428571428571429,-2.0714285714285716,10,0.0,0.0
Pedro de la Rosa,2011,1,0,0,0.0,0,12.0,17.0,5.0,0,0.0,0.0
Pedro de la Rosa,2012,20,0,0,0.0,0,20.0,20.75,2.0,19,0.0,0.0
Perry McCarthy,1992,7,0,0,0.0,0,31.428571428571427,0.0,,7,0.0,0.0
Pete Lovely,1959,1,0,0,0.0,0,22.0,0.0,,1,0.0,0.0
Pete Lovely,1960,1,0,0,0.0,0,11.0,20.0,9.0,1,0.0,0.0
Pete Lovely,1969,3,0,0,0.0,2,10.0,16.0,6.0,3,0.0,0.0
Pete Lovely,1970,4,0,0,0.0,1,20.5,5.75,13.0,4,0.0,0.0
Pete Lovely,1971,2,0,0,0.0,0,19.5,27.0,7.5,2,0.0,0.0
Peter Arundell,1962,1,0,0,0.0,0,18.0,0.0,,1,0.0,0.0
Peter Arundell,1963,2,0,0,0.0,0,21.0,0.0,,2,0.0,0.0
Peter Arundell,1964,4,0,2,11.0,4,4.75,5.0,0.25,3,0.0,50.0
Peter Arundell,1966,8,0,0,1.0,4,11.625,14.625,5.857142857142857,8,0.0,0.0
Peter Ashdown,1959,1,0,0,0.0,0,12.0,23.0,11.0,1,0.0,0.0
Peter Broeker,1963,1,0,0,0.0,1,7.0,21.0,14.0,1,0.0,0.0
Peter Collins,1952,5,0,0,0.0,1,18.8,7.8,-6.75,5,0.0,0.0
Peter Collins,1953,4,0,0,0.0,1,13.75,18.0,4.25,4,0.0,0.0
Peter Collins,1954,3,0,0,0.0,1,18.333333333333332,9.0,-3.0,3,0.0,0.0
Peter Collins,1955,2,0,0,0.0,0,15.5,17.5,2.0,2,0.0,0.0
Peter Collins,1956,8,2,5,25.0,6,5.75,6.125,0.375,4,25.0,62.5
Peter Collins,1957,8,0,2,8.0,4,8.375,6.375,-2.0,6,0.0,25.0
Peter Collins,1958,7,1,2,14.0,4,8.857142857142858,5.714285714285714,-3.142857142857143,4,14.29,28.57
Peter Gethin,1970,7,0,0,1.0,3,13.0,15.285714285714286,2.2857142857142856,7,0.0,0.0
Peter Gethin,1971,11,1,1,9.0,5,12.363636363636363,15.545454545454545,3.1818181818181817,10,9.09,9.09
Peter Gethin,1972,10,0,0,1.0,1,18.6,16.3,-2.3,9,0.0,0.0
Peter Gethin,1973,1,0,0,0.0,0,26.0,25.0,-1.0,1,0.0,0.0
Peter Gethin,1974,1,0,0,0.0,0,25.0,21.0,-4.0,1,0.0,0.0
Peter Hirt,1951,1,0,0,0.0,0,21.0,16.0,-5.0,1,0.0,0.0
Peter Hirt,1952,3,0,0,0.0,1,16.0,20.0,4.0,3,0.0,0.0
Peter Hirt,1953,1,0,0,0.0,0,17.0,17.0,0.0,1,0.0,0.0
Peter Monteverdi,1961,1,0,0,0.0,0,30.0,0.0,,1,0.0,0.0
Peter Revson,1964,5,0,0,0.0,0,14.4,13.6,3.5,5,0.0,0.0
Peter Revson,1971,1,0,0,0.0,0,29.0,19.0,-10.0,1,0.0,0.0
Peter Revson,1972,9,0,4,23.0,7,6.666666666666667,5.666666666666667,-1.0,4,0.0,44.44
Peter Revson,1973,14,2,4,38.0,11,7.642857142857143,6.928571428571429,-0.7142857142857143,7,14.29,28.57
Peter Revson,1974,2,0,0,0.0,0,23.0,5.0,-18.0,2,0.0,0.0
Peter Ryan,1961,1,0,0,0.0,1,9.0,13.0,4.0,1,0.0,0.0
Peter Walker,1950,1,0,0,0.0,0,20.0,10.0,-10.0,1,0.0,0.0
Peter Walker,1951,1,0,0,0.0,1,7.0,19.0,12.0,1,0.0,0.0
Peter Walker,1955,2,0,0,0.0,0,17.5,12.0,-5.5,2,0.0,0.0
Peter Westbury,1970,1,0,0,0.0,0,25.0,0.0,,1,0.0,0.0
Peter Whitehead,1950,3,0,1,4.0,2,10.0,19.0,9.0,3,0.0,33.33
Peter Whitehead,1951,4,0,0,0.0,1,16.5,14.0,-2.5,4,0.0,0.0
Peter Whitehead,1952,3,0,0,0.0,1,18.333333333333332,11.0,3.5,3,0.0,0.0
Peter Whitehead,1953,1,0,0,0.0,1,9.0,14.0,5.0,1,0.0,0.0
Peter Whitehead,1954,1,0,0,0.0,0,28.0,24.0,-4.0,1,0.0,0.0
Peter de Klerk,1963,1,0,0,0.0,0,15.0,16.0,1.0,1,0.0,0.0
Peter de Klerk,1965,1,0,0,0.0,1,10.0,17.0,7.0,1,0.0,0.0
Peter de Klerk,1969,1,0,0,0.0,1,9.0,16.0,7.0,1,0.0,0.0
Peter de Klerk,1970,1,0,0,0.0,0,11.0,21.0,10.0,1,0.0,0.0
Phil Cade,1959,1,0,0,0.0,0,19.0,0.0,,1,0.0,0.0
Phil Hill,1958,4,0,2,9.0,4,5.5,8.75,3.25,1,0.0,50.0
Phil Hill,1959,7,0,3,20.0,5,6.142857142857143,6.571428571428571,0.42857142857142855,4,0.0,42.86
Phil Hill,1960,9,1,2,16.0,6,7.0,7.666666666666667,0.6666666666666666,7,11.11,22.22
Phil Hill,1961,7,2,6,38.0,7,3.0,2.0,-1.0,1,28.57,85.71
Phil Hill,1962,6,0,3,14.0,3,9.0,10.166666666666666,1.1666666666666667,3,0.0,50.0
Phil Hill,1963,9,0,0,0.0,0,17.555555555555557,9.88888888888889,0.3333333333333333,9,0.0,0.0
Phil Hill,1964,9,0,0,1.0,5,11.222222222222221,13.333333333333334,2.111111111111111,9,0.0,0.0
Phil Hill,1966,1,0,0,0.0,0,21.0,0.0,,1,0.0,0.0
Philip Fotheringham-Parker,1951,1,0,0,0.0,0,17.0,16.0,-1.0,1,0.0,0.0
Philippe Adams,1994,2,0,0,0.0,0,18.5,25.5,7.0,2,0.0,0.0
Philippe Alliot,1984,15,0,0,0.0,2,19.666666666666668,20.666666666666668,5.3076923076923075,15,0.0,0.0
Philippe Alliot,1985,14,0,0,0.0,1,19.571428571428573,20.357142857142858,2.6153846153846154,14,0.0,0.0
Philippe Alliot,1986,7,0,0,1.0,3,14.428571428571429,11.428571428571429,-3.0,7,0.0,0.0
Philippe Alliot,1987,15,0,0,3.0,5,14.4,20.066666666666666,5.666666666666667,15,0.0,0.0
Philippe Alliot,1988,16,0,0,0.0,4,15.1875,17.4375,2.25,16,0.0,0.0
Philippe Alliot,1989,16,0,0,1.0,2,18.625,12.625,-4.266666666666667,16,0.0,0.0
Philippe Alliot,1990,16,0,0,0.0,3,15.9375,16.1875,4.142857142857143,16,0.0,0.0
Philippe Alliot,1993,14,0,0,2.0,6,12.571428571428571,16.0,3.4285714285714284,14,0.0,0.0
Philippe Alliot,1994,2,0,0,0.0,0,22.5,16.5,-6.0,2,0.0,0.0
Philippe Streiff,1984,1,0,0,0.0,0,21.0,13.0,-8.0,1,0.0,0.0
Philippe Streiff,1985,5,0,1,4.0,4,8.2,15.8,7.6,4,0.0,20.0
Philippe Streiff,1986,16,0,0,3.0,6,13.375,18.125,4.75,16,0.0,0.0
Philippe Streiff,1987,16,0,0,4.0,8,12.3125,21.0,8.6875,16,0.0,0.0
Philippe Streiff,1988,16,0,0,0.0,4,16.75,16.5625,-0.1875,16,0.0,0.0
Philippe Étancelin,1950,6,0,0,3.0,4,8.833333333333334,8.333333333333334,-0.5,6,0.0,0.0
Philippe Étancelin,1951,5,0,0,0.0,2,12.8,13.2,0.4,5,0.0,0.0
Philippe Étancelin,1952,1,0,0,0.0,1,8.0,18.0,10.0,1,0.0,0.0
Piercarlo Ghinzani,1981,2,0,0,0.0,0,19.0,12.0,11.0,2,0.0,0.0
Piercarlo Ghinzani,1983,15,0,0,0.0,0,23.866666666666667,11.6,5.142857142857143,15,0.0,0.0
Piercarlo Ghinzani,1984,16,0,0,2.0,4,18.1875,18.625,4.357142857142857,16,0.0,0.0
Piercarlo Ghinzani,1985,15,0,0,0.0,1,19.466666666666665,17.4,1.2307692307692308,15,0.0,0.0
Piercarlo Ghinzani,1986,16,0,0,0.0,0,20.75,22.5625,3.3333333333333335,16,0.0,0.0
Piercarlo Ghinzani,1987,15,0,0,0.0,4,15.6,20.4,4.8,15,0.0,0.0
Piercarlo Ghinzani,1988,16,0,0,0.0,0,22.875,11.0625,5.625,16,0.0,0.0
Piercarlo Ghinzani,1989,16,0,0,0.0,0,30.5625,4.25,3.0,16,0.0,0.0
Pierluigi Martini,1984,1,0,0,0.0,0,27.0,0.0,,1,0.0,0.0
Pierluigi Martini,1985,15,0,0,0.0,2,17.266666666666666,23.8,6.533333333333333,15,0.0,0.0
Pierluigi Martini,1988,11,0,0,1.0,2,18.272727272727273,13.818181818181818,1.0,11,0.0,0.0
Pierluigi Martini,1989,15,0,0,5.0,6,15.6,12.266666666666667,-3.3333333333333335,15,0.0,0.0
Pierluigi Martini,1990,16,0,0,0.0,4,17.3125,11.8125,-4.066666666666666,16,0.0,0.0
Pierluigi Martini,1991,16,0,0,6.0,6,13.8125,13.5625,-0.25,15,0.0,0.0
Pierluigi Martini,1992,16,0,0,2.0,6,14.875,18.0625,3.1875,16,0.0,0.0
Pierluigi Martini,1993,8,0,0,0.0,3,14.5,18.625,4.125,8,0.0,0.0
Pierluigi Martini,1994,16,0,0,4.0,7,13.4375,15.625,2.1875,16,0.0,0.0
Pierluigi Martini,1995,9,0,0,0.0,2,14.555555555555555,17.77777777777778,3.2222222222222223,9,0.0,0.0
Piero Carini,1952,2,0,0,0.0,0,24.5,23.0,-1.5,2,0.0,0.0
Piero Carini,1953,1,0,0,0.0,0,24.0,20.0,-4.0,1,0.0,0.0
Piero Drogo,1960,1,0,0,0.0,1,8.0,15.0,7.0,1,0.0,0.0
Piero Dusio,1952,1,0,0,0.0,0,34.0,0.0,,1,0.0,0.0
Piero Scotti,1956,1,0,0,0.0,0,13.0,12.0,-1.0,1,0.0,0.0
Piero Taruffi,1950,1,0,0,0.0,0,13.0,7.0,-6.0,1,0.0,0.0
Piero Taruffi,1951,5,0,1,10.0,3,7.6,6.0,-1.6,3,0.0,20.0
Piero Taruffi,1952,6,1,3,22.0,5,5.666666666666667,3.6666666666666665,-2.0,5,16.67,50.0
Piero Taruffi,1954,1,0,0,0.0,1,6.0,13.0,7.0,1,0.0,0.0
Piero Taruffi,1955,4,0,1,9.0,3,7.25,7.25,5.0,3,0.0,25.0
Piero Taruffi,1956,1,0,0,0.0,0,18.0,4.0,-14.0,1,0.0,0.0
Pierre Gasly,2017,5,0,0,0.0,0,13.6,17.0,3.4,5,0.0,0.0
Pierre Gasly,2018,21,0,0,29.0,5,12.857142857142858,13.428571428571429,0.5714285714285714,14,0.0,0.0
Pierre Gasly,2019,21,0,1,95.0,14,9.333333333333334,9.047619047619047,0.55,12,0.0,4.76
Pierre Gasly,2020,17,1,1,75.0,10,10.352941176470589,10.235294117647058,-0.11764705882352941,7,5.88,5.88
Pierre Gasly,2021,22,0,1,110.0,15,9.363636363636363,6.363636363636363,-2.238095238095238,9,0.0,4.55
Pierre Gasly,2022,22,0,0,23.0,6,12.454545454545455,10.772727272727273,-0.8,9,0.0,0.0
Pierre Gasly,2023,22,0,1,54.0,11,10.681818181818182,11.136363636363637,0.45454545454545453,3,0.0,4.55
Pierre Gasly,2024,24,0,1,40.0,9,12.875,12.291666666666666,0.2608695652173913,13,0.0,4.17
Pierre Levegh,1950,3,0,0,0.0,2,10.0,13.0,3.0,3,0.0,0.0
Pierre Levegh,1951,3,0,0,0.0,2,10.333333333333334,17.333333333333332,7.0,3,0.0,0.0
Pierre-Henri Raphanel,1988,1,0,0,0.0,0,29.0,0.0,,1,0.0,0.0
Pierre-Henri Raphanel,1989,16,0,0,0.0,0,32.9375,1.125,-5.0,16,0.0,0.0
Piers Courage,1967,3,0,0,0.0,2,13.0,10.333333333333334,6.5,3,0.0,0.0
Piers Courage,1968,11,0,0,4.0,8,9.636363636363637,13.181818181818182,3.5454545454545454,10,0.0,0.0
Piers Courage,1969,10,0,2,16.0,5,8.9,8.9,0.0,7,0.0,20.0
Piers Courage,1970,5,0,0,0.0,1,15.6,12.6,-3.0,5,0.0,0.0
Pietro Fittipaldi,2020,2,0,0,0.0,0,18.0,18.5,0.5,1,0.0,0.0
Prince Bira,1950,4,0,0,5.0,2,12.0,10.75,-1.25,4,0.0,0.0
Prince Bira,1951,1,0,0,0.0,0,19.0,19.0,0.0,1,0.0,0.0
Prince Bira,1952,4,0,0,0.0,2,10.75,11.5,0.75,4,0.0,0.0
Prince Bira,1953,4,0,0,0.0,1,15.5,17.0,1.5,4,0.0,0.0
Prince Bira,1954,6,0,0,3.0,4,9.5,12.166666666666666,2.6666666666666665,6,0.0,0.0
Ralf Schumacher,1997,17,0,1,13.0,7,12.823529411764707,8.588235294117647,-4.235294117647059,10,0.0,5.88
Ralf Schumacher,1998,16,0,2,14.0,7,12.3125,8.75,-3.5625,12,0.0,12.5
Ralf Schumacher,1999,16,0,3,35.0,13,7.375,9.8125,2.4375,6,0.0,18.75
Ralf Schumacher,2000,17,0,3,24.0,9,9.647058823529411,8.470588235294118,-1.1764705882352942,9,0.0,17.65
Ralf Schumacher,2001,17,3,5,49.0,10,8.882352941176471,3.411764705882353,-5.470588235294118,7,17.65,29.41
Ralf Schumacher,2002,17,1,6,42.0,12,7.176470588235294,3.4705882352941178,-3.7058823529411766,7,5.88,35.29
Ralf Schumacher,2003,15,2,3,58.0,12,6.8,5.933333333333334,-0.8666666666666667,5,13.33,20.0
Ralf Schumacher,2004,12,0,1,24.0,7,10.75,6.0,-4.75,6,0.0,8.33
Ralf Schumacher,2005,18,0,2,45.0,15,7.388888888888889,8.61111111111111,1.2222222222222223,6,0.0,11.11
Ralf Schumacher,2006,18,0,1,20.0,10,11.61111111111111,9.944444444444445,-1.6666666666666667,11,0.0,5.56
Ralf Schumacher,2007,17,0,0,5.0,5,13.705882352941176,12.352941176470589,-1.3529411764705883,14,0.0,0.0
Ralph Firman,2003,14,0,0,1.0,2,14.214285714285714,17.0,2.7857142857142856,14,0.0,0.0
Raul Boesel,1982,15,0,0,0.0,2,20.866666666666667,14.733333333333333,5.2,15,0.0,0.0
Raul Boesel,1983,15,0,0,0.0,4,15.8,20.066666666666666,9.076923076923077,15,0.0,0.0
Ray Crawford,1955,1,0,0,0.0,0,23.0,23.0,0.0,1,0.0,0.0
Ray Crawford,1956,1,0,0,0.0,0,29.0,17.0,-12.0,1,0.0,0.0
Ray Crawford,1959,1,0,0,0.0,0,23.0,32.0,9.0,1,0.0,0.0
Ray Reed,1965,1,0,0,0.0,0,29.0,0.0,,1,0.0,0.0
Raymond Sommer,1950,5,0,0,3.0,2,11.6,10.2,-1.4,5,0.0,0.0
Red Amick,1959,1,0,0,0.0,0,31.0,26.0,-5.0,1,0.0,0.0
Red Amick,1960,1,0,0,0.0,0,11.0,22.0,11.0,0,0.0,0.0
Reg Parnell,1950,2,0,1,4.0,1,8.0,7.5,-0.5,1,0.0,50.0
Reg Parnell,1951,3,0,0,5.0,2,10.0,12.333333333333334,2.3333333333333335,3,0.0,0.0
Reg Parnell,1952,1,0,0,0.0,1,7.0,6.0,-1.0,1,0.0,0.0
Reg Parnell,1954,1,0,0,0.0,0,23.0,14.0,-9.0,1,0.0,0.0
Reine Wisell,1970,2,0,1,4.0,2,6.5,10.5,4.0,1,0.0,50.0
Reine Wisell,1971,10,0,0,9.0,5,11.6,12.3,0.7,6,0.0,0.0
Reine Wisell,1972,8,0,0,0.0,1,17.625,13.75,-3.875,8,0.0,0.0
Reine Wisell,1973,2,0,0,0.0,0,21.0,18.0,-3.0,2,0.0,0.0
Reine Wisell,1974,1,0,0,0.0,0,14.0,16.0,2.0,1,0.0,0.0
Renato Pirocchi,1961,2,0,0,0.0,0,21.5,14.5,17.0,2,0.0,0.0
Renzo Zorzi,1975,1,0,0,0.0,0,14.0,22.0,8.0,1,0.0,0.0
Renzo Zorzi,1976,1,0,0,0.0,1,9.0,17.0,8.0,1,0.0,0.0
Renzo Zorzi,1977,5,0,0,1.0,1,17.0,20.6,3.6,5,0.0,0.0
René Arnoux,1978,9,0,0,0.0,3,17.333333333333332,13.666666666666666,8.333333333333334,9,0.0,0.0
René Arnoux,1979,15,0,3,17.0,5,14.666666666666666,8.666666666666666,-4.642857142857143,12,0.0,20.0
René Arnoux,1980,14,2,3,29.0,9,9.214285714285714,7.714285714285714,-1.5,10,14.29,21.43
René Arnoux,1981,15,0,1,11.0,7,13.333333333333334,6.333333333333333,-5.642857142857143,11,0.0,6.67
René Arnoux,1982,16,2,4,28.0,6,14.0625,3.4375,-10.625,12,12.5,25.0
René Arnoux,1983,15,3,7,49.0,11,7.8,3.2666666666666666,-4.533333333333333,8,20.0,46.67
René Arnoux,1984,16,0,4,27.0,11,9.1875,10.0625,0.875,10,0.0,25.0
René Arnoux,1985,1,0,0,3.0,1,4.0,7.0,3.0,1,0.0,0.0
René Arnoux,1986,16,0,0,14.0,9,9.4375,7.875,-1.5625,14,0.0,0.0
René Arnoux,1987,15,0,0,1.0,4,16.333333333333332,15.8,1.3571428571428572,15,0.0,0.0
René Arnoux,1988,16,0,0,0.0,1,19.75,18.375,2.5,16,0.0,0.0
René Arnoux,1989,16,0,0,2.0,2,20.6875,12.375,6.666666666666667,16,0.0,0.0
Ricardo Londoño,1981,1,0,0,0.0,0,30.0,0.0,,1,0.0,0.0
Ricardo Rodríguez,1961,1,0,0,0.0,0,17.0,2.0,-15.0,1,0.0,0.0
Ricardo Rodríguez,1962,5,0,0,4.0,3,11.2,7.8,1.25,3,0.0,0.0
Ricardo Rosset,1996,16,0,0,0.0,3,13.9375,19.0625,5.125,16,0.0,0.0
Ricardo Rosset,1997,1,0,0,0.0,0,24.0,24.0,0.0,1,0.0,0.0
Ricardo Rosset,1998,13,0,0,0.0,1,16.23076923076923,17.307692307692307,5.2727272727272725,13,0.0,0.0
Ricardo Zonta,1999,13,0,0,0.0,3,14.923076923076923,14.76923076923077,1.6666666666666667,12,0.0,0.0
Ricardo Zonta,2000,17,0,0,3.0,7,11.764705882352942,14.235294117647058,2.4705882352941178,13,0.0,0.0
Ricardo Zonta,2001,2,0,0,0.0,1,13.5,13.5,0.0,2,0.0,0.0
Ricardo Zonta,2004,5,0,0,0.0,1,14.2,14.6,0.4,4,0.0,0.0
Ricardo Zonta,2005,1,0,0,0.0,0,17.0,13.0,-4.0,1,0.0,0.0
Ricardo Zunino,1979,2,0,0,0.0,1,11.0,13.0,2.0,2,0.0,0.0
Ricardo Zunino,1980,7,0,0,0.0,3,17.142857142857142,16.142857142857142,3.0,7,0.0,0.0
Ricardo Zunino,1981,2,0,0,0.0,0,13.0,24.0,11.0,2,0.0,0.0
Riccardo Paletti,1982,8,0,0,0.0,1,25.875,7.375,-0.6666666666666666,8,0.0,0.0
Riccardo Patrese,1977,9,0,0,1.0,4,13.555555555555555,14.333333333333334,0.7777777777777778,9,0.0,0.0
Riccardo Patrese,1978,14,0,1,11.0,7,12.571428571428571,10.928571428571429,-1.6428571428571428,10,0.0,7.14
Riccardo Patrese,1979,15,0,0,2.0,3,14.266666666666667,16.0,1.7333333333333334,14,0.0,0.0
Riccardo Patrese,1980,14,0,1,7.0,6,12.928571428571429,13.285714285714286,0.35714285714285715,13,0.0,7.14
Riccardo Patrese,1981,15,0,2,10.0,4,14.466666666666667,10.266666666666667,-4.2,13,0.0,13.33
Riccardo Patrese,1982,15,1,3,21.0,4,14.666666666666666,6.666666666666667,-8.0,12,6.67,20.0
Riccardo Patrese,1983,15,1,2,13.0,6,14.733333333333333,6.666666666666667,-8.066666666666666,12,6.67,13.33
Riccardo Patrese,1984,16,0,1,8.0,6,14.25,14.125,-0.125,16,0.0,6.25
Riccardo Patrese,1985,16,0,0,0.0,3,17.0625,13.625,-3.4375,16,0.0,0.0
Riccardo Patrese,1986,16,0,0,2.0,4,14.9375,11.0625,-3.875,16,0.0,0.0
Riccardo Patrese,1987,16,0,1,6.0,5,15.5,9.0625,-6.4375,15,0.0,6.25
Riccardo Patrese,1988,16,0,0,8.0,7,13.4375,9.9375,-3.5,12,0.0,0.0
Riccardo Patrese,1989,16,0,6,40.0,9,9.25,5.4375,-3.8125,9,0.0,37.5
Riccardo Patrese,1990,16,1,1,23.0,11,9.25,5.75,-3.5,8,6.25,6.25
Riccardo Patrese,1991,16,2,8,53.0,11,8.125,3.5625,-4.5625,6,12.5,50.0
Riccardo Patrese,1992,16,1,9,56.0,11,7.5,2.5,-5.0,6,6.25,56.25
Riccardo Patrese,1993,16,0,2,20.0,9,10.6875,7.625,-3.0625,13,0.0,12.5
Richard Attwood,1964,1,0,0,0.0,0,25.0,24.0,-1.0,1,0.0,0.0
Richard Attwood,1965,8,0,0,2.0,3,10.75,14.375,3.625,8,0.0,0.0
Richard Attwood,1967,1,0,0,0.0,1,10.0,13.0,3.0,1,0.0,0.0
Richard Attwood,1968,6,0,1,6.0,3,10.166666666666666,14.333333333333334,4.166666666666667,5,0.0,16.67
Richard Attwood,1969,1,0,0,3.0,1,4.0,10.0,6.0,0,0.0,0.0
Richard Robarts,1974,4,0,0,0.0,0,18.75,17.25,7.0,4,0.0,0.0
Richie Ginther,1960,4,0,1,8.0,3,8.75,10.75,2.0,3,0.0,25.0
Richie Ginther,1961,7,0,3,16.0,5,7.142857142857143,4.571428571428571,-2.5714285714285716,2,0.0,42.86
Richie Ginther,1962,9,0,2,10.0,4,9.777777777777779,7.444444444444445,-2.3333333333333335,7,0.0,22.22
Richie Ginther,1963,10,0,5,34.0,8,6.2,6.6,0.4,5,0.0,50.0
Richie Ginther,1964,10,0,2,23.0,9,5.5,9.6,4.1,7,0.0,20.0
Richie Ginther,1965,8,1,1,11.0,4,10.5,7.125,-3.375,7,12.5,12.5
Richie Ginther,1966,5,0,0,5.0,4,7.4,7.0,-0.4,5,0.0,0.0
Richie Ginther,1967,1,0,0,0.0,0,19.0,0.0,,1,0.0,0.0
Rikky von Opel,1973,7,0,0,0.0,0,19.0,21.285714285714285,2.2857142857142856,7,0.0,0.0
Rikky von Opel,1974,6,0,0,0.0,2,20.0,14.833333333333334,5.25,6,0.0,0.0
Rio Haryanto,2016,12,0,0,0.0,0,18.666666666666668,19.833333333333332,1.1666666666666667,12,0.0,0.0
Rob Schroeder,1962,1,0,0,0.0,1,10.0,17.0,7.0,1,0.0,0.0
Rob Slotemaker,1962,1,0,0,0.0,0,21.0,0.0,,1,0.0,0.0
Robert Doornbos,2005,8,0,0,0.0,0,15.75,17.625,1.875,8,0.0,0.0
Robert Doornbos,2006,3,0,0,0.0,0,12.333333333333334,16.666666666666668,4.333333333333333,3,0.0,0.0
Robert Kubica,2006,6,0,1,6.0,3,11.333333333333334,8.833333333333334,-2.5,3,0.0,16.67
Robert Kubica,2007,16,0,0,39.0,12,8.875,6.875,-2.0,5,0.0,0.0
Robert Kubica,2008,18,1,7,75.0,15,5.611111111111111,5.833333333333333,0.2222222222222222,3,5.56,38.89
Robert Kubica,2009,17,0,1,17.0,7,11.705882352941176,10.705882352941176,-1.0,7,0.0,5.88
Robert Kubica,2010,19,0,3,136.0,15,8.31578947368421,6.947368421052632,-1.368421052631579,5,0.0,15.79
Robert Kubica,2019,21,0,0,1.0,1,17.0,15.952380952380953,1.5555555555555556,19,0.0,0.0
Robert Kubica,2021,2,0,0,0.0,0,14.5,16.5,2.0,1,0.0,0.0
Robert La Caze,1958,1,0,0,0.0,0,14.0,23.0,9.0,1,0.0,0.0
Robert Manzon,1950,3,0,0,3.0,1,14.0,11.0,-3.0,3,0.0,0.0
Robert Manzon,1951,4,0,0,0.0,2,12.0,13.5,1.5,4,0.0,0.0
Robert Manzon,1952,7,0,1,9.0,3,11.714285714285714,4.714285714285714,-7.0,6,0.0,14.29
Robert Manzon,1953,1,0,0,0.0,1,10.0,8.0,-2.0,1,0.0,0.0
Robert Manzon,1954,6,0,1,4.0,2,15.833333333333334,11.833333333333334,-1.4,6,0.0,16.67
Robert Manzon,1955,3,0,0,0.0,0,17.666666666666668,11.666666666666666,-6.0,3,0.0,0.0
Robert Manzon,1956,5,0,0,0.0,3,13.2,16.6,3.4,5,0.0,0.0
Robert O'Brien,1952,1,0,0,0.0,0,14.0,22.0,8.0,1,0.0,0.0
Roberto Bonomi,1960,1,0,0,0.0,0,11.0,17.0,6.0,1,0.0,0.0
Roberto Bussinello,1961,1,0,0,0.0,0,29.0,24.0,-5.0,1,0.0,0.0
Roberto Bussinello,1962,1,0,0,0.0,0,23.0,0.0,,1,0.0,0.0
Roberto Bussinello,1965,2,0,0,0.0,0,16.5,10.5,8.0,2,0.0,0.0
Roberto Guerrero,1982,15,0,0,0.0,1,22.533333333333335,10.533333333333333,-1.1111111111111112,15,0.0,0.0
Roberto Guerrero,1983,14,0,0,0.0,0,18.285714285714285,17.785714285714285,1.6153846153846154,14,0.0,0.0
Roberto Lippi,1961,1,0,0,0.0,0,31.0,32.0,1.0,1,0.0,0.0
Roberto Lippi,1962,1,0,0,0.0,0,28.0,0.0,,1,0.0,0.0
Roberto Lippi,1963,1,0,0,0.0,0,28.0,0.0,,1,0.0,0.0
Roberto Merhi,2015,13,0,0,0.0,0,15.692307692307692,18.23076923076923,2.5384615384615383,13,0.0,0.0
Roberto Mieres,1953,3,0,0,0.0,1,15.0,19.666666666666668,4.666666666666667,3,0.0,0.0
Roberto Mieres,1954,8,0,0,6.0,3,10.625,14.125,3.5,8,0.0,0.0
Roberto Mieres,1955,6,0,0,7.0,4,7.5,9.166666666666666,1.6666666666666667,6,0.0,0.0
Roberto Moreno,1982,1,0,0,0.0,0,30.0,0.0,,1,0.0,0.0
Roberto Moreno,1987,2,0,0,1.0,1,12.0,25.5,13.5,2,0.0,0.0
Roberto Moreno,1989,16,0,0,0.0,1,28.875,5.5625,2.5,16,0.0,0.0
Roberto Moreno,1990,16,0,1,6.0,2,26.0,3.5,2.0,15,0.0,6.25
Roberto Moreno,1991,14,0,0,8.0,7,12.428571428571429,10.857142857142858,-1.5714285714285714,13,0.0,0.0
Roberto Moreno,1992,8,0,0,0.0,0,29.0,3.25,7.0,8,0.0,0.0
Roberto Moreno,1995,17,0,0,0.0,0,17.235294117647058,22.705882352941178,5.470588235294118,17,0.0,0.0
Robin Montgomerie-Charrington,1952,1,0,0,0.0,0,16.0,15.0,-1.0,1,0.0,0.0
Robin Widdows,1968,1,0,0,0.0,0,13.0,18.0,5.0,1,0.0,0.0
Rodger Ward,1951,1,0,0,0.0,0,27.0,25.0,-2.0,1,0.0,0.0
Rodger Ward,1952,1,0,0,0.0,0,23.0,22.0,-1.0,1,0.0,0.0
Rodger Ward,1953,1,0,0,0.0,0,16.0,10.0,-6.0,1,0.0,0.0
Rodger Ward,1954,1,0,0,0.0,0,22.0,16.0,-6.0,1,0.0,0.0
Rodger Ward,1955,1,0,0,0.0,0,28.0,30.0,2.0,1,0.0,0.0
Rodger Ward,1956,1,0,0,0.0,1,8.0,15.0,7.0,0,0.0,0.0
Rodger Ward,1957,1,0,0,0.0,0,30.0,24.0,-6.0,1,0.0,0.0
Rodger Ward,1958,1,0,0,0.0,0,20.0,11.0,-9.0,1,0.0,0.0
Rodger Ward,1959,2,1,1,8.0,2,5.5,12.5,7.0,1,50.0,50.0
Rodger Ward,1960,1,0,1,6.0,1,2.0,3.0,1.0,0,0.0,100.0
Rodger Ward,1963,1,0,0,0.0,0,14.0,17.0,3.0,1,0.0,0.0
Rodney Nuckey,1953,1,0,0,0.0,0,11.0,20.0,9.0,1,0.0,0.0
Rodney Nuckey,1954,1,0,0,0.0,0,32.0,29.0,-3.0,1,0.0,0.0
Roelof Wunderink,1975,6,0,0,0.0,0,20.5,11.333333333333334,7.333333333333333,6,0.0,0.0
Roger Laurent,1952,2,0,0,0.0,1,9.0,18.5,9.5,2,0.0,0.0
Roger Loyer,1954,1,0,0,0.0,0,14.0,16.0,2.0,1,0.0,0.0
Roger Penske,1961,1,0,0,0.0,1,8.0,16.0,8.0,1,0.0,0.0
Roger Penske,1962,1,0,0,0.0,1,9.0,13.0,4.0,1,0.0,0.0
Roger Williamson,1973,2,0,0,0.0,0,22.5,20.0,-2.5,2,0.0,0.0
Roland Ratzenberger,1994,3,0,0,0.0,0,21.333333333333332,17.666666666666668,7.5,3,0.0,0.0
Rolf Stommelen,1970,12,0,1,10.0,6,11.583333333333334,12.666666666666666,5.3,8,0.0,8.33
Rolf Stommelen,1971,10,0,0,3.0,4,13.3,16.0,2.7,9,0.0,0.0
Rolf Stommelen,1972,8,0,0,0.0,2,14.875,19.75,4.875,8,0.0,0.0
Rolf Stommelen,1973,4,0,0,0.0,0,13.25,15.0,1.75,3,0.0,0.0
Rolf Stommelen,1974,4,0,0,0.0,0,15.5,14.75,-0.75,4,0.0,0.0
Rolf Stommelen,1975,6,0,0,0.0,2,13.333333333333334,18.833333333333332,5.5,5,0.0,0.0
Rolf Stommelen,1976,3,0,0,1.0,1,12.666666666666666,17.0,4.333333333333333,2,0.0,0.0
Rolf Stommelen,1978,14,0,0,0.0,2,19.571428571428573,13.214285714285714,6.777777777777778,14,0.0,0.0
Romain Grosjean,2009,7,0,0,0.0,0,16.428571428571427,16.0,-0.42857142857142855,6,0.0,0.0
Romain Grosjean,2012,19,0,3,96.0,10,12.842105263157896,7.7368421052631575,-5.105263157894737,9,0.0,15.79
Romain Grosjean,2013,19,0,6,132.0,13,9.578947368421053,8.105263157894736,-1.4736842105263157,6,0.0,31.58
Romain Grosjean,2014,19,0,0,8.0,2,14.736842105263158,14.947368421052632,0.21052631578947367,17,0.0,0.0
Romain Grosjean,2015,19,0,1,51.0,10,11.157894736842104,10.263157894736842,-0.8947368421052632,11,0.0,5.26
Romain Grosjean,2016,21,0,0,29.0,5,13.857142857142858,14.047619047619047,0.19047619047619047,15,0.0,0.0
Romain Grosjean,2017,20,0,0,28.0,8,12.25,13.2,0.95,14,0.0,0.0
Romain Grosjean,2018,21,0,0,37.0,7,12.571428571428571,10.142857142857142,-2.4285714285714284,16,0.0,0.0
Romain Grosjean,2019,21,0,0,8.0,3,15.047619047619047,11.571428571428571,-3.4761904761904763,16,0.0,0.0
Romain Grosjean,2020,15,0,0,2.0,1,15.333333333333334,14.133333333333333,0.8461538461538461,9,0.0,0.0
Ron Flockhart,1954,1,0,0,0.0,0,20.0,10.0,-10.0,1,0.0,0.0
Ron Flockhart,1956,2,0,1,4.0,1,15.0,21.5,6.5,2,0.0,50.0
Ron Flockhart,1957,2,0,0,0.0,1,12.0,11.0,-1.0,2,0.0,0.0
Ron Flockhart,1958,3,0,0,0.0,0,22.666666666666668,5.0,-9.0,3,0.0,0.0
Ron Flockhart,1959,5,0,0,0.0,3,10.0,12.0,2.0,4,0.0,0.0
Ron Flockhart,1960,2,0,0,1.0,1,13.5,17.5,4.0,2,0.0,0.0
Ronnie Bucknum,1964,3,0,0,0.0,0,14.666666666666666,15.333333333333334,0.6666666666666666,3,0.0,0.0
Ronnie Bucknum,1965,6,0,0,2.0,1,14.0,11.666666666666666,-2.3333333333333335,6,0.0,0.0
Ronnie Bucknum,1966,2,0,0,0.0,2,9.0,15.5,6.5,2,0.0,0.0
Ronnie Peterson,1970,9,0,0,0.0,4,11.444444444444445,13.555555555555555,2.111111111111111,9,0.0,0.0
Ronnie Peterson,1971,11,0,5,33.0,9,6.909090909090909,9.0,2.090909090909091,5,0.0,45.45
Ronnie Peterson,1972,12,0,1,12.0,8,9.0,11.833333333333334,2.8333333333333335,8,0.0,8.33
Ronnie Peterson,1973,15,4,7,52.0,7,9.466666666666667,1.9333333333333333,-7.533333333333333,9,26.67,46.67
Ronnie Peterson,1974,15,3,4,35.0,8,10.933333333333334,6.666666666666667,-4.266666666666667,10,20.0,26.67
Ronnie Peterson,1975,14,0,0,6.0,6,13.5,12.785714285714286,-0.7142857142857143,10,0.0,0.0
Ronnie Peterson,1976,16,1,1,10.0,5,16.0,7.8125,-8.1875,13,6.25,6.25
Ronnie Peterson,1977,17,0,1,7.0,5,14.529411764705882,10.764705882352942,-3.764705882352941,14,0.0,5.88
Ronnie Peterson,1978,14,2,7,51.0,9,8.0,4.142857142857143,-3.857142857142857,5,14.29,50.0
Roy Salvadori,1952,1,0,0,0.0,1,8.0,19.0,11.0,1,0.0,0.0
Roy Salvadori,1953,5,0,0,0.0,0,23.4,17.0,-6.4,5,0.0,0.0
Roy Salvadori,1954,2,0,0,0.0,0,17.0,8.5,-8.5,2,0.0,0.0
Roy Salvadori,1955,1,0,0,0.0,0,16.0,20.0,4.0,1,0.0,0.0
Roy Salvadori,1956,3,0,0,0.0,0,15.333333333333334,10.0,-5.333333333333333,3,0.0,0.0
Roy Salvadori,1957,5,0,0,2.0,2,12.6,10.0,1.0,5,0.0,0.0
Roy Salvadori,1958,9,0,2,15.0,8,6.555555555555555,9.777777777777779,3.2222222222222223,7,0.0,22.22
Roy Salvadori,1959,7,0,0,0.0,4,10.285714285714286,11.285714285714286,1.0,7,0.0,0.0
Roy Salvadori,1960,4,0,0,0.0,1,15.0,10.0,-0.6666666666666666,4,0.0,0.0
Roy Salvadori,1961,5,0,0,2.0,4,8.4,14.6,6.2,3,0.0,0.0
Roy Salvadori,1962,9,0,0,0.0,0,17.11111111111111,9.666666666666666,-3.4285714285714284,9,0.0,0.0
Rubens Barrichello,1993,16,0,0,2.0,5,15.5625,14.1875,-1.375,15,0.0,0.0
Rubens Barrichello,1994,16,0,1,19.0,7,12.5625,7.9375,-3.1333333333333333,12,0.0,6.25
Rubens Barrichello,1995,17,0,1,11.0,6,12.117647058823529,9.529411764705882,-2.588235294117647,15,0.0,5.88
Rubens Barrichello,1996,16,0,0,14.0,10,9.8125,8.0625,-1.75,9,0.0,0.0
Rubens Barrichello,1997,17,0,1,6.0,1,15.764705882352942,11.117647058823529,-4.647058823529412,16,0.0,5.88
Rubens Barrichello,1998,16,0,0,4.0,5,14.4375,13.25,-1.1875,15,0.0,0.0
Rubens Barrichello,1999,16,0,3,21.0,11,9.5,6.5625,-2.9375,8,0.0,18.75
Rubens Barrichello,2000,17,1,9,62.0,13,6.294117647058823,4.823529411764706,-1.4705882352941178,5,5.88,52.94
Rubens Barrichello,2001,17,0,10,56.0,13,6.470588235294118,4.470588235294118,-2.0,4,0.0,58.82
Rubens Barrichello,2002,17,4,10,77.0,12,6.882352941176471,2.8823529411764706,-4.0,6,23.53,58.82
Rubens Barrichello,2003,16,2,8,65.0,11,7.9375,3.625,-4.3125,6,12.5,50.0
Rubens Barrichello,2004,18,2,14,114.0,16,4.0,4.555555555555555,0.5555555555555556,1,11.11,77.78
Rubens Barrichello,2005,19,0,4,38.0,14,8.263157894736842,10.526315789473685,2.263157894736842,9,0.0,21.05
Rubens Barrichello,2006,18,0,0,30.0,13,9.555555555555555,7.611111111111111,-1.9444444444444444,8,0.0,0.0
Rubens Barrichello,2007,17,0,0,0.0,5,12.823529411764707,15.058823529411764,2.235294117647059,14,0.0,0.0
Rubens Barrichello,2008,18,0,1,11.0,3,13.88888888888889,14.833333333333334,0.9444444444444444,13,0.0,5.56
Rubens Barrichello,2009,17,2,6,77.0,16,5.411764705882353,4.529411764705882,-0.8823529411764706,1,11.76,35.29
Rubens Barrichello,2010,19,0,0,47.0,10,11.052631578947368,9.421052631578947,-1.631578947368421,9,0.0,0.0
Rubens Barrichello,2011,19,0,0,4.0,2,14.368421052631579,14.842105263157896,0.47368421052631576,15,0.0,0.0
Rudi Fischer,1951,2,0,0,0.0,1,8.5,9.0,0.5,2,0.0,0.0
Rudi Fischer,1952,5,0,2,10.0,2,10.4,11.8,1.4,3,0.0,40.0
Rudolf Krause,1952,1,0,0,0.0,0,20.0,23.0,3.0,1,0.0,0.0
Rudolf Krause,1953,1,0,0,0.0,0,14.0,26.0,12.0,1,0.0,0.0
Rudolf Schoeller,1952,1,0,0,0.0,0,21.0,24.0,3.0,1,0.0,0.0
Rupert Keegan,1977,12,0,0,0.0,4,14.333333333333334,20.25,5.916666666666667,12,0.0,0.0
Rupert Keegan,1978,13,0,0,0.0,0,23.076923076923077,10.0,2.1666666666666665,13,0.0,0.0
Rupert Keegan,1980,7,0,0,0.0,1,17.571428571428573,10.571428571428571,7.0,7,0.0,0.0
Rupert Keegan,1982,5,0,0,0.0,0,22.6,14.2,4.333333333333333,5,0.0,0.0
Sakon Yamamoto,2006,7,0,0,0.0,0,18.428571428571427,20.857142857142858,2.4285714285714284,7,0.0,0.0
Sakon Yamamoto,2007,7,0,0,0.0,0,18.428571428571427,21.571428571428573,3.142857142857143,7,0.0,0.0
Sakon Yamamoto,2010,7,0,0,0.0,0,18.714285714285715,22.714285714285715,4.0,7,0.0,0.0
Sam Hanks,1950,1,0,0,0.0,0,30.0,25.0,-5.0,1,0.0,0.0
Sam Hanks,1951,1,0,0,0.0,0,12.0,12.0,0.0,1,0.0,0.0
Sam Hanks,1952,1,0,1,4.0,1,3.0,5.0,2.0,0,0.0,100.0
Sam Hanks,1953,1,0,1,2.0,1,3.0,9.0,6.0,0,0.0,100.0
Sam Hanks,1954,2,0,0,0.0,0,15.5,18.5,3.0,1,0.0,0.0
Sam Hanks,1955,1,0,0,0.0,0,19.0,6.0,-13.0,1,0.0,0.0
Sam Hanks,1956,1,0,1,6.0,1,2.0,13.0,11.0,0,0.0,100.0
Sam Hanks,1957,1,1,1,8.0,1,1.0,13.0,12.0,0,100.0,100.0
Sam Posey,1971,1,0,0,0.0,0,25.0,17.0,-8.0,1,0.0,0.0
Sam Posey,1972,1,0,0,0.0,0,12.0,22.0,10.0,1,0.0,0.0
Sam Tingle,1962,1,0,0,0.0,0,21.0,0.0,,1,0.0,0.0
Sam Tingle,1963,1,0,0,0.0,0,20.0,17.0,-3.0,1,0.0,0.0
Sam Tingle,1965,1,0,0,0.0,0,13.0,20.0,7.0,1,0.0,0.0
Sam Tingle,1967,1,0,0,0.0,1,9.0,14.0,5.0,1,0.0,0.0
Sam Tingle,1968,1,0,0,0.0,0,15.0,22.0,7.0,1,0.0,0.0
Sam Tingle,1969,1,0,0,0.0,1,8.0,17.0,9.0,1,0.0,0.0
Satoru Nakajima,1987,16,0,0,7.0,8,13.1875,15.0,1.8125,15,0.0,0.0
Satoru Nakajima,1988,16,0,0,1.0,7,15.4375,9.75,-2.5714285714285716,16,0.0,0.0
Satoru Nakajima,1989,16,0,0,3.0,5,16.5625,15.8125,5.461538461538462,15,0.0,0.0
Satoru Nakajima,1990,16,0,0,3.0,4,17.0625,13.25,-2.3333333333333335,15,0.0,0.0
Satoru Nakajima,1991,16,0,0,2.0,3,16.875,15.5625,-1.3125,16,0.0,0.0
Scott Speed,2006,18,0,0,0.0,3,13.777777777777779,16.166666666666668,2.388888888888889,17,0.0,0.0
Scott Speed,2007,10,0,0,0.0,1,17.4,17.7,0.3,10,0.0,0.0
Sebastian Vettel,2007,8,0,0,6.0,2,15.375,14.375,-1.0,6,0.0,0.0
Sebastian Vettel,2008,18,1,1,35.0,10,11.5,11.0,-0.5,7,5.56,5.56
Sebastian Vettel,2009,17,4,8,84.0,12,6.882352941176471,4.411764705882353,-2.4705882352941178,5,23.53,47.06
Sebastian Vettel,2010,19,5,10,256.0,15,6.0,1.9473684210526316,-4.052631578947368,4,26.32,52.63
Sebastian Vettel,2011,19,11,17,392.0,18,2.736842105263158,1.263157894736842,-1.4736842105263157,1,57.89,89.47
Sebastian Vettel,2012,20,5,10,281.0,17,5.25,5.05,-0.2,2,25.0,50.0
Sebastian Vettel,2013,19,13,16,397.0,18,2.6315789473684212,2.0526315789473686,-0.5789473684210527,1,68.42,84.21
Sebastian Vettel,2014,19,0,4,167.0,16,7.368421052631579,7.7894736842105265,0.42105263157894735,3,0.0,21.05
Sebastian Vettel,2015,19,3,13,278.0,17,4.105263157894737,5.315789473684211,1.2105263157894737,2,15.79,68.42
Sebastian Vettel,2016,21,0,7,212.0,17,7.285714285714286,6.0476190476190474,-1.2380952380952381,4,0.0,33.33
Sebastian Vettel,2017,20,5,13,317.0,18,4.15,3.15,-1.0,2,25.0,65.0
Sebastian Vettel,2018,21,5,12,320.0,20,3.857142857142857,2.857142857142857,-1.0,1,23.81,57.14
Sebastian Vettel,2019,21,1,9,240.0,16,6.428571428571429,4.238095238095238,-2.1904761904761907,5,4.76,42.86
Sebastian Vettel,2020,17,0,1,33.0,7,11.529411764705882,12.058823529411764,0.5294117647058824,8,0.0,5.88
Sebastian Vettel,2021,22,0,1,43.0,7,12.045454545454545,11.181818181818182,-0.19047619047619047,16,0.0,4.55
Sebastian Vettel,2022,20,0,0,37.0,10,11.45,12.6,2.1052631578947367,7,0.0,0.0
Sergey Sirotkin,2018,21,0,0,1.0,1,15.523809523809524,16.285714285714285,0.7619047619047619,19,0.0,0.0
Sergio Mantovani,1953,1,0,0,0.0,1,7.0,12.0,5.0,1,0.0,0.0
Sergio Mantovani,1954,6,0,0,4.0,5,9.666666666666666,9.0,3.6,5,0.0,0.0
Sergio Mantovani,1955,2,0,0,0.0,2,7.5,18.5,11.0,2,0.0,0.0
Sergio Pérez,2011,18,0,0,14.0,5,14.222222222222221,13.222222222222221,0.35294117647058826,16,0.0,0.0
Sergio Pérez,2012,20,0,3,66.0,7,12.85,12.2,-0.65,7,0.0,15.0
Sergio Pérez,2013,19,0,0,49.0,11,10.157894736842104,11.0,0.8421052631578947,5,0.0,0.0
Sergio Pérez,2014,19,0,1,59.0,12,11.157894736842104,12.052631578947368,0.8947368421052632,10,0.0,5.26
Sergio Pérez,2015,19,0,1,78.0,12,9.105263157894736,10.263157894736842,1.1578947368421053,11,0.0,5.26
Sergio Pérez,2016,21,0,2,101.0,16,8.571428571428571,9.761904761904763,1.1904761904761905,7,0.0,9.52
Sergio Pérez,2017,20,0,0,100.0,17,8.25,8.85,0.6,10,0.0,0.0
Sergio Pérez,2018,21,0,1,62.0,12,10.571428571428571,11.19047619047619,0.6190476190476191,10,0.0,4.76
Sergio Pérez,2019,21,0,0,52.0,11,10.80952380952381,12.238095238095237,2.0,13,0.0,0.0
Sergio Pérez,2020,15,1,2,125.0,13,7.4,7.4,0.0,5,6.67,13.33
Sergio Pérez,2021,22,1,5,190.0,16,7.545454545454546,4.409090909090909,-1.1666666666666667,5,4.55,22.73
Sergio Pérez,2022,22,2,11,291.0,19,5.409090909090909,4.818181818181818,-0.5909090909090909,3,9.09,50.0
Sergio Pérez,2023,22,2,9,260.0,19,5.863636363636363,7.454545454545454,2.5,3,9.09,40.91
Sergio Pérez,2024,24,0,4,138.0,16,9.625,8.541666666666666,-0.391304347826087,8,0.0,16.67
Shinji Nakano,1997,17,0,0,2.0,5,13.529411764705882,16.41176470588235,2.8823529411764706,12,0.0,0.0
Shinji Nakano,1998,16,0,0,0.0,4,13.75,19.9375,6.1875,16,0.0,0.0
Shorty Templeman,1955,1,0,0,0.0,0,18.0,31.0,13.0,1,0.0,0.0
Shorty Templeman,1958,1,0,0,0.0,0,19.0,23.0,4.0,1,0.0,0.0
Shorty Templeman,1960,1,0,0,0.0,0,17.0,19.0,2.0,1,0.0,0.0
Siegfried Stohr,1981,13,0,0,0.0,2,19.846153846153847,13.76923076923077,3.0,13,0.0,0.0
Silvio Moser,1967,1,0,0,0.0,0,15.0,20.0,5.0,1,0.0,0.0
Silvio Moser,1968,4,0,0,2.0,1,14.0,6.5,5.0,4,0.0,0.0
Silvio Moser,1969,7,0,0,1.0,2,11.571428571428571,15.0,3.4285714285714284,7,0.0,0.0
Silvio Moser,1970,5,0,0,0.0,0,23.4,4.8,3.0,5,0.0,0.0
Silvio Moser,1971,1,0,0,0.0,0,21.0,22.0,1.0,1,0.0,0.0
Skip Barber,1971,4,0,0,0.0,0,18.75,18.25,6.666666666666667,4,0.0,0.0
Skip Barber,1972,2,0,0,0.0,0,18.0,21.0,3.0,2,0.0,0.0
Slim Borgudd,1981,12,0,0,1.0,2,19.25,13.25,8.857142857142858,12,0.0,0.0
Slim Borgudd,1982,3,0,0,0.0,2,11.0,22.666666666666668,11.666666666666666,3,0.0,0.0
Stefan Bellof,1984,12,0,0,0.0,3,16.333333333333332,19.583333333333332,5.909090909090909,12,0.0,0.0
Stefan Bellof,1985,10,0,0,4.0,4,11.9,20.2,11.666666666666666,9,0.0,0.0
Stefan Johansson,1980,2,0,0,0.0,0,26.5,0.0,,2,0.0,0.0
Stefan Johansson,1983,6,0,0,0.0,1,16.833333333333332,16.0,-0.8333333333333334,6,0.0,0.0
Stefan Johansson,1984,7,0,0,3.0,2,16.0,18.428571428571427,7.333333333333333,7,0.0,0.0
Stefan Johansson,1985,16,0,2,26.0,11,9.75,12.125,2.375,12,0.0,12.5
Stefan Johansson,1986,16,0,4,23.0,8,10.5625,11.3125,0.75,14,0.0,25.0
Stefan Johansson,1987,16,0,5,30.0,11,9.0,9.8125,0.8125,9,0.0,31.25
Stefan Johansson,1988,16,0,0,0.0,3,21.375,14.0625,5.3,16,0.0,0.0
Stefan Johansson,1989,16,0,1,6.0,3,22.75,9.125,5.125,15,0.0,6.25
Stefan Johansson,1990,2,0,0,0.0,0,27.5,0.0,,2,0.0,0.0
Stefan Johansson,1991,6,0,0,0.0,0,26.0,4.166666666666667,12.0,6,0.0,0.0
Stefano Modena,1987,1,0,0,0.0,0,20.0,15.0,-5.0,1,0.0,0.0
Stefano Modena,1988,16,0,0,0.0,0,20.6875,13.8125,7.0,16,0.0,0.0
Stefano Modena,1989,16,0,1,4.0,3,16.4375,10.625,-4.4,16,0.0,6.25
Stefano Modena,1990,16,0,0,2.0,3,16.6875,16.4375,-0.25,15,0.0,0.0
Stefano Modena,1991,16,0,1,10.0,5,12.3125,10.0,-2.3125,13,0.0,6.25
Stefano Modena,1992,16,0,0,1.0,2,20.0625,14.25,1.6666666666666667,16,0.0,0.0
Stephen South,1980,1,0,0,0.0,0,27.0,0.0,,1,0.0,0.0
Stirling Moss,1951,1,0,0,0.0,1,8.0,14.0,6.0,1,0.0,0.0
Stirling Moss,1952,5,0,0,0.0,0,17.2,10.8,-6.4,5,0.0,0.0
Stirling Moss,1953,4,0,0,0.0,2,11.25,11.0,-0.25,4,0.0,0.0
Stirling Moss,1954,6,0,1,4.0,2,12.833333333333334,4.666666666666667,-8.166666666666666,6,0.0,16.67
Stirling Moss,1955,7,1,3,23.0,5,6.428571428571429,4.142857142857143,-2.2857142857142856,4,14.29,42.86
Stirling Moss,1956,9,2,4,28.0,6,6.666666666666667,5.777777777777778,-0.8888888888888888,5,22.22,44.44
Stirling Moss,1957,7,3,3,25.0,5,6.142857142857143,2.7142857142857144,-3.4285714285714284,3,42.86,42.86
Stirling Moss,1958,10,4,5,41.0,5,8.5,4.0,-4.5,5,40.0,50.0
Stirling Moss,1959,8,2,3,25.5,4,7.875,2.5,-5.375,5,25.0,37.5
Stirling Moss,1960,7,2,3,19.0,5,7.428571428571429,2.7142857142857144,-4.714285714285714,3,28.57,42.86
Stirling Moss,1961,9,2,2,21.0,4,10.88888888888889,6.555555555555555,-4.333333333333333,5,22.22,22.22
Stoffel Vandoorne,2016,1,0,0,1.0,1,10.0,12.0,2.0,1,0.0,0.0
Stoffel Vandoorne,2017,20,0,0,13.0,3,13.7,14.6,0.9,17,0.0,0.0
Stoffel Vandoorne,2018,21,0,0,12.0,4,12.857142857142858,15.904761904761905,3.0476190476190474,16,0.0,0.0
Stuart Lewis-Evans,1957,6,0,0,5.0,4,9.666666666666666,7.833333333333333,-1.8333333333333333,6,0.0,0.0
Stuart Lewis-Evans,1958,8,0,2,11.0,3,10.25,5.75,-4.5,6,0.0,25.0
Stéphane Sarrazin,1999,1,0,0,0.0,0,16.0,18.0,2.0,1,0.0,0.0
Syd van der Vyver,1962,1,0,0,0.0,0,19.0,0.0,,1,0.0,0.0
Sébastien Bourdais,2008,18,0,0,4.0,4,14.222222222222221,13.666666666666666,-0.5555555555555556,12,0.0,0.0
Sébastien Bourdais,2009,9,0,0,2.0,3,14.0,17.11111111111111,3.111111111111111,4,0.0,0.0
Sébastien Buemi,2009,17,0,0,6.0,4,14.411764705882353,14.176470588235293,-0.23529411764705882,11,0.0,0.0
Sébastien Buemi,2010,19,0,0,8.0,4,14.473684210526315,14.789473684210526,0.3157894736842105,11,0.0,0.0
Sébastien Buemi,2011,19,0,0,15.0,7,14.105263157894736,14.578947368421053,0.47368421052631576,15,0.0,0.0
Taki Inoue,1994,1,0,0,0.0,0,24.0,26.0,2.0,1,0.0,0.0
Taki Inoue,1995,17,0,0,0.0,2,17.352941176470587,20.058823529411764,2.7058823529411766,17,0.0,0.0
Takuma Sato,2002,17,0,0,2.0,6,12.882352941176471,15.352941176470589,2.4705882352941178,16,0.0,0.0
Takuma Sato,2003,1,0,0,3.0,1,6.0,13.0,7.0,0,0.0,0.0
Takuma Sato,2004,18,0,1,34.0,10,10.055555555555555,8.222222222222221,-1.8333333333333333,9,0.0,5.56
Takuma Sato,2005,16,0,0,1.0,3,14.125,10.8125,-3.3125,15,0.0,0.0
Takuma Sato,2006,18,0,0,0.0,1,16.22222222222222,19.666666666666668,3.4444444444444446,18,0.0,0.0
Takuma Sato,2007,17,0,0,4.0,2,14.352941176470589,17.235294117647058,2.8823529411764706,16,0.0,0.0
Takuma Sato,2008,4,0,0,0.0,0,14.25,20.5,6.25,4,0.0,0.0
Tarso Marques,1996,2,0,0,0.0,0,19.0,17.5,-1.5,2,0.0,0.0
Tarso Marques,1997,10,0,0,0.0,1,17.1,18.8,4.333333333333333,10,0.0,0.0
Tarso Marques,2001,14,0,0,0.0,2,14.928571428571429,20.214285714285715,7.384615384615385,14,0.0,0.0
Ted Whiteaway,1955,1,0,0,0.0,0,22.0,0.0,,1,0.0,0.0
Teddy Pilette,1974,1,0,0,0.0,0,17.0,27.0,10.0,1,0.0,0.0
Teddy Pilette,1977,3,0,0,0.0,0,31.0,0.0,,3,0.0,0.0
Teo Fabi,1982,14,0,0,0.0,1,24.357142857142858,9.214285714285714,-2.142857142857143,14,0.0,0.0
Teo Fabi,1984,12,0,1,9.0,4,12.583333333333334,11.833333333333334,-0.75,10,0.0,8.33
Teo Fabi,1985,13,0,0,0.0,0,17.615384615384617,12.923076923076923,-4.6923076923076925,13,0.0,0.0
Teo Fabi,1986,16,0,0,2.0,5,15.0,9.3125,-5.6875,16,0.0,0.0
Teo Fabi,1987,16,0,1,12.0,7,12.8125,7.5,-5.3125,16,0.0,6.25
Theo Fitzau,1953,1,0,0,0.0,0,27.0,21.0,-6.0,1,0.0,0.0
Theo Helfrich,1952,1,0,0,0.0,0,27.0,18.0,-9.0,1,0.0,0.0
Theo Helfrich,1953,1,0,0,0.0,0,12.0,28.0,16.0,1,0.0,0.0
Theo Helfrich,1954,1,0,0,0.0,0,14.0,21.0,7.0,1,0.0,0.0
Thierry Boutsen,1983,10,0,0,0.0,4,12.5,17.0,4.5,10,0.0,0.0
Thierry Boutsen,1984,16,0,0,5.0,5,14.25,15.6875,3.1333333333333333,16,0.0,0.0
Thierry Boutsen,1985,16,0,1,11.0,11,9.25,11.6875,2.4375,15,0.0,6.25
Thierry Boutsen,1986,16,0,0,0.0,7,12.1875,16.9375,4.75,16,0.0,0.0
Thierry Boutsen,1987,16,0,1,16.0,7,11.0,6.1875,-4.8125,14,0.0,6.25
Thierry Boutsen,1988,16,0,5,27.0,13,7.875,8.375,0.5,10,0.0,31.25
Thierry Boutsen,1989,16,2,5,37.0,10,10.25,7.25,-3.0,10,12.5,31.25
Thierry Boutsen,1990,16,1,3,34.0,10,10.375,5.625,-4.75,8,6.25,18.75
Thierry Boutsen,1991,16,0,0,0.0,6,14.875,18.5625,3.6875,16,0.0,0.0
Thierry Boutsen,1992,16,0,0,2.0,6,14.5625,13.0625,-1.5,15,0.0,0.0
Thierry Boutsen,1993,10,0,0,0.0,1,15.9,21.7,5.8,10,0.0,0.0
Thomas Monarch,1963,1,0,0,0.0,0,25.0,0.0,,1,0.0,0.0
Tiago Monteiro,2005,19,0,1,7.0,4,12.842105263157896,17.210526315789473,4.368421052631579,18,0.0,5.26
Tiago Monteiro,2006,18,0,0,0.0,1,16.11111111111111,18.166666666666668,2.0555555555555554,18,0.0,0.0
Tiff Needell,1980,2,0,0,0.0,0,23.0,11.5,3.0,2,0.0,0.0
Tim Parnell,1959,1,0,0,0.0,0,30.0,0.0,,1,0.0,0.0
Tim Parnell,1961,2,0,0,0.0,1,18.0,28.0,10.0,2,0.0,0.0
Tim Parnell,1963,1,0,0,0.0,0,25.0,0.0,,1,0.0,0.0
Tim Schenken,1970,4,0,0,0.0,0,15.5,18.75,3.25,4,0.0,0.0
Tim Schenken,1971,10,0,1,5.0,4,13.6,13.6,0.0,8,0.0,10.0
Tim Schenken,1972,12,0,0,2.0,3,16.416666666666668,13.5,-2.9166666666666665,11,0.0,0.0
Tim Schenken,1973,1,0,0,0.0,0,14.0,24.0,10.0,1,0.0,0.0
Tim Schenken,1974,9,0,0,0.0,2,20.0,18.11111111111111,5.285714285714286,9,0.0,0.0
Timmy Mayer,1962,1,0,0,0.0,0,16.0,12.0,-4.0,1,0.0,0.0
Timo Glock,2004,4,0,0,2.0,1,13.0,16.5,3.5,4,0.0,0.0
Timo Glock,2008,18,0,1,25.0,9,10.444444444444445,11.055555555555555,0.6111111111111112,8,0.0,5.56
Timo Glock,2009,15,0,2,24.0,12,8.666666666666666,12.333333333333334,3.6666666666666665,3,0.0,13.33
Timo Glock,2010,19,0,0,0.0,0,18.789473684210527,20.210526315789473,1.4210526315789473,19,0.0,0.0
Timo Glock,2011,19,0,0,0.0,0,19.263157894736842,20.736842105263158,1.4736842105263157,19,0.0,0.0
Timo Glock,2012,20,0,0,0.0,0,17.7,19.35,3.0,18,0.0,0.0
Tom Belsø,1974,4,0,0,0.0,1,22.5,12.0,6.5,4,0.0,0.0
Tom Bridger,1958,1,0,0,0.0,0,19.0,22.0,3.0,1,0.0,0.0
Tom Jones,1967,1,0,0,0.0,0,18.0,0.0,,1,0.0,0.0
Tom Pryce,1974,9,0,0,1.0,3,15.88888888888889,13.222222222222221,-2.6666666666666665,8,0.0,0.0
Tom Pryce,1975,14,0,1,8.0,6,11.857142857142858,10.0,-1.8571428571428572,10,0.0,7.14
Tom Pryce,1976,16,0,1,10.0,11,9.625,12.5,2.875,11,0.0,6.25
Tom Pryce,1977,3,0,0,0.0,2,13.0,9.666666666666666,-3.3333333333333335,3,0.0,0.0
Tommy Byrne,1982,5,0,0,0.0,0,22.6,10.4,12.0,5,0.0,0.0
Tomáš Enge,2001,3,0,0,0.0,0,15.0,20.0,5.0,3,0.0,0.0
Toni Branca,1950,2,0,0,0.0,1,10.5,14.0,3.5,2,0.0,0.0
Toni Branca,1951,1,0,0,0.0,0,21.0,17.0,-4.0,1,0.0,0.0
Toni Ulmen,1952,2,0,0,0.0,1,13.5,15.5,2.0,2,0.0,0.0
Tony Bettenhausen,1950,2,0,0,1.0,1,18.0,8.5,-9.5,2,0.0,0.0
Tony Bettenhausen,1951,1,0,0,0.0,1,9.0,9.0,0.0,1,0.0,0.0
Tony Bettenhausen,1952,1,0,0,0.0,0,24.0,30.0,6.0,1,0.0,0.0
Tony Bettenhausen,1953,1,0,0,0.0,1,9.0,6.0,-3.0,1,0.0,0.0
Tony Bettenhausen,1954,2,0,0,0.0,0,22.0,14.5,-7.5,2,0.0,0.0
Tony Bettenhausen,1955,1,0,1,3.0,1,2.0,2.0,0.0,0,0.0,100.0
Tony Bettenhausen,1956,1,0,0,0.0,0,22.0,5.0,-17.0,1,0.0,0.0
Tony Bettenhausen,1957,1,0,0,0.0,0,15.0,22.0,7.0,1,0.0,0.0
Tony Bettenhausen,1958,1,0,0,4.0,1,4.0,9.0,5.0,0,0.0,0.0
Tony Bettenhausen,1959,1,0,0,3.0,1,4.0,15.0,11.0,0,0.0,0.0
Tony Bettenhausen,1960,1,0,0,0.0,0,23.0,18.0,-5.0,1,0.0,0.0
Tony Brise,1975,10,0,0,1.0,4,13.1,13.0,-0.1,9,0.0,0.0
Tony Brooks,1956,2,0,0,0.0,0,18.0,4.5,-10.0,2,0.0,0.0
Tony Brooks,1957,6,1,2,11.0,4,7.5,3.6666666666666665,-3.8333333333333335,4,16.67,33.33
Tony Brooks,1958,10,3,3,24.0,4,10.5,4.9,-5.6,7,30.0,30.0
Tony Brooks,1959,8,2,4,27.0,5,9.25,5.875,-3.375,4,25.0,50.0
Tony Brooks,1960,7,0,0,7.0,3,12.428571428571429,8.285714285714286,-4.142857142857143,7,0.0,0.0
Tony Brooks,1961,8,0,1,6.0,4,12.25,8.375,-3.875,6,0.0,12.5
Tony Crook,1952,1,0,0,0.0,0,21.0,25.0,4.0,1,0.0,0.0
Tony Crook,1953,1,0,0,0.0,0,27.0,25.0,-2.0,1,0.0,0.0
Tony Gaze,1952,4,0,0,0.0,0,21.75,14.0,-0.3333333333333333,4,0.0,0.0
Tony Maggs,1961,2,0,0,0.0,0,12.0,23.0,11.0,2,0.0,0.0
Tony Maggs,1962,9,0,2,13.0,7,7.333333333333333,13.222222222222221,5.888888888888889,7,0.0,22.22
Tony Maggs,1963,10,0,1,9.0,6,9.9,9.4,-0.5,9,0.0,10.0
Tony Maggs,1964,5,0,0,4.0,2,13.6,10.4,8.333333333333334,5,0.0,0.0
Tony Maggs,1965,1,0,0,0.0,0,11.0,13.0,2.0,1,0.0,0.0
Tony Marsh,1957,1,0,0,0.0,0,15.0,22.0,7.0,1,0.0,0.0
Tony Marsh,1958,1,0,0,0.0,1,8.0,14.0,6.0,0,0.0,0.0
Tony Marsh,1961,3,0,0,0.0,0,20.333333333333332,15.666666666666666,4.0,3,0.0,0.0
Tony Marsh,1962,4,0,0,0.0,0,23.75,0.0,,4,0.0,0.0
Tony Rolt,1950,1,0,0,0.0,0,20.0,10.0,-10.0,1,0.0,0.0
Tony Rolt,1953,1,0,0,0.0,0,12.0,10.0,-2.0,1,0.0,0.0
Tony Rolt,1955,1,0,0,0.0,0,19.0,14.0,-5.0,1,0.0,0.0
Tony Settember,1962,3,0,0,0.0,0,16.666666666666668,13.333333333333334,5.0,3,0.0,0.0
Tony Settember,1963,7,0,0,0.0,1,18.571428571428573,11.285714285714286,3.75,7,0.0,0.0
Tony Shelly,1962,3,0,0,0.0,0,23.333333333333332,6.0,-3.0,3,0.0,0.0
Tony Trimmer,1975,3,0,0,0.0,0,27.666666666666668,0.0,,3,0.0,0.0
Tony Trimmer,1976,1,0,0,0.0,0,26.0,0.0,,1,0.0,0.0
Tony Trimmer,1977,1,0,0,0.0,0,34.0,0.0,,1,0.0,0.0
Tony Trimmer,1978,1,0,0,0.0,0,30.0,0.0,,1,0.0,0.0
Toranosuke Takagi,1998,16,0,0,0.0,2,15.0,17.4375,2.4375,16,0.0,0.0
Toranosuke Takagi,1999,16,0,0,0.0,2,15.625,20.0625,4.4375,15,0.0,0.0
Torsten Palm,1975,2,0,0,0.0,1,17.0,10.5,11.0,2,0.0,0.0
Toshio Suzuki,1993,2,0,0,0.0,0,13.0,23.5,10.5,2,0.0,0.0
Toulo de Graffenried,1950,4,0,0,0.0,2,11.0,12.0,1.0,4,0.0,0.0
Toulo de Graffenried,1951,5,0,0,2.0,2,14.6,10.4,-4.2,5,0.0,0.0
Toulo de Graffenried,1952,4,0,0,0.0,1,16.75,12.75,3.6666666666666665,4,0.0,0.0
Toulo de Graffenried,1953,7,0,0,7.0,4,10.142857142857142,11.285714285714286,1.1428571428571428,7,0.0,0.0
Toulo de Graffenried,1954,2,0,0,0.0,1,9.5,17.0,7.5,2,0.0,0.0
Toulo de Graffenried,1956,1,0,0,0.0,1,7.0,19.0,12.0,1,0.0,0.0
Travis Webb,1950,1,0,0,0.0,0,20.0,14.0,-6.0,1,0.0,0.0
Travis Webb,1952,1,0,0,0.0,0,22.0,29.0,7.0,1,0.0,0.0
Travis Webb,1953,1,0,0,0.0,0,19.0,18.0,-1.0,1,0.0,0.0
Travis Webb,1954,1,0,0,0.0,0,30.0,29.0,-1.0,1,0.0,0.0
Trevor Blokdyk,1963,1,0,0,0.0,0,12.0,19.0,7.0,1,0.0,0.0
Trevor Blokdyk,1965,1,0,0,0.0,0,21.0,0.0,,1,0.0,0.0
Trevor Taylor,1959,1,0,0,0.0,0,29.0,0.0,,1,0.0,0.0
Trevor Taylor,1961,1,0,0,0.0,0,13.0,16.0,3.0,1,0.0,0.0
Trevor Taylor,1962,9,0,1,6.0,3,12.88888888888889,12.333333333333334,-0.5555555555555556,8,0.0,11.11
Trevor Taylor,1963,9,0,0,1.0,4,13.444444444444445,10.222222222222221,-3.2222222222222223,9,0.0,0.0
Trevor Taylor,1964,8,0,0,1.0,2,15.0,13.125,0.8571428571428571,8,0.0,0.0
Trevor Taylor,1966,1,0,0,0.0,0,20.0,18.0,-2.0,1,0.0,0.0
Troy Ruttman,1950,1,0,0,0.0,0,15.0,24.0,9.0,1,0.0,0.0
Troy Ruttman,1951,1,0,0,0.0,0,23.0,6.0,-17.0,1,0.0,0.0
Troy Ruttman,1952,1,1,1,8.0,1,1.0,7.0,6.0,0,100.0,100.0
Troy Ruttman,1954,1,0,0,1.5,1,4.0,11.0,7.0,0,0.0,0.0
Troy Ruttman,1956,1,0,0,0.0,0,31.0,11.0,-20.0,1,0.0,0.0
Troy Ruttman,1957,1,0,0,0.0,0,31.0,3.0,-28.0,1,0.0,0.0
Troy Ruttman,1958,2,0,0,0.0,1,18.0,9.0,8.0,2,0.0,0.0
Troy Ruttman,1960,1,0,0,0.0,0,20.0,6.0,-14.0,1,0.0,0.0
Ukyo Katayama,1992,16,0,0,0.0,2,17.0625,17.8125,5.0,16,0.0,0.0
Ukyo Katayama,1993,16,0,0,0.0,1,19.0,21.4375,2.4375,16,0.0,0.0
Ukyo Katayama,1994,16,0,0,5.0,4,16.1875,11.25,-4.9375,16,0.0,0.0
Ukyo Katayama,1995,16,0,0,0.0,4,16.0,15.625,-0.375,16,0.0,0.0
Ukyo Katayama,1996,16,0,0,0.0,4,13.75,15.0625,1.3125,15,0.0,0.0
Ukyo Katayama,1997,17,0,0,0.0,2,15.882352941176471,20.0,4.117647058823529,17,0.0,0.0
Umberto Maglioli,1953,1,0,0,0.0,1,8.0,11.0,3.0,1,0.0,0.0
Umberto Maglioli,1954,3,0,1,2.0,3,6.333333333333333,12.0,5.666666666666667,3,0.0,33.33
Umberto Maglioli,1955,2,0,1,1.33,2,4.5,8.5,4.0,2,0.0,50.0
Umberto Maglioli,1956,3,0,0,0.0,0,17.0,14.666666666666666,-2.3333333333333335,3,0.0,0.0
Umberto Maglioli,1957,1,0,0,0.0,0,17.0,15.0,-2.0,1,0.0,0.0
Valtteri Bottas,2013,19,0,0,4.0,1,14.421052631578947,14.894736842105264,0.47368421052631576,9,0.0,0.0
Valtteri Bottas,2014,19,0,6,186.0,17,6.105263157894737,6.2105263157894735,0.10526315789473684,2,0.0,31.58
Valtteri Bottas,2015,19,0,2,136.0,13,8.0,6.052631578947368,-1.0555555555555556,6,0.0,10.53
Valtteri Bottas,2016,21,0,1,85.0,15,9.666666666666666,8.285714285714286,-1.380952380952381,9,0.0,4.76
Valtteri Bottas,2017,20,3,13,305.0,19,3.65,3.35,-0.3,1,15.0,65.0
Valtteri Bottas,2018,21,0,8,247.0,19,5.095238095238095,4.142857142857143,-0.9523809523809523,3,0.0,38.1
Valtteri Bottas,2019,21,4,15,326.0,19,4.095238095238095,3.7142857142857144,-0.38095238095238093,3,19.05,71.43
Valtteri Bottas,2020,17,2,11,223.0,14,5.176470588235294,2.2941176470588234,-2.8823529411764706,2,11.76,64.71
Valtteri Bottas,2021,22,1,11,219.0,15,7.409090909090909,5.590909090909091,-1.8181818181818181,5,4.55,50.0
Valtteri Bottas,2022,22,0,0,47.0,9,12.090909090909092,10.454545454545455,-1.1904761904761905,11,0.0,0.0
Valtteri Bottas,2023,22,0,0,10.0,4,13.954545454545455,13.0,-0.47619047619047616,10,0.0,0.0
Valtteri Bottas,2024,24,0,0,0.0,0,15.833333333333334,14.25,-1.0869565217391304,19,0.0,0.0
Vern Schuppan,1974,7,0,0,0.0,0,18.714285714285715,14.857142857142858,5.2,7,0.0,0.0
Vern Schuppan,1975,1,0,0,0.0,0,20.0,26.0,6.0,1,0.0,0.0
Vern Schuppan,1977,4,0,0,0.0,1,16.0,16.75,10.666666666666666,4,0.0,0.0
Vic Elford,1968,7,0,0,5.0,3,12.0,14.142857142857142,2.142857142857143,7,0.0,0.0
Vic Elford,1969,5,0,0,3.0,4,8.0,11.6,3.6,5,0.0,0.0
Vic Elford,1971,1,0,0,0.0,0,11.0,18.0,7.0,1,0.0,0.0
Vic Wilson,1960,1,0,0,0.0,0,15.0,16.0,1.0,1,0.0,0.0
Vic Wilson,1966,1,0,0,0.0,0,18.0,0.0,,1,0.0,0.0
Vincenzo Sospiri,1997,1,0,0,0.0,0,23.0,23.0,0.0,1,0.0,0.0
Vitaly Petrov,2010,19,0,0,27.0,5,13.631578947368421,14.157894736842104,0.5263157894736842,12,0.0,0.0
Vitaly Petrov,2011,19,0,1,37.0,8,12.368421052631579,10.473684210526315,-1.894736842105263,12,0.0,5.26
Vitaly Petrov,2012,20,0,0,0.0,0,16.95,18.95,2.0,18,0.0,0.0
Vitantonio Liuzzi,2005,4,0,0,1.0,2,12.5,13.0,0.5,2,0.0,0.0
Vitantonio Liuzzi,2006,18,0,0,1.0,4,13.5,15.444444444444445,1.9444444444444444,17,0.0,0.0
Vitantonio Liuzzi,2007,17,0,0,3.0,2,16.0,15.647058823529411,-0.35294117647058826,15,0.0,0.0
Vitantonio Liuzzi,2009,5,0,0,0.0,0,14.4,16.0,1.6,1,0.0,0.0
Vitantonio Liuzzi,2010,19,0,0,21.0,6,14.947368421052632,15.052631578947368,0.10526315789473684,11,0.0,0.0
Vitantonio Liuzzi,2011,18,0,0,0.0,0,20.444444444444443,21.055555555555557,2.0,18,0.0,0.0
Vittorio Brambilla,1974,12,0,0,1.0,5,15.166666666666666,17.5,5.181818181818182,10,0.0,0.0
Vittorio Brambilla,1975,14,1,1,6.5,5,15.571428571428571,7.714285714285714,-7.857142857142857,12,7.14,7.14
Vittorio Brambilla,1976,16,0,0,1.0,4,15.625,9.625,-6.0,14,0.0,0.0
Vittorio Brambilla,1977,17,0,0,6.0,8,12.882352941176471,12.235294117647058,-0.6470588235294118,13,0.0,0.0
Vittorio Brambilla,1978,14,0,0,1.0,3,16.357142857142858,16.0,3.8333333333333335,14,0.0,0.0
Vittorio Brambilla,1979,3,0,0,0.0,0,16.333333333333332,13.333333333333334,8.0,3,0.0,0.0
Vittorio Brambilla,1980,2,0,0,0.0,0,20.5,20.5,0.0,2,0.0,0.0
Volker Weidler,1989,10,0,0,0.0,0,34.7,0.0,,10,0.0,0.0
Walt Ader,1950,1,0,0,0.0,0,22.0,29.0,7.0,1,0.0,0.0
Walt Brown,1950,1,0,0,0.0,0,19.0,20.0,1.0,1,0.0,0.0
Walt Brown,1951,1,0,0,0.0,0,26.0,13.0,-13.0,1,0.0,0.0
Walt Faulkner,1950,1,0,0,0.0,1,7.0,1.0,-6.0,1,0.0,0.0
Walt Faulkner,1951,1,0,0,0.0,0,15.0,14.0,-1.0,1,0.0,0.0
Walt Faulkner,1953,1,0,0,0.0,0,17.0,14.0,-3.0,1,0.0,0.0
Walt Faulkner,1954,1,0,0,0.0,0,12.0,5.0,-7.0,1,0.0,0.0
Walt Faulkner,1955,1,0,0,1.0,1,5.0,7.0,2.0,0,0.0,0.0
Walt Hansgen,1961,1,0,0,0.0,0,18.0,14.0,-4.0,1,0.0,0.0
Walt Hansgen,1963,2,0,0,0.0,0,22.5,0.0,,2,0.0,0.0
Walt Hansgen,1964,1,0,0,2.0,1,5.0,17.0,12.0,1,0.0,0.0
Warwick Brown,1976,1,0,0,0.0,0,14.0,23.0,9.0,1,0.0,0.0
Wayne Weiler,1960,1,0,0,0.0,0,24.0,15.0,-9.0,1,0.0,0.0
Will Stevens,2014,1,0,0,0.0,0,17.0,17.0,0.0,1,0.0,0.0
Will Stevens,2015,18,0,0,0.0,0,16.61111111111111,16.77777777777778,1.3529411764705883,18,0.0,0.0
Willi Heeks,1952,1,0,0,0.0,0,14.0,9.0,-5.0,1,0.0,0.0
Willi Heeks,1953,1,0,0,0.0,0,23.0,18.0,-5.0,1,0.0,0.0
Willy Mairesse,1960,3,0,1,4.0,2,9.666666666666666,9.0,-0.6666666666666666,3,0.0,33.33
Willy Mairesse,1961,3,0,0,0.0,0,18.333333333333332,17.333333333333332,-1.0,3,0.0,0.0
Willy Mairesse,1962,3,0,0,3.0,2,8.0,6.666666666666667,-1.3333333333333333,2,0.0,0.0
Willy Mairesse,1963,3,0,0,0.0,0,16.333333333333332,5.666666666666667,-10.666666666666666,3,0.0,0.0
Wilson Fittipaldi,1972,10,0,0,0.0,4,14.8,16.8,2.0,8,0.0,0.0
Wilson Fittipaldi,1973,15,0,0,3.0,3,14.266666666666667,14.533333333333333,0.26666666666666666,14,0.0,0.0
Wilson Fittipaldi,1975,13,0,0,0.0,1,19.0,17.692307692307693,6.6,13,0.0,0.0
Wolfgang Seidel,1953,1,0,0,0.0,0,16.0,29.0,13.0,1,0.0,0.0
Wolfgang Seidel,1958,3,0,0,0.0,0,18.0,18.0,0.0,3,0.0,0.0
Wolfgang Seidel,1960,1,0,0,0.0,1,9.0,13.0,4.0,1,0.0,0.0
Wolfgang Seidel,1961,5,0,0,0.0,0,24.0,14.6,1.0,5,0.0,0.0
Wolfgang Seidel,1962,3,0,0,0.0,0,20.666666666666668,13.666666666666666,3.5,3,0.0,0.0
Wolfgang von Trips,1956,1,0,0,0.0,0,25.0,0.0,,1,0.0,0.0
Wolfgang von Trips,1957,3,0,1,4.0,3,5.333333333333333,9.333333333333334,4.0,3,0.0,33.33
Wolfgang von Trips,1958,6,0,1,9.0,5,8.0,10.0,2.0,4,0.0,16.67
Wolfgang von Trips,1959,2,0,0,0.0,1,10.0,9.0,-1.0,2,0.0,0.0
Wolfgang von Trips,1960,9,0,0,10.0,8,7.0,9.11111111111111,2.111111111111111,8,0.0,0.0
Wolfgang von Trips,1961,7,2,4,33.0,5,8.142857142857142,3.142857142857143,-5.0,3,28.57,57.14
Yannick Dalmas,1987,3,0,0,0.0,2,9.333333333333334,22.0,12.666666666666666,3,0.0,0.0
Yannick Dalmas,1988,14,0,0,0.0,4,15.071428571428571,18.714285714285715,6.153846153846154,14,0.0,0.0
Yannick Dalmas,1989,15,0,0,0.0,0,32.2,1.7333333333333334,0.0,15,0.0,0.0
Yannick Dalmas,1990,16,0,0,0.0,1,26.1875,7.6875,8.0,16,0.0,0.0
Yannick Dalmas,1994,2,0,0,0.0,0,17.5,23.0,5.5,2,0.0,0.0
Yuji Ide,2006,4,0,0,0.0,0,17.25,20.75,3.5,4,0.0,0.0
Yuki Tsunoda,2021,22,0,0,32.0,7,13.181818181818182,11.5,-0.2,15,0.0,0.0
Yuki Tsunoda,2022,22,0,0,12.0,4,14.590909090909092,12.227272727272727,-1.1,14,0.0,0.0
Yuki Tsunoda,2023,22,0,0,14.0,6,13.181818181818182,13.818181818181818,0.6363636363636364,8,0.0,0.0
Yuki Tsunoda,2024,24,0,0,29.0,9,13.166666666666666,11.083333333333334,-2.0833333333333335,15,0.0,0.0
Yves Cabantous,1950,4,0,0,3.0,2,11.0,6.75,-4.25,4,0.0,0.0
Yves Cabantous,1951,6,0,0,2.0,3,11.166666666666666,12.166666666666666,1.0,6,0.0,0.0
Yves Cabantous,1952,1,0,0,0.0,1,10.0,10.0,0.0,1,0.0,0.0
Yves Cabantous,1953,2,0,0,0.0,0,14.5,23.0,8.5,2,0.0,0.0
Zsolt Baumgartner,2003,2,0,0,0.0,0,13.5,18.5,5.0,2,0.0,0.0
Zsolt Baumgartner,2004,18,0,0,1.0,3,15.5,18.77777777777778,3.2777777777777777,18,0.0,0.0
Élie Bayol,1952,1,0,0,0.0,0,24.0,10.0,-14.0,1,0.0,0.0
Élie Bayol,1953,2,0,0,0.0,0,23.0,14.0,-9.0,2,0.0,0.0
Élie Bayol,1954,1,0,0,2.0,1,5.0,15.0,10.0,1,0.0,0.0
Élie Bayol,1955,2,0,0,0.0,0,15.0,15.5,0.5,2,0.0,0.0
Élie Bayol,1956,1,0,0,0.0,1,6.0,11.0,5.0,1,0.0,0.0
Éric Bernard,1989,2,0,0,0.0,0,13.5,14.0,0.5,2,0.0,0.0
Éric Bernard,1990,16,0,0,5.0,7,14.0625,15.6875,1.625,14,0.0,0.0
Éric Bernard,1991,15,0,0,1.0,2,20.466666666666665,17.266666666666666,0.6923076923076923,15,0.0,0.0
Éric Bernard,1994,14,0,1,4.0,7,11.928571428571429,18.642857142857142,6.714285714285714,13,0.0,7.14
Érik Comas,1991,16,0,0,0.0,4,16.0,18.5625,9.538461538461538,16,0.0,0.0
Érik Comas,1992,16,0,0,4.0,8,13.6875,12.875,1.1333333333333333,15,0.0,0.0
Érik Comas,1993,16,0,0,1.0,6,14.3125,16.875,2.5625,16,0.0,0.0
Érik Comas,1994,15,0,0,2.0,7,15.066666666666666,19.666666666666668,4.6,14,0.0,0.0
Óscar González,1956,1,0,0,0.0,1,6.0,13.0,7.0,1,0.0,0.0
